_	a	determiner			lehilahy sy vehivavy	a man and a woman
adala	fool	noun			adala	Fool! Dimwit!
adihevitra	argument	noun			adihevitra maro	many arguments
adiresy	address	noun			adiresinao	your address
adiresy	address	noun			adiresy anao	your address
ady	battle	noun			ho any an'ady isika	we are going to battle
afo	fire	noun			areheto ny afo	light the fire
Afrika	Africa	noun			tsidio Afrika	visit Africa
Afrikana	African	noun			Afrikana aho	I am an African
ahiahy	doubt	noun			manana ahiahy izy	she has doubts
aho	I	pronoun		used to indicate oneself	mihinana aho	I eat
ahoana	why	adverb			ahoana izao?	why so?
ainga vaovao	revival	noun			misy ainga vaovao eto an tanàna	revival has come to town 
aiza	where	adverb			aiza ianao no mipetraka	where do you live?
akalana	stool	noun			mipetraha eo amin'ny akalana	sit on the stool
Akan	Akan	noun		a language group originating from West Africa	Miteny akan aho	I speak Akan
akanjo	dress	noun			akanjo manga	blue dress
akanjo	cloth	noun			manaova akanjo	wear cloth
akoho	chicken	noun			henan'akoho	chicken meat
akoholahy	cockerel	noun			maneno ny akoholahy	a cockerel is crowing
akondro	banana	noun			tian'ny rajako	a monkey likes bananas
akondro manta	plantain	noun			akondro manta sy mangahazo	plantain and cassava
akora	shell	noun			akoran'ny foza	shell of a crab
ala	forest	noun			biby any an'ala	animals in the forest
ala	forest	noun			biby ao an'ala	animals in the forest
Alahady	Sunday	noun			Miasa ny Alahady i Kwasi sy Akosua	Kwasi and Akosua are Sunday children
alahelo	disgrace	noun			henatra sy alahelo	shame and disgrace
alahelo	grief	noun			mamono ahy ny alahelo	grief is killing me
alaivo	get	verb			alaivo ny boky	get the book
Alakamisy	Thursday	noun			Alakamisy ho an'ny ankizy	Thursday children
Alarobia	Wednesday	noun			Alarobia ho an'ny ankizy	Wednesday children
Alatsinainy	Monday	noun			Alatsinainy ho an'ny ankizy	Monday children
alika	dog	noun			mivovo ny alika	a dog barks
aliminioma	aluminium	science			manana protona 13 ny Aliminioma (Al)	aluminium (Al) has 13 protons
alina	night	noun			amin'ny valo ora alina	8 o'clock in the night
aloha	early	adverb			tongava aloha	come early
aloka	shade	noun			mipetraka eto  amin'ny aloka aho	I am sitting under the shade
ambadika	back	noun		rear or reverse surface of a thing	ambadiky ny varavarana	the back of the door
amboadia	wolf	noun			amboadia roa	two wolves
ambony	up	adverb			mijere ambony	look up
amponga	drum	noun			henoko ny amponga	I hear the drums
amponga	cymbal	noun			lalaovy ny amponga	play the cymbals
amponga	gong gong	noun			velezo ny amponga	play the gong gong
an-tokotany	outdoors	noun			mandehana any an-tokotany	go outdoors
anabavy	sister	noun			ny anabavy ko tokana	my only sister
anadahy	brother	noun			ny anadahy ko tokana	my only brother
ananana	owe	verb			anananao aho	I owe you
anao	your	possessive		2nd person singular possessive pronoun	tranonao	your house
anarana	name	noun			anarako	my name
anay	us	pronoun			asehoy anay	show us
andeha	let	verb			andeha hanangana tarika isika	let us found a group
andraikitra	responsibility	noun			andraikitrao izany	it is your responsibility
andramo	taste	verb			andramo ny sakafo	taste the food
andriamanitra	god	noun			andriamanitra azo itokiana	dependable god
andriamatoa	sir	noun			misaotra Andriamatoa	I thank you sir
andro	day	noun			tonga ny andro	the day has arrived
androngo	lizard	noun			mihinana bozaka ny androngo	a lizard eats grass
angady	hoe	noun			angady sy antsy	hoe and cutlass
angano	fable	noun			tsy mino angano ny hafa	one does not believe fables
Anglisy	English	noun			miteny Anglisy aho	I speak English
anio	today	adverb			tonga anio izy	she arrives today
anjara	share	noun			aiza ny anjarako	where is my share?
anjomara	horn	noun		musical instrument with deep voice	mozika anjomara	horn music
anjomara	horn	noun		musical instrument with deep voice	anjomaran'ny mozika	horn music
anjomaran'ady	warhorn	noun			tsofy ny anjomaran'ady	blow the warhorn
ankasa	even	mathadj			isa ankasa ny roa	2 is an even number
ankihibe	thumb	noun			ampiasao ny ankihibenao rehefa  hifidy	use your thumb to vote
ankihibe	thumb	noun			ampiasao ny ankihibenao rehefa mifidy	use your thumb to vote
antenimiera	parliament	noun			fidio ho any amin'ny antenimiera izy	elect her to go to parliament
antitra, tranainy	old	adjective			vilany antitra, tranainy	old pan
antokotany	outside	noun			mandehana any antokotany	go outside
antony	reason	noun			misy antony ny zavatra rehetra	everything has a reason
antsasany	half	noun		one out of two equal divisions	iray sy antsasany	one and half
antsika	our	possessive			ny trano antsika	our house
antsy	cutlass	noun			omeo  ahy ny antsy	give me the cutlass
antsy	knife	noun			mandranitra antsy	sharpen a knife
any	there	noun		that place	eto sy any	here and there
Aogositra	August	noun			misy iraika amby telopolo andro ny volana aogositra	August has 31 days
aoriana	back	noun		rear or reverse surface of a thing	aorian'ny varavarana	the back of the door
aotra	zero	adjective		A number that indicates nothingness; 0	aotra ka hatramin'ny sivy	From zero to nine
aponga tapaka	talking drum	noun			aponga tapaka efatra	four talking drums
Aprily	April	noun			misy telopolo andro ny  volana Aprily	April has 30 days
arahabaina	congratulations	noun			arahabaina ary tena tsara	congratulations and well done
aretin'andoha	headache	noun			fanafodin'ny aretin'andoha	headache medicine
aretina	disease	noun			sitrano ny aretina	heal disease
aretina	sickness	noun			inona ny aretinao	what sickness have you?
argona	argon	science			Misy protona 18 ny Argona (Ar)	argon (Ar) has 18 protons
arina	charcoal	noun			gonin'arina	sack of charcoal
arivo	thousand	adjective		the number 1000	tavoahangy arivo	thousand bottles
aro orana	coat	noun			manao aro orana izy	she is putting on a coat
asa	work	noun			te hanao izay asa haiko aho	I want work I would do
asa	working	noun			tsy haitraitra ny miasa	working is not trivial
asa	job	noun			mila asa aho	I need a job
Asabotsy	Saturday	noun		day of the week	Asabotsy ho an'ny ankizy	Saturday children
aterineto	internet	noun			tambazotran'ny aterineto	internet link
atin'akanjo	bodice	noun			manao atin'akanjo izy	she wears a bodice
atody	egg	noun			atody akoho	chicken egg
atoma	atom	science			manana nucleosy sy elektrona ny atoma	an atom has a nucleus and electrons
aty	liver	noun			manana aty ny alika	a dog has a liver
azy	hise	pronoun		his	azy io zavatra io	this thing is his
azy	him	pronoun			asehoy azy	show him
azy ireo	them	pronoun			asehoy azy ireo	show them
bà kiraro	sock	noun			manao bà kiraro ianao	you are wearing socks
banky	bank	noun			any amin'ny banky ny volako	my money is at the bank
baolina	ball	noun			milalao baolina	play ball
baolina fingotra	balloon	noun			baolina fingotra roa	two balloons
baolina kitra	soccer	noun			fifaninanana baolina kitra	football competition
baranjely	eggplant	noun			baranjely sy tavinkena	eggplant stew
barika	gallon	noun			barikan-drano	a gallon of water
barika	barrel	noun			fenoy ny barika	fill up the barrel
Benin	Benin	noun		A country in Africa	mandehana any Benin	go to Benin
berilioma	beryllium	science			misy protona 4 ny berilioma (Be)	beryllium (Be) has 4 protons
bibikely	insect	noun		an animal with 6 legs	bibikely ny kadradraka	a cockroach is an insect
bibilava	snake	noun			tsy misy tongotra ny biblava	a snake has no legs
birao	office	noun			ny biraon'ny reniko	the office of my mother
bisikileta	bicycle	noun			bisikileta vaovao	new bicycle
bitro	rabbit	noun			bitro fotsy iray	a white rabbit
boaty	box	noun			lehibe kokoa ny boaty A	box A is bigger than box B
bodofotsy	blanket	noun			bodofotsy lena	wet blanket
boky	book	noun			ity boky ity	this book
borona	boron	science			misy protona 5 ny borona (B)	boron (B) has 5 protons
borosy nify	toothbrush	noun			borosy nify sy	toothbrush and toothpaste
bozaka	grass	noun			mitsako bozaka  ny omby	a cow chews grass
Burkina Faso	Burkina Faso	noun		A country in Africa	mandehana any Burkina Faso	go to Burkina Faso
Congo	Congo	noun			mandehana any Congo	go to Congo
Côte d'Ivoire	Cote d'Ivoire	noun		A country in Africa	Mandehana any Côte d'Ivoire	go to Cote d'Ivoire
dadatoa	uncle	noun			dadatoa Kofi	uncle Kofi
daty	date	noun			inona no daty androany?	which date is today?
dentifrisy	toothpaste	noun			borody nify sy dentifrisy	toothbrush and toothpaste
dera	praise	noun			mendrika azy ny dera	she deserves praise
Desambra	December	noun			misy 31 andro ny volana desambra	December has 31 days
dia	be	verb		used to indicate state of being. Has different forms depending on the subject person: I am, you are, she/he/it is, we are, they are	Ianao dia olona manan-kaja	You are an important person
diera	deer	noun			tia ny henan'ny diera ny liona	a lion likes deer meat
dimampolo	fifty	adjective		the number 50	tavoahangy dimampolo	fifty bottles
dimy	five	adjective		The number 5	tavoahangy dimy	Five bottles
dimy ambin'ny folo	fifteen	adjective		the number 15	tavoahangy dimy ambin'ny folo	fifteen bottles
dimy lafy	pentagon	noun			manana zoro dimy ny dimy lafy	a pentagon has five angles
dipoavatra	pepper	noun			masiaka ny dipoavatra	the pepper burns
dite	tea	noun			mamy ny dite	the tea is sweet
divay	wine	noun			misotro divay mamy izahay	we are drinking sweet wine
drakaka	crab	noun			lasopy amin'ny drakaka	crab soup
dray	wow	exclamation			dray! misaotra!	wow! thank you!
ebola	ebola	noun			aretina ny ebola	ebola is a disease
efapolo	forty	adjective		the number 40	tavoahangy efapolo	forty bottles
efatra	four	adjective		The number 4	misy tavoahangy efatra eo amin'ny rindrina	There are four bottles on the wall
efatra ambin'ny folo	fourteen	adjective		the number 14	tavoahangy efatra ambin'ny folo	fourteen bottles
efitrano	room	noun			maroey ao amin'ny efitrano izy	she is sleeping in the room
efitrano fandraisam-bahiny	hall	noun			mipetraka ato amin'ny efitrano fandraisam-bahiny izahay	we are sitting in the hall
efitrano fandriana	bedroom	noun			misy efitrano fandriana roa ilay trano	the house has two bedrooms
elatra	wing	noun			misy elatra ny voromailala	a dove has wings
elefanta	elephant	noun			tena lehibe ny elefanta	an elephant is very big
elektrona	electron	science			manana fahana -1 ny elektrona	an electron has a charge of -1
elo	umbrella	noun			mipetraha eo ambanin'ny elo	sit under the umbrella
endrika	face	noun			jereo ny endriko	look at my face
enimpolo	sixty	adjective		the number 60	tavoahangy enimpolo	sixty bottles
enin-dafy	hexagon	noun		a polygon with six angles	manana zoro enina ny enin-dafy	a hexagon has six angles
enina	six	adjective		The number 6	tavoahangy enina	six bottles
enina ambin'ny folo	sixteen	adjective		the number 16	tavoahangy enina ambin'ny folo	sixteen bottles
eny	yes	exclamation			miteny eny aho	I say yes
erantany	world	noun			ankizy erantany	children of the world
eritreritra	thought	noun			eritreritrao	your thoughts
eritreritra	mind	noun			eritreriny	her mind
esory	shake	verb			esory ny havizanana	to shake the tiredness off
eto	here	noun		this place or this position	mandehana manomboka eto	go from here
eto	here	adverb			tsindrio eto	click here
ezaka	effort	noun			ezaka tsara	a good effort
fahadisoam-panantenana	deception	noun			fahadisoam-panantenana sy fifandirana	deception and discord
fahadisoana	mistake	noun			manao fahadisoana ny olona tsirairay	everyone makes mistakes
fahafahana	freedom	noun			fahafahana sy fahamarinana	freedom and justice
fahagagana	wonder	noun			fahagagana sy fitiavana	wonder and love
fahaiza-manao	skill	noun			mananan fahaiza-manao tsara izy	she has good skills
fahaiza-manao	skill	noun			manana fahaiza-manao izy	she has good skills
fahalalahana	disposition	noun			fahafahan'ny olona	a person's disposition
fahalalana	knowledge	noun			ny fahalalana rehetra  eran-tany	all knowledge in the world
fahalemena	weakness	noun			amin'ny fahalemeny	in her weakness
fahaleovantena	independence	noun			fetin'ny fahaleovan-tena	independence day
fahamaizinana	darkness	noun			mitondra fahamaizinana ny alina	night brings darkness
fahamarinana	justice	noun			fahafahana sy fahamarinana	freedom and justice
fahana	charge	science			manana fahana miabo sy fahana miiba  ny herinaratra	electricity has positive charge and negative charge
fahantrana	poverty	noun			fahantrana sa harena	poverty or wealth
faharatsian-toetra	wickedness	noun			ny fahihiranao sy ny faharatsian-toetranao	your stinginess and your wickedness
faharesena	defeat	noun			fandresena sy faharesena	victory and defeat
faharesena	determination	noun			fandresena sy faharesena	we will do it with determination
faharetana	patience	noun			fitiavana sy faharetana	love and patience
faharetany	duration	noun			efapolo ora ny faharetany	forty-hour duration
fahasalamana	health	noun			manome fahasalamana ny sakafo	food gives health
fahavalo	rival	noun			fahavaloko izy	she is my rival
fahavalo	enemy	noun			ho reraka ny fahavalo	enemies will tire
fahaverezandrà	bleeding	noun			ajanony ny fahaverezandrà	stop the bleeding
fahazarana	habit	noun			fahazaran-dratsy	bad habit
fahefana	power	noun			hery sy fahefana	strength and power
fahendrena	wisdom	noun			hery sy fahendrena	strength and wisdom
fahitalavitra	television	noun			mandefa ny fahitalavitra	switch on the television
fakan-tsary	camera	noun			fitaratry ny fakan-tsary	lens of a camera
fako	rubbish	noun			ario ny fako	throw away the rubbish
fako	trash	noun			ario ny fako	throw away the trash
fako	junk	noun			misy fako ao amin'ny efitrano	there is junk in the room
faly	happy	adjective			andro mahafaly  anio	today is a happy day
famakiamboky	library	noun			ho any amin'ny famakiamboky isika	we will go to the library
famataranandro	clock	noun		a free-standing device which tells the time	lazao ahy ny ora eo amin'ny famataranandro	tell me the time on the clock 
famataranandro	watch	noun		a wearable device for telling the time	famataranandro kely	a small watch
fambolena	farm	noun			fambolena kakao	cocoa farm
famelan-keloka	forgiveness	noun			fitiavana, fanekena ary famelan-keloka	love, acceptance and forgiveness
famindrampo	leniency	noun			anehoy famindrampo izy	show him leniency
famonoana olona	murder	noun			fifosana sy famonoana olona	gossip and murder
famoretana	oppression	noun			famoretana izany!	such oppression!
famoronana	creation	noun			ny famoronana rehetra	all creation
famosaviana	witchcraft	noun			mampiasà famosaviana	practise witchcraft
fampianarana	education	noun			fahasalamana sy fampianarana	health and education
fampisehoana	event	noun			nanomboka ny fampisehoana	the event has started
fampitandremana	warning	noun			henoy ny fampitandremana	listen to the warning
fampitomboana	multiplication	noun			2x1=2; fampitomboana io	2 x 1 = 2; this is multiplication
fanadinana	exam	noun			mora ny fanadinana	the exam is easy
fanadinoana	forgetfulness	noun			ny fanadinoany	her forgetfulness
fanafody	medicine	noun			fanafody mangidy	bitter medicine
fanahiana	worry	noun			fanahiana maro	many worries
fanahy	soul	noun			mifaly ny fanahiko	my soul exults
fanaintainana	suffering	noun			tahotra sy fanaintainana	fear with suffering
fanaintainana	pain	noun			etony fanaintainana	the pain is here
fanajana	respect	noun			mampiseho fanajana	show respect
fanalahidy	lock	noun			fanalahidy dimy	five locks
fanalahidy	key	noun			varavarana sy fanalahidy	door and key
fanambadiana	marriage	noun			fanambadiana tsara	good marriage
fanambadiana	wedding	noun			hantrika fanambadiana izahay	we are going to a wedding
fanambaràna	revelation	noun			manana fanambaràna izy	he had a revelation
fanambarana	proclamation	noun			fanambarana ny zon'olombelona	proclamation of the rights of humankind
fanampiana	blow	noun			omeo fanampiana izy	give him a blow
fanampiana	help	noun			mila fanampiana ny olona rehetra	everyone needs help
fanantenana	hope	noun			manana fanantenana aho	I have hope
fanaratsiana	insult	noun			fanaratsiana maro	many insults
fanariam-pako	dustpan	noun			kifafa sy fanariam-pako	broom and dustpan
fanatitra	sacrifice	noun			manaova fanatitra	offer a sacrifice
fanaviana	fever	noun			misy fanaviana izy	she has a fever
fandevenana	funeral	noun			hanatrika fandevenana aho	I am going to a funeral
fandovana	inheritance	noun			takio ny fandovanao	claim your inheritance
fandresena	victory	noun			fandresena sy faharesena	victory and defeat
fandriampahalemana	peace	noun			mila fandriampahalemana aho	I want peace
fandriana	bed	noun			matory eo am-pandriana	sleep on the bed
fandrosoana	development	noun			fandrosoana tsara	good development
fandrosoana	progress	noun			mahita fandrosoana aho	I see progress
fanelingelenana	bother	noun			fanelingelenana be loatra	too much bother
fanetren-tena	humility	noun			naneho fanetren-tena ianao	you show humility
faneva	flag	noun			faneva mavo	yellow flag
fangatahana	application	noun			fangatahana asa	job application
fanindronana	syringe	noun			fanindronan'ny mpitsabo mpanampy	a nurse's syringe
fanisanandro	calendar	noun			fanisanadro vaovao	a new calendar
fanjaitra	needle	noun			kofehy sy fanjaitra	string and needle
fanjakana	state	noun			jereo ny fanjakana mampalahelontsika	look at our pitiful state
fanjakana	realm	noun			vaovaon'ny fanjakna	news of the realm
fankahalana	hatred	noun			tsy misy fanafana ny fankahalana	hatred has no cure
fankaherezana	encouragement	noun			fankaherezana sy fifaliana	encouragement and joy
fanolorana	preface	noun			teny fanolorana	book preface
fanomanana	preparation	noun			manao fanomanana	make preparation
fanomezana	gift	noun			fanomezana tsara	a good gift
fanontaniana	question	noun			manana fanontaniana aho	I have a question
fantsona	pipe	noun			fantson-drano	pipe water
fantsondrano	gutter	noun			misy rano ao amin'ny fantsondrano	there is water in the gutter
farany	end	noun			tonga ny farany	the end has come
faribolana	circle	noun		a circle has an infinite number of angles	faribolana telo	three circles
fasian-drano	pail	noun			fasian-drano sy savony	pail and soap
fasika	sand	noun			fasika amorondrano	beach sand
fatana	stove	noun			fatana mandeha amin'ny entona	gas stove
fe	buttocks	noun			fe lehibe	big buttocks
Febroary	February	noun			misy 28 na 29 andro ny volana febroary	February has 28 or 29 days
fefy	fence	noun			ao ambadiky ny fefy	behind a fence
fehezanteny	sentence	noun			teny mitambatra no manome fehezanteny	words join to make sentences
fehikibo	belt	noun			fehikibo mainty	black belt
fehitenda	headscarf	noun			afatory ny fehitenda	tie a headscarf
feno	full	adjective			tavindrano feno	full bucket
feo	voice	noun			ampidino ny feonao	soften your voice
feo	sound	noun			feo mafy	loud sound
fery	sore	noun			milelakany feriny ny alika	the dog is licking its sore
fety	party	noun			handeha ho any amin'ny fety aho	I am going to a party
fiaina	breath	noun			tazony ny fiainanao, makà aina	collect your breath; rest
fiainana	life	noun			iaino tsara ny fiainanao	live your life well
fialofana	refuge	noun			fialofanay	our refuge
fianakaviana	family	noun			fianakaviana vaovao	new family
fiangonana	service	noun			fiangonana fisaorana	thanksgiving service
fiangonana	church	noun			mandehana any am-piangonana	go to church
fianianana	oath	noun			fianianana lehibe	great oath
fiantsonana	station	noun			fiantsonan'ny fiaran-dalamby	train station
fiara	car	noun			mitondra fiara	drive a car
fiara fitateram-bahoaka	bus	noun			fijanonan'ny fiara fitateram-bahoaka	bus stop
fiara fitateram-bahoaka	bus	noun			fijanona'ny fiara fitateram-bahoaka	bus stop
fiara vaventy	lorry	noun			fijanonan'ny fiara vaventy	lorry stop
fiarabe	van	noun			fenoy ny fiarabe	board a van
fiarakaretsaka	taxi	noun			iantsoy fiarakaretsaka aho	call me a taxi
fiaramanidina	aeroplane	noun			fiaramanidina roa	two aeroplanes
fiaramanidina	plane	noun		aeroplane, airplane	miakara ao @ fiaramanidina	board a plane
fiaran-dalamby	train	noun			fiaran-dalamby vaovao	new train
fiarovan-doha	headgear	noun			anaovy ny fiarovan-doha	put on headgear
fiarovana	protection	noun			omeo fiarovana aho	give me protection
fifaliana	happiness	noun			tonga ny fifaliana	happiness has arrived
fifaliana	happy	adjective			androm-pifaliana androany	today is a happy day
fifamaliana	quarrel	noun			fifamaliana lehibe	a big quarrel
fifamaliana	squabbles	noun			fifamaliana sy fanaratsiana	squabbles and insults
fifandirana	friction	noun			nisy fifandirana teo aminay	friction came between us
fifandirana	discord	noun			lainga sy fifandirana	lies and discord
fifandrafiana	rivalry	noun			ajanony ny fifandrafiana	stop the rivalry
fifandraisana	link	noun			fifandraisana amin'ny aterineto	Internet link
fifaninanana	competition	noun			fifaninanana adibaolina	football competition
fifaninanana	race	noun			fifaninanana hazakazaka	run a race
fifankahalana	enmity	noun			fankahalana lehibe	great enmity
fifidianana tavan'olona	favouritism	noun			ajanony ny fifidianana tavan'olona	stop the favouritism
fifosana	gossip	noun			tsy tsara ny fifosana	gossip is not good
fihobiana	exultation	noun			hiram-pihobiana	songs of exultation
fihogo	comb	noun			mampiasà  fihogo raha hihogo ny volonao ianao	use a comb to comb your hair
fijanonana	stop	noun			fijanonan'ny fiara fitateram-bahoaka	bus stop
fikambanana	group	noun			andeha ahnorina fikambanana isika	let us found a group
fikambanana	association	noun			tongava amin'ny fivorian'ny fikambanan-dehilahy	come to the men's association meeting
fikotrehana	coop	noun			fikotrehan'ny akohovavy	hen coop
filahiana	penis	noun			tsy miteny 'filahiana' eny imasombahoaka ianao	you don't say 'penis' in public
filaminana	comfort	noun			omeo filaminana aho	give me comfort
filazana	announcement	noun			vakio ny filazana	read the announcement
filoha	president	noun			tonga ny filoha	the president has arrived
finday	phone	noun			finday ny	her phone
finday	telephone	noun			tranon'ny finday	house telephone
finoana	faith	noun			finoana sy fandriampahalemana	faith and peace
firaisana	unity	noun			firaisana sy fihavanana	unity and peace
firaka	lead	science			manana protona 82 ny firaka (Pb)	lead (Pb) has 82 protons
firenena	nation	noun			firenenao	your nation
fitadiavam-bola	business	noun			fitadiavam-bola sy politika	business and politics
fitadidiana	memorization	noun			tsara ny fitadidiana sasany	some memorization is good
fitafiana	clothes	noun			mividy fitafiana	buy clothes
fitantanana	governance	noun			fitantanana tsara	good governance
fitantavanana	collander	noun			ampiasao ny fitantavanana hanamainana ny vary	use the collander to drain the rice
fitaovam-pihainoana	earpiece	noun			fitaovam-pihainoana vaovao	new earpiece
fitaovana	machine	noun			fitaovana vaovao	new machine
fitarainana	wailing	noun			tomany sy fitarainana	crying and wailing
fitaratra	lens	noun			fitaratry ny fakantsary	lens of a camera
fitaratra	mirror	noun			fitaratra lehibe	big mirror
fitarihana	attire	noun			tsara ny fitarihanao	your attire is beautiful
fiteny	language	noun			fiteny marobe	many languages
fitiavan-tena	selfishness	noun			tsy tsara ny fitiavan-tena	selfishness is not good
fitiavana	love	noun			fitiavana sy fandriampahalemana	love and peace
fito	seven	adjective		The number 7	tavoahangy fito	seven bottles
fito ambin'ny folo	seventeen	adjective		the number 17	tavoahangy fito ambin'ny folo	seventeen bottles
fitolafy	heptagon	noun			misy zoro fito ny fitolafy	a heptagon has seven angles
fitopolo	seventy	adjective		the number 70	tavoahangy fitopolo	seventy bottles
fitsanganana amin'ny maty	resurrection	noun			fitsanganan'i Kristy amin'ny maty	the resurrection of Christ
fitsapana	test	noun			sarotra ny fitsapana	the test is difficult
fitsarana	court	noun			ho any amin'ny fitsarana aho	I am going to court
fitsarana	judgement	noun			fitsarana inona	which judgement?
fitsingerenan'ny andro nahaterahan	birthday	noun			fitsingerenan'ny andro nahaterahako androany	today is my birthday
fitsiriritana	covetuousness	noun			tsy tsara ny fitsiriritana	covetuousness is not good
fivoriana	meeting	noun		a gathering of a group to talk about something	foano ny fivoriana	cancel the meeting
fivoy	paddle	noun			lakana sy fivoy	canoe and paddle
fizahanteny	dictionary	noun			fizahanteny misy sary	picture dictionary
fizarana	division	noun			2/1=2; fizarana io	2/1 = 2; this is division
fizika	physics	noun		the study of the laws of the universe	mianatra fizika izahay	we are learning physics
fliora	fluorine	science			misy protona 9 ny fliora (F)	fluorine (F) has 9 protons
fo	heart	noun			tsara fo	good heart
foana	empty	adjective			tavindrano foana	empty bucket
fofona	smell	noun			maheno fofona aho	I sense a smell
fohy	short	adjective			lehilahy fohy	short man
folo	ten	adjective		the number 10	tavoahangy folo	ten bottles
fololafy	decagon	noun			manana zoro folo ny fololafy	a decagon has ten angles
fomba	manner	noun			mahavariana ny fombany	his manner is amusing
fonenana	habitat	noun			fonenan'ny biby	habitat of animals
fonja	jail	noun			mandehana any am-ponja	go to jail
fosa	wolf	noun			fosa roa	two wolves
fosiforo	phosphorus	science			misy protona 15 ny fosiforo (P)	phosphorus (P) has 15 protons
fotaka	mud	noun			sasao ny fotaka	wash the mud
fotoana	moment	noun			tapitra ny fotoana	the moment is up
fotoana	time	noun			tapitra ny fotoana	the time is up
fototra	foundation	noun			fototry ny trano	foundation of the house
fotsy	white	adjective			trano fotsy	white house
GaDangme	GaDangme	noun		Ga. A West African people; their language	miteny GaDangme aho	I speak GaDangme
gana	duck	noun			gana fotsy	white duck
ganagana	duck	noun			ganagana fotsy	white duck
garazy	garage	noun			garazin'ny fiara	car garage
gazety	paper	noun			gazety androany	today's paper
Gbe	Gbe	noun			fiteny Gbe	Gbe language
Ghana	Ghana	noun		a country in Africa	Ganeana no fiantso ny mponina avy any Ghana	people from Ghana are called Ghanaians
governemanta	government	noun			governemantan'i Nkrumah	Nkrumah's government
grama	gramme	noun			folo grama	ten grammes
haavo	height	noun			haao sy ny sakany	height and width
habe	shape	noun			ny haben'ny trano	the shape of the house
habetsahana	quantity	noun			habetsahan'ny sakafo	quantity of the food
hadalana	folly	noun			hadalana fotsiny izany	it is just folly
hadiry	volume	math		a quantity that represents the size of a container	hadiry (goba) = halavany x sakany x hahavony	volume(cube) = length x width x height
hadiry	volume	noun			akaro ny hadiry	turn up the volume
hafatra	message	noun			rehefa tonga ny hafatra	when the message arrived
hafetsena	trick	noun			ajanony ny hafetsena	stop the tricks
haihay	biology	noun		the study of living things	mianatra haihay izahay	we are learning biology
haingana	quickly	adverb			mandeha haingana ianao	you walk quickly
hala	spider	noun			tranon-kala	spider's web
halatra	burglary	noun			nitombo ny halatra	burglary is increasing
halava	length	noun			haavo, sakany sy halava	height, width and length
handrina	forehead	noun			jereo ny handriny	look at her forehead
hanitra	fragrance	noun			hanitry ny	the fragrance of sheabutter
hanoanana	hunger	noun			hanoanana sy hetaheta	hunger and thirst
harena	prosperity	noun			fandriampahalemana sy harena	peace and prosperity
hareza	razor	noun			ranito ny hareza	sharpen the razor
hariva	evening	noun			sakafo hariva	evening meal; dinner
hariva	nightfall	noun			maraina sy hariva	daybreak and nightfall
hariva	sunset	noun			manomboka maraina hatramin'ny hariva	from sunrise to sunset
harona	bag	noun			jereo ny harona	look at the bag
harona	basket	noun			mitondrà harona	carry a basket
hatezerana	anger	noun			tonio ny fahatezeranao	calm your anger
hatotanany	wrist	noun			tazony ny hatotanany	hold her wrist
hatramin'ny	to	preposition			manomboka eto ka hatrany	from here to there
hatsarana	beauty	noun			hatsarana sy fitiavana	beauty and love
Hausa	Hausa	noun			Fiteny Hausa	Hausa language
havam-bady	inlaw	noun			ny havam-badintsika	our inlaws
havana	relative	noun			havana izy	he is a relative
havoana	hill	noun			tampon'ny havoana	hill top
havoana	valley	noun			havoana sy lohasaha	hills and valleys
hazo	tree	noun			mamboly hazo	plant a tree
hazofisaka	plank	noun			hazofisaka sy fantsika	plank and nail
helika	armpit	noun			helika maimbo	smelly armpit
helioma	helium	science			misy protona 2 ao amin'ny helioma (He)	helium (He) has 2 protons
hena	meat	noun			henan'osy	goat meat
henatra	shame	noun			henatra sy alahelo	shame and disgrace
henatra	shyness	noun			tsy manan-kenatra izy	he has no shyness
herinandro	week	noun			ity herinandro ity	this week
herinaratra	electricity	science			misy ny herinaratra rehefa  misy ny fifindran'ny fahana avy amin'ny toerana iray ho amin'ny toerana vaovao iray	electricity is when charges go from one place to a new place
herintsaina	courage	noun			manana herintsina izy	she has courage
hery	energy	science			azonao ovana ho hery ny lanja	you can change mass into energy
hery	strength	noun			hery sy fahefana	strength and power
hetaheta	thirst	noun			hanoanana sy hetaheta	hunger and thirst
hetra	levy	noun			aloavy ny hetra	pay a levy
hetraketraka	sabotage	noun			hetraketraka izany	this is sabotage
hety	scissors	noun			omeo hety aho	give me the scissors
hidrozena	hydrogen	science			misy protona 1 ao amin'ny hidrozena (H)	hydrogen (H) has 1 proton
hisatra	brake	noun			hisatry ny fiara	brake of a car
hoavy	future	noun			mahita ho avy mamirapiratra ho anao aho	I see luxury in your future
hoditr'ombivavy	cowhide	noun			waache sy hoditr'ombivavy	waache and cowhide
hoditra	skin	noun			hoditra maina	dry skin
hoho	nail	noun		a horny covering of the ends of animal fingers and toes	hohon-tanana sy hohon-tongotra	finger and toe nails
holatra	mushroom	noun			lasopy holatra	mushroom soup
holatra	scar	noun			misy holatra ny takolany	her cheek has a scar
hopitaly	hospital	noun			mandehana any amin'ny hopitaly	go to a hospital
horohorontany	earthquake	noun			horohorontany izany	it is an earthquake
horonantsary	video	noun			jereo ny horonantsary	watch the video
hosoka	falsification	noun			lainga sy hosoka	lies and falsifications
hozatra	joint	noun			henjano ny hozatrao	stretch your joints
hydrozena	hydrogen	noun			fiara mandeha @ hydrozena	hydrogen car
ianao	you	pronoun		second person singular subject pronoun. Used to indicate one person being addressed	mihinana ianao	you eat
ianareo	yous	pronoun		Also written as "you". second person plural subject. Used to indicate people being addressed.	mihinana ianareo	yous eat
Igbo	Igbo	noun			fiteny Igbo	Igbo language
ihany	self	noun			izaho ihany; ianao ihany	myself, yourself
imasom-bahoaka	public	noun			tsy azonao lazaina imasom-bahoaka ny teny hoe "lalan-jaza"	you don't say 'vagina' in public
injeniera	engineer	noun			manamboatra fitaovana ny injeniera	an engineer makes tools
inona	what	pronoun			inona izany?	what is that?
io	it	pronoun		object pronoun used to refer to an impersonal thing	vonoinareo io	you (pl) kill it!
iraika ambin'ny folo	eleven	adjective		the number 11	tavoahangy iraika ambin'ny folo	eleven bottles
iray	one	adjective			misy tavoahangy iray mijoro eo  antampon'ilay trano	There is one bottle standing on top of the house
isa	number	noun			isa 5	number 5
isika	we	pronoun		used to indicate oneself and others	mihinana isika	we eat
ivelany	abroad	noun			mandeha any ivelany izy	she goes abroad
ivoara	ivory	noun			rojo ivoara	ivory necklace
iza	who	pronoun			iza izy?	who is he?
izahay		pronoun			mihinana izahay	
izaho	me	pronoun			izaho sy ianao	me and you
izy	she	pronoun		used to indicate one female person previously mentioned	misakafo izy	she eats
izy	he	pronoun		used to indicate one male person previously mentioned	mihinana izy	he eats
izy ireo	their	possessive			ny tranon'izy ireo	their house
izy ireo	they	pronoun		used to indicate people, or things, previously mentioned	mihinana izy ireo	they eat
Janoary	January	noun			misy 31 andro ny volana Janoary	January has 31 days
jereo	look	verb			jereo ilay zazalahy	look at the boy
Jiona	June	noun			misy 30 andro ny volana Jiona	June has 30 days
jiro	light	noun			jiron'ny lanitra	light of the sky
jiro	lantern	noun			areheto ny jiro	turn on the lantern
Jolay	July	noun			31 andro ny volana Jolay	July has 31 days
kafe	coffee	noun			misotro kafe izy	she drinks coffee
kakao	cocoa	noun			hazo kakao	cocoa tree
kalalao	cockroach	noun		also known as a roach (American English)	nahita kalalao aho	I see a cockroach
kalsioma	calcium	science			misy protona 20 ny Kalsioma (Ca)	calcium (Ca) has 20 protons
Kamerun	Cameroon	noun		A country in Africa	mandehana any Kamerun	go to Cameroon
kankana	worm	noun			ho aiza ianao ry kankana	worm, where are you going?
kaontinanta	continent	noun			kaontinanta Afrikana	African continent
kaopy	cup	noun			kaopy fisotroana dite	tea cup
karaoty	carrot	noun			karaoty efatra	four carrots
karavato	tie	noun		a necktie	mihantona eo amin'ny tendany ny karavato	the tie hangs on his neck
karbona	carbon	science			misy protona 6 ny karbona (C)	carbon (C) has 6 protons
karipetra	carpet	noun			karipetra	new carpet
karipetra	carpet	noun			karipetra vaovao	new carpet
katsaka	corn	noun			katsaka sy voanjo	corn and groundnuts
kay	ouch	exclamation			kay! marary izany	Ouch! It hurts
kebaba	khebab	noun			kebaba sy labiera	khebabs and beer
kely	little	noun			tsara ny kely noho ny tsy misy	a little is better than nothing
kely, madinika	small	adjective			zavatra kely, madinika	a small thing
Kenya	Kenya	noun		A country in Africa	mandehana any Kenya	go to Kenya
kibo	womb	noun			kibon'ny vehivavy	female's womb
kifafa	broomstick	noun			kifafa folo	ten broomsticks
kifafa	broom	noun			kifafa sy fandraofam-pako	broom and dustpan
kilasy	class	noun		academic stage in a school	ao amin'ny kilasy faharoa izy	he is in class 2
kilometatra	kilometre	noun			folo kilometatra	ten kilometres
kintana	moon	noun			volana sy kintana	moon and stars
kintana	star	noun			kintana marobe	plenty of stars
kiraro	shoe	noun		footwear that covers all of the foot	anaovy ny kiraronao	wear your shoes
kiririoka	whistle	noun			tsofy ny kiririoka	play the whistle
kisoa	pig	noun			mavokely ny kisoa sasany	some pigs are pink
kitapo	sack	noun			foana ny ao anaty kitapoko	nothing inside my sack
kitay	stick	noun			tapaho ny kitay	break the stick
kitay	firewood	noun			makà kitay	pickup firewood
klora	chlorine	science			misy protona 17 ao amin'ny klora (Cl)	chlorine (Cl) has 17 protons
ko	my	possessive			ny trano ko	my house
kodiarana	wheel	noun			manana kodiarana efatra ny fiarako	my car has four wheels
kodiarana	tyre	noun			ahodino ny kodiarana	roll a tyre
kofehy	string	noun			kofehy sy fanjaitra	string and needle
kolikoly	bribe	noun			mitady kolikoly izy	he wants a bribe
labiera	beer	noun			misotro labiera izahay	we are drinking beer
lafarinina	flour	noun			lafarinina katsaka	corn flour
lafo	expensive	adjective			lafo io	it is expensive
lafovidy	luxury	noun			mahita  ny ho avinao  lafovidy	I see luxury in your future
lahy	male	noun			lahy i Mandela	Mandela is male
lahy antitra	old man	noun			lahy antitra izy	he is an old man
lainga	lie	noun			lainga izany	it is a lie
laisoa	cabbage	noun		a leafy vegetable	laisoa sy tavinkena	cabbage stew
laisoa	cabbage	noun		a leafy vegetable	ron-daisoa	cabbage stew
lakana	canoe	noun			lakana sy fivoy	canoe and paddle
lakolosy	bell	noun			lakolosin'ny sekoly	school bell
lakozia	kitchen	noun			ato an-dakozia aho	I am in the kitchen
lalan-jaza	vagina	noun			tsy miteny 'lalan-jaza' eny imasom-bahoaka	you don't say 'vagina' in public
lalàna	law	noun		rules by the government	milaza ny lalàna	the law says
lalàna	rule	noun			manaraka lalàna izy	she follows the rules
lalana	way	noun			ny lalana	the way
lalana	street	noun			lalana vaovao	new street
lalandrà	artery	noun		arteries carry blood away from the heart	lalandrà vaventy	a large artery
lalandra	vein	noun			mandalo lalandra ny ra	blood passes through veins
lalao	game	noun			milalaova ny lalao	play a game
lalitra	housefly	noun			mitondra aretina ny lalitra	a housefly can carry disease
lalitra	blowfly	noun			manorisory ny lalitra	blowflies are annoying
lalitra	fly	noun			manidina ny lalitra	a fly flies
lalomena	hippopotamus	noun		also called a hippo	manana vavony lehibe ny lalomena	a hippopotamus has a big stomach
lanitra	sky	noun			maidina eny amin'ny lanitra	to fly into the sky
lanja	weight	noun			lanja mavesatra	a heavy weight
lanja	mass	science			afaka ovainao ho hery ny lanja	you can change mass into energy
laona	pestle	noun			laona sy fanoto	pestle and mortar
laona	mortar	noun			fanoto sy laona	pestle and mortar
lapoaly	pan	noun			lapoaly tranainy	old pan
lasopy	soup	noun			lasopy voanjo	palm nut soup
latabatra	table	noun			seza sy latabatra	chair and table
lavadrano	sink	noun			ritina ny lavadrano	drain the sink
lavaka	hole	noun			lavaka kely	small hole
lavaka	pit	noun			mihadia lavaka	dig a pit
lavenona	ash	noun			arina sy lavenona	charcoal and ashes
lehibe	big	adjective			Adae lehibe	Big Adae
lehilahy	man	noun			lehilahy ranjanana	a tall man
lehilahy hanambady	groom	noun			naman'ny lehilahy hanambady	groom's friends
lehilahy hanambady	bride	noun			ny vadin'ny vehivavy hanambady, lehilahy hanambady	bride's husband; groom
lelavola	cash	noun			manana lelavola aho	I have cash
lena	wet	adjective			bodofotsy lena	wet blanket
leopara	leopard	noun			misy rambo ny leopara	a leopard has a tail
liona	lion	noun			mihinana nofo ny liona	a lion eats flesh
litioma	lithium	science			misy protona 3 ny litioma (Li)	lithium (Li) has 3 protons
lo	rot	verb			lo ny manga	the mango is rotting
lo	vomit	noun			lon' alika	dog's vomit
lo	rot	verb			lo ilay manga	the mango is rotting
lobaka	shirt	noun			manao lobaka izy	she is wearing a shirt
lobolobo	bush	noun			mandehana any amin'ny lobolobo	go into the bush
loha	head	noun			ny loha be anao	your big head
lohalika	knee	noun			ny lohaliko	my knees
lohasaha	valley	noun			havoana sy lohasaha	hills and valleys
lohateny	title	noun			lohateny ny "Mighty One"	"Mighty One" is a title
lohateny	heading	noun			lohatenin'ny boky	book headings
lolo	butterfly	noun			ny lolo dia	a butterfly is beautiful
Luganda	Luganda	noun			fiteny Luganda	Luganda language
Luwo	Luwo	noun		modern written form of the Acholi and Dholuo language	mahay mamaky Luwo aho	I can read Luwo
mafana	hot	adjective			rano mafana	hot water
mafy, sarotra	hard	adjective			mafy, sarotra ity	it is hard
mahafantatra	know	verb			mahafantatra azy aho	I know her
mahandro	cook	verb			mandrahoa vary kely	cook a little rice
mahantra	poor	adjective			firenena mahantra	a poor country
mahantra	bum	noun			mahantra marobe	large bum
mahantra	indigent	noun			tsy manana na inona na inona ny mahantra	an indigent has nothing
mahaolona	humankind	noun			mahaolona antsika	we are humankind
mahay	can	verb		be able to	Mahay mamaky teny aho	I can read
mahazo	understand	verb			mahazo tsara ny zavatra	to understand something very well
mahita	see	verb			mahita matoatoa	to see ghosts
mahitsizoro	rectangle	noun			manana zoro efatra ny mahitsizoro	a rectangle has four angles
mailaka	email	noun			avoahy ho soratra ny mailaka	print the email
maily	mile	noun			folo maily	ten miles
main-tany	dry season	noun			tonga ny main-tany	the dry season has arrived
maina	dry	adjective			tany maina	dry land
maina	dry	verb			manamaina  fitafiana	to dry clothes
maingoka	scorpion	noun			maingoka mainty	a black scorpion
mainty	black	adjective			fitafiana mainty	black cloth
maitso	green	adjective			ravina maitso	green leaf
maivana	lightweight	adjective			maivana ny boky	the book is lightweight
maizina	dark	adjective			alina maizina	dark night
Malagasy	Malagasy	noun		a language of Madagascar	Ny Malagasy	Malagasy language
malaza	famous	adjective			olo-malaza	famous person
malemy	soft	adjective			mofo malemy	soft bread
mamaky	read	verb			mamaky boky	to read a book
mamalona	fold	verb			mamalona ny fitafian'ny reny	to fold mother's cloth
mamba	alligator	noun			misy rambo ny mamba	an alligator has a tail
mamita	finish	verb			mamita ny sakafo izy ireo	they will finish the food
mamono	kill	verb			mamono osy	to kill a goat
mampahery	encourage	verb			ampaherezo izy	encourage her
mampianatra	teach	verb			mampianatra marika, kajy	to teach mathematics
mampihena	reduce	verb			ahenao tsidimidimy	reduce it by five
mampihena	reduce	verb			mampihena  io ho dimy	reduce it by five
mampindrana	lend	verb			ampindramo ahy ity boky ity	lend me this book
mamy	sweet	adjective			mamy ny dite	the tea is sweet
manafoana	cancel	verb			manafoana ny fivoriana	cancel the meeting
manaikitra	bite	verb			mety manaikitra ny alika	the dog can bite
manaiky	accept	verb			manaiky azy	accept her
manakatona	close	verb			manakatona varavarana	to close the door
manala	remove	verb			manala ny kiraro manomboka eto	to remove the shoes from here
manambady	marry	verb			manambadia ahy	marry me
manampy	addition	noun			1+1=2; manampy io	1 + 1 = 2; this is addition
manampy	help	verb			manampy ny olon-drehetra ianao	you are helping everyone
manana	have	verb			manam-bola izy	she has money
mananasy	pineapple	noun			ranona mananasy	pineapple juice
manangana	raise	verb			atsangano ny tananao	raise your hand
manankarena	rich	adjective			firenena manankarena	a rich country
manao	do	verb		to make	manao zavatra izy	she is doing something
manao ahoana	hello	exclamation			manao ahoana tompoko	hello sir
manasa	wash	verb			manasa tavoahangy	to wash the bottles
manasa	wash	verb			manasa fitafiana	wash clothes
mandefa	deliver	verb		send to someone	andefaso vola aho	deliver money to me
mandefa	send	verb			andefaso aho	send me
mandeha	walk	verb			mandeha miadana	to walk slowly
mandeha	go	verb			mandeha any an-tsekoly	to go to school
mandidy	cut	verb			mandidy roa  ny mofo	to cut the cake in two
mandihy	dance	verb			mandihy am-pifaliana	to dance with joy
mandoa vola	pay	verb			mandoa vola aho	I will pay
mandraraka	pour	verb			mandraraka rano	pour water
mandrava	destroy	verb			ravao ny zavatra rehetra	destroy everything
mandray	take	verb			mandray fanafody	to take medicine
mandre	hear	verb			mandre ny kiririoka izy	she heard the whistle
manendy	bake	verb			manendy mofo	bake bread
maneno mafy	loud	adjective			anjombona maneno mafy	loud siren
manezioma	magnesium	science			misy protona 12 ny manezioma (Mg)	magnesium (Mg) has 12 protons
manga	mango	noun			masaka ny manga	the mango has ripened
manga	blue	adjective			akanjo manga	blue dress
manga antitra	indigo	adjective			fitafiana manga antitra	indigo cloth
mangahazo	cassava	noun			akondro manta sy mangahazo	plantain and cassava
mangalatra	steal	verb			mangalatra sy mandrava	steal and destroy
mangatsiaka	cold	adjective			rano mangatsiaka	cold water
mangatsiaka	freezing	adjective		temperature	mangatsiaka amin'ny alina	night is freezing
mangidy	bitter	adjective			fanafody mangidy	bitter medicine
mangina	silence	noun			mangina, mangina!	silence, silence!
mangiran-dratsy	dawn	noun			hianinga eto iska raha vao mangiran-dratsy	we will leave here at dawn
mangotraka	boil	noun			manahirana ny mampangotraka	a boil is painful
manidina	fly	verb			manidina eny amin'ny lanitra	to fly into the sky
manify	thin	adjective			kitay manify	thin stick
manify	thin	adjective			tapakazo manify	thin stick
manisa	count	verb			manisa vola	count money
mankahala, tsy tia	hate	verb			mankahala, tsy tia ny hakamoana	to hate laziness
mankahery	encourage	verb			mankahery azy	encourage her
manokatra	open	verb			manokatra varavarana aho	I open the door
manomboka	from	preposition			mandehana manomboka eto	go from here
manomboka	start	verb			manomboka aloha	to start early
manome	give	verb			omeo azy ny rano	give the water to him
manome	owe	verb			manome anao aho	I owe you
manontany	ask	verb			anontanio Kofi	to ask Kofi
manoratra	write	verb			manoratra taratasy	to write a letter
manorina	build	verb			manorina trano	build a house
manosika	push	verb			manosika ny fiara vaventy	to push the lorry
maraina	morning	noun			maraina be	early morning
maraina	sunrise	noun			manomboka maraina hatramin'ny hariva	from sunrise to sunset
marary	patient	noun			matory eto ny marary	the patients sleep here
marika	sign	noun			mariky ny fanantenana	a sign of hope
marika	mathematics	noun			mampianatra marika izy	she teaches mathematics
marika	symbol	noun			mariky ny fahefana	symbol of power
marin-koditra	goosebumps	noun			marin-koditra aho	I have got goosebumps
maritoa	hammer	noun			maritoa sy fantsika	hammer and nail
Martsa	March	noun			31 andro ny volana Martsa	March has 31 days
maso	eye	noun			maso sy volomaso	eye and eyebrow
masoandro	sun	noun			mamirapiratra ny masoandro	the sun is shining
matanjaka	strong	adjective			vehivavy matanjaka	a strong woman
matavy	fat	adjective			takolaka matavy	fat cheeks
matoatoa	ghost	noun			mahita matoatoa aho	I see a ghost
matory	sleep	verb			matory amin'ny alina	to sleep at night
maty	die	verb			maty tanora tao amin'ny tantara	to die young in the play
mavesatra	heavy	adjective			mavesatra io	it is heavy
mavo	yellow	adjective			saina mavo	yellow flag
May	May	noun			31 andro ny volana May	May has 31 days
mena	red	adjective			molotra mena	red lips
menaka zavamaniry	vegetable oil	noun			mapiasà, enaka zavamaniry raha manendy trondro	use vegetable oil to fry fish
metaly	metal	noun			satroka metaly	hat of metal
metatra	metre	noun		length metric; meter (American English)	folo metatra	ten metres
miadana	slowly	adverb			mandehana miadana	walk slowly
miadana	slowly	adverb			mandeha miadana	walk slowly
mianatra	learn	verb			mianatra fiteny	they learn a language
miandry	wait	verb			miandry vetivety	to wait a bit
mianika	climb	verb			mianika tendrombohitra	to climb mountains
mianjera	stumble	verb			mianjera izy	she stumbled
mianjera	fall	verb		move downward	niajera avy eny amin'ny tafon-trano ny tady	a rope fell from the roof of the house
mianjera	stumble	verb			nianjera izy	she stumbled
miantso	call	verb			miantso ilay zaza lahy	to call the boy
miantsoantso	shout	verb			miantsoantso fanampiana	to shout for help
miarahaba	greet	verb			arahabao i Ama	greet Ama
miaraka amin'	with	conjunction			Kofi miaraka amin'i Ama	Kofi with Ama
miaramila	soldier	noun			mandeha  an-tongotra ny miaramila	the soldiers are marching
miaro	protect	verb			miarova anay	protect us
miasa	work	verb			miasa mafy	to work hard
midina	down	adverb			mandehana midina	go down
mieritreritra	think	verb			mieritreritra aho fa....	I think that ...
mieritreritra	plan	verb			tsy mahaeritreritra ny loha iray	one head does not plan
mievina	sneeze	verb			mievina mafy	to sneeze loudly
mifantina	cast	noun			mifantina ho an'ny horonantsary	cast of a film
mifoha	rise	verb			mifoha amin'ny enina ora maraina	to rise at six in the morning
mihaona	meet	verb			any an-trano mihaona amiko	meet me at home
mihazakazaka	run	verb			mihazakazaka toy ny	to run like a hare
mihinana	eat	verb			mihinana ny zavatra rehetra	to eat everything
mihira	sing	verb			mihira hira tsara	to sing a sweet song
mihomehy	laugh	verb			mihomehy izy	he is laughing
mijanona	stop	verb			ajanony ny tabataba	stop making noise
mijanona	stop	noun			fijanonan'ny fiara fitateram-bahoaka	bus stop
mijoro	stand	verb			mijoro mahitsy	to stand slowly
mikasa	plan	verb			tsy mikasa ny loha iray	one head does not plan
mikasika	touch	verb			mikasika ny volony	to touch her hair
mila	want	verb			mila boky efatra aho	I want four books
mila	need	verb			mila fianakaviana	to need family
milalao	play	verb			milalao izahay	we are playing
milaza	tell	verb			milaza tantara izy	he is telling the story
mindram-bola	loan	noun			mila mindram-bola aho	I need a loan
mindrana	borrow	verb			mindrana vola	borrow money
mindrana	borrow	verb			mindram-bola	borrow money
mindrana	lend	verb			ampindramo ahy io boky io	lend me this book
minitra	minute	noun			dimy minitra	five minutes
mino	believe	verb			minoa an'i Kofi	believe Kofi
mioroka	smell	verb			mioroka voninkazo	to smell the flowers
mipetraka	sit	verb			mipetraka eto	to sit here
mipoaka andro	daybreak	noun			mipoaka andro  sy  mody masoandro	daybreak and nightfall
miray	mate	verb			miray ny biby	the animals are mating
miresaka	talk	verb			miresaka be loatra	to talk too much
misambotra	catch	verb			sambory ny baolina	catch the ball
misaotra	thank you	exclamation			misaotra indrindra	thank you very much
misaotra	thank	verb			misaotra ny rainao	to thank your Father
misintona	pull	verb			misintona ny tady	to pull the rope
misotro	drink	verb			misotro rano	to drink water
mitahiry	keep	verb			tahirizo ny famerim-bola	keep the change
mitambatra	join	verb			teny mitambatra no manome fehezanteny	words join together to make sentences 
mitambatra	join	verb			teny mitambatra n manome fehezan-teny	words join together to make sentences 
miteny	speak	verb			miteny ny marina	to speak the truth
miteny	say	verb			miteny eny aho	I say yes
mitomany	cry	verb			mitomany matetika (foana)	to cry each time
mitombo	grow	verb			mitombo ilay zaza	the child has grown
mitombo	increase	verb			mitombo ny halatra	burglary is increasing
mitombo isa	increase	verb			mitombo isa ny mpangalatra	burglary is increasing
mitondra	carry	verb			mitondra boky	carry the book
mitondra	bring	verb			hitondra boky izy	he will bring a book
mitsabo	heal	verb			tsaboy ny aretina	heal disease
mitsambikina	jump	verb			mitsambikina rindrina	to jump a wall
mitsangatsangana	stroll	noun			mandehana mitsangatsangana	take a stroll
mitsoka	blow	verb			mitsoka rivotra	blow air
mivarotra	sell	verb			mivarotra trano	to sell houses
miverina	return	verb			miverina any an-trano	to return home
miverina	return	verb			miverina ao an-trano	to return home
mividy	buy	verb			mividy zavatra	to buy something
mividy	purchase	verb			mividy zavatra vitsivitsy	purchase a few things
mividy	purchase	verb			mividy zavatra vitsivitsy aho	purchase a few things
mizara	divide	verb		separate into parts	mizara mofo	divide the bread
mizara	share	verb			zarao ny sakafo	share the food
mizara	split	verb			zarao roa	split in two
mofo	bread	noun			mofo malemy	soft bread
mofomamy	cake	noun			hihinana mofo mamy isika	we will eat the cake
mofomamy	cake	noun			hihinana  ilay mofomamy isika	we will eat the cake
moka	mosquito	noun			nokaikerin'ny moka aho	a mosquito has bitten me
molotra	lip	noun			molotra mena	red lips
monina	live	verb			monina eto izahay	we live here
mora	cheap	adjective			mora	be cheap
moron-dranomasina	beach	noun			fasika amoron-dranomasina	beach sand
mozika	music	noun			mitendry mozika	play music
mpahandro	chef	noun			Mpahandro tsara	a good chef
mpamily	driver	noun			nijanona ny mpamily	the driver has braked
mpaminany	prophet	noun			mpaminany manampahefana	powerful prophet
mpamono olona	murderer	noun			mpamono olona izy	he is a murderer
mpamorona	creator	noun			mpamorona  andriamanitra	creator god
mpamosavy	witch	noun			mpamosavy izy	she is a witch
mpamosavy	wizard	noun			mpamosavy izy	he is a wizard
mpampianatra	teacher	noun			mpampianatra aho	I am a teacher
mpampiasa	user	noun			mpampiasa firy	how many users?
mpanampy	maid	noun			mpanampy no asany	she is a maid
mpanao	make	verb			mpanao sakafo	make food
mpanao gazety	journalist	noun			mpanao gazety izahay	we are journalists
mpanazatra	coach	noun			mpanazatra ny mpilalao baolina kitra	a football team coach
mpandainga	liar	noun			mpandainga izy	she is a liar
mpandrafitra	carpenter	noun			mpandrafitra izy	he is a carpenter
mpangalatra	thief	noun			tsy mpangalatra izy	he is not a thief
mpanjaka	king	noun			mpanjaka izy	he is a king
mpanjakavavy	queen	noun			mpanjakavavy izy	she is a queen
mpanjono	fisherman	noun			mpanjono izy	he is a fisherman
mpanolana zaza	pedophile	noun			mpanolana zaza izy	he is a pedophile
mpanonta	printer	noun			mpanonta boky	book printer
mpanoratra	writer	noun			mpanoratra aho	I am a writer
mpiady	warrior	noun			mpiady tamin'ny andro fahagola	warrior of antiquity
mpiady	warriors	noun			tonga ny mpiady	the warriors are coming
mpianatra	student	noun			mpianatra roapolo	twenty students
mpiasa	staff	noun			mpiasan'ny mpanjaka	the king's staff
mpifanolobodirindrina	neighbourhood	noun			mpifanilavodirindrina izahay	we live in the same neighbourhood
mpihaino	listener	noun			miarahaba ny mpihaino	hello listeners
mpijery	spectator	noun			mpijery	the spectators
mpiray tampo	sibling	noun			ny zanaky ny reniko di ampiray tampo amiko	my mother's child is my sibling
mpisolovava	lawyer	noun			mpisolovava efatra	four lawyers
mpitarika	chief	noun			mpitarika izy	she is a chief
mpitarika	chef	noun			mpitarika tsara	a good chef
mpitarika	leader	noun		someone who shows the way	izy no mpitarika anay	this is our leader
mpitendry mozika	musician	noun			ny mpitendry mozika	the musicians
mpitondra entana	porter	noun			mibata baoritra ny mpitondra entana	the porter carries a box
mpitondra fivavahana	priest	noun			manana torohevitra ny mpitondra fivavahana	a priest has advice
mpitondra fivavahana	bishop	noun			mpitondra fivavahana izy	she is a bishop
mpitondra hafatra	messenger	noun			tonga ny mpitondra hafatra	the messengers arrived
mpitondra teny	spokesperson	noun			mpitondra tenin'ny filoha	the chieftain's spokesperson
mpitondratena	widow	noun			mpitondratena izy	she is a widow
mpitondratena	widower	noun			mpitondratena izy	he is a widower
mpitsabo	doctor	noun			Mpitsabo izy	she is a doctor
mpitsabo mpanampy	nurse	noun			Mpitsabo mpanampy izy	she is a nurse
mpitsara	judge	noun			mpitsara fito	seven judges
mpivarotra	trader	noun			mpivarotra aho	I am a trader
na	or	conjunction			Kofi na Ama	Kofi or Ama
namana	friend	noun			namako	my friend
nefa	but	conjunction			tiako io, nefa	I like it, but
nenitoa	aunt	noun		female relative of your mother	nenitoa Ama	Aunt Ama
neona	neon	science			misy protona 10 ny neona (Ne)	neon (Ne) has 10 protons
netrona	neutron	science			manana fahana 0 ny neutrona	a neutron has a charge of 0
ngorodona	floor	noun			eo amin'ny ngorodona	on the floor
nidina	land	verb		to touch down	nidina ny fiaramanidina	the aeroplane has landed
nify	tooth	noun			nify fotsy	white tooth
Nigeria	Nigeria	noun		A country in Africa	mandehana any Nigeria	go to Nigeria
nikleosy	nucleus	science			misy protona sy netrona ny nikleosy	a nucleus contains protons and neutrons
nitrozena	nitrogen	science			misy protona 7 ny nitrozena (N)	nitrogen (N) has 7 protons
nofo	flesh	noun			nofo sy rà	flesh and blood
noho izany	so	conjunction			nahoana no izany?	why so?
nono	breast	noun			mampinono	breast milk
nosy	island	noun			nosy Seychelles	Seychelles island
Novambra	November	noun			30 andro ny volana Novambra	November has 30 days
ny	the	determiner			ny trano	the house
ny	her	possessive			ny trano ny	her house
oadray	oh	exclamation			oadray, ny anabaviko (rahavaviko)	oh my sister!
oksizena	oxygen	noun			misy oksizena  eny @ rivotra	oxygen is in air
oksizena	oxygen	science			misy protona 8 ny oksizena (O)	oxygen (O) has 8 protons
Oktobra	October	noun			30 andro ny volana Oktobra	October has 31 days
olana	issue	noun			olana vaovao	new issue
olom-pirenena	citizen	noun		a member of a country community	olom-pirenena aho	I am a citizen
olombelona	human	noun			olombelona isika	we are humans
olon-dehibe	adult	noun			olon-dehibe izy	he is an adult
olona	person	noun			olona manan-kaja	important person
olona	someone	pronoun			miditra ny olona	someone is coming
olontiako	lover	noun			nandresy lahatra ahy ny olontiako	my lover has tricked me
omaly	yesterday	adverb			tonga omaly izy	she arrived yesterday
omby	cow	noun			hena omby	cow meat; beef
ompa	diss	noun			tsy ompa izany amin'ny teny gasy	it is not a diss
ondana	pillow	noun			ondana sy fandriana	pillow and bed
ondry	sheep	noun			henan'ondry	sheep meat (i.e. mutton)
onitra	compensation	noun			efa voarainao ve ny onitrao?	have you received your compensation?
oniversite	university	noun			Oniversiten'i Legon	Legon University
onja	wave	noun			vaky ny onja	the waves are breaking
ora	hour	noun			folo ora	ten hours
orambaratra	storm	noun			orambaratra sy tselatra	storm with thunder
Oromo	Oromo	adjective			fiteny Oromo	Oromo language
orona	nose	noun			sofina sy orona	ear and nose
osy	goat	noun			osy sy ondry	a goat and a sheep
paoma	pie	noun			paoma telo	three pies
paompy	tap	noun			sokafy ny paompy	open the tap
paompy	tap	noun			manokatra paompy	open the tap
paositra	post office	noun			ho any amin'ny paositra aho	I am going to the post office
paosy	pocket	noun			tsisy na inona an inona ao anaty paosiko	nothing inside my pocket
papay	pawpaw	noun			papay sy akondro	pawpaw and banana
paraky	tobacco	noun			mifoka paraky	smoke tobacco
parasy	louse	noun			parasy amin'ny akoho	chicken lice
pejy	page	noun			sokafy ny pejy faha roa amby roapolo	open page twenty-two
penina	pen	noun			ranomainty amin'ny penina	ink in a pen
penisilihazo	pencil	noun			penisilihazo sy penina	pencil and pen
politika	politics	noun			tia politika ianao	you like politics
pôtasiôma	potassium	science			misy protona 19 amin'ny pôtasiôma (K)	potassium (K) has 19 protons
protona	proton	science			manana fahana +1 ny protona	a proton has a charge of +1
rà	blood	noun			rano sy rà	water and blood
radio	radio	noun			alefaso ny radio	switch on the radio
rahalahy	brother	noun			ny rahalahy ko tokana	my only brother
rahampitso	tomorrow	adverb			ho tonga rahampitso izy	she will arrive tomorrow
rahavavy	sister	noun			ny rahavavy ko tokana	my only sister
rahona	cloud	noun			rahona fotsy	a white cloud
rajako	monkey	noun			tia akondro ny rajako	a monkey likes bananas
ramatoa	lady	noun			Ramatoa Danso	Lady Danso
ramatoa	missus	noun			Ramatoa Clinton	Missus Clinton
ramatoa	madam	noun			ramatoa Mary	madam Mary
ramatoakely	miss	noun			ramatoa sy ramatoakely	lady and young lady
rambo	tail	noun			misy rambo ny saka	a cat has a tail
rameva	camel	noun			rameva enina	six camels
ranjo	leg	noun			ranjo mivonto	swollen leg
rano	water	noun			misotro rano ianao	you drink water
ranomainty	ink	noun			ranomainty amin'ny penina	ink in a pen
ranomasina	sea	noun			mankany andranomasina ny renirano	a river goes into a sea
ranomaso	teardrop	noun			ranomaso kely	a few teardrops
ranomaso	tear	noun			feno ranomaso ny masoko	my eyes filled with tears
rantsa-tanana	finger	noun			asehoy ahy ny rantsa-tananao	show me your finger
rantsan-tongotra	toe	noun			rantsan-tongotra sy voditongotra	toe and heel
ratsy	bad	adjective			alika ratsy	bad dog
ratsy	evil	noun			ratsy inona ity?	which evil is this?
ratsy	ugly	adjective			ratsy izany	it is ugly
ravin-damba	fabric	noun			ividiano ravin-damba aho	buy fabric for me
ravinkazo	leaf	noun			ravinkazo maitso	green leaf
ray	father	noun			ny zanaky ny raiko dia mpiray tampo amiko	my father's child is my sibling
ray amandreny	parents	noun			ray amandreniny	his parents
razambe	ancestor	noun			ny razambeko	my ancestors
refeso	measure	verb			refeso ny roa sotro feno	measure two spoonfuls
rehefa	when	conjunction		at the time	tonga izy rehefa lasa ianao	he came when you went
renirano	lake	noun			tondraka ny renirano	the lake has overflowed
renirano	river	noun			mankany andranomasina ny renirano	a river goes into a sea
reny	mother	noun			ny zanaky ny reniko dia iraitampo amiko	my mother's child is my sibling
reraka	weak	adjective			reraka aho	I am weak
rian-drano	stream	noun		small body of flowing water	miampita ny rian-drano	cross the stream
rindrina	wall	noun			mipetraha eo amin'ny rindrina	sit on the wall
rivotra	wind	noun			mitsoka ny rivotra	the wind is blowing
roa	two	adjective			misy tavoahangy roa eo amin'ny rindrina	There are two bottles on the wall
roa ambin'ny folo	twelve	adjective		the number 12	tavoahangy roa ambin'ny folo	twelve bottles
roapolo	twenty	adjective		The number 20	tavoahangy roapolo	twenty bottles
rojo	chain	noun			notapahiny ny rojoko	she has broken my chains
rojo	necklace	noun			rojo ivoara	ivory necklace
rony	stew	noun			manao rony	make stew
safidy	option	noun		a thing you can choose	safidy dimy	five options
sahona	frog	noun			tia rano ny sahona	a frog likes water
saina	spirit	noun			manana saina matanjaka izy	he has a strong spirit
saka	cat	noun			manana rambo ny saka	a cat has a tail
sakafo	food	noun			misakafo	eat food
sakafo maraina	breakfast	noun			hihinana sakafo maraina isika	he will eat breakfast
sakafo maraina	breakfast	noun			hisakafo maraina isy	he will eat breakfast
sakany	width	noun			haavo sy ny sakany	height and width
sakelidrano	stream	noun		small body of flowing water	mamakivaky sakelidrano	cross the stream
sambo	ship	noun			sambo lehibe	a big ship
sambo	boat	noun			sambo mena	red boat
sandry	arm	noun			ampiakaro ambony ny sandrinao	lift up your arm
saoka	chin	noun			tazony ny saokanao	hold your chin
saribakoly	doll	noun			saribakoly ko	my doll
sarimihetsika	film	noun			maka sarimihetsika	cast of a film
sarimihetsika	cinema	noun			hijery sarimihetsika aho	I am going to a cinema
sarintany	map	noun			vakio ny sarintany	read the map
sarotra	difficult	adjective			sarotra ny fanadinana	the exam is difficult
sarotro	coat	noun			mitafy sarotro izy	she is putting on a coat
sary	picture	noun			sary tsara tarehy	beautiful picture
sary famantarana	logo	noun			sary famantarana ny fiangonana	church logo
satria	because	conjunction			satria tiako ianao	because I like you
satroka	hat	noun			manao satroka izy	he is wearing a hat
savily	swing	noun			milalao savily	play on a swing
savony	soap	noun			 fitoerandrano sy savony	pail and soap
savony	soap	noun			fitoerandrano sy savony	pail and soap
segondra	second	noun			folo segondra	ten seconds
sekoly	school	noun		a place where learning happens	mianatra mamaky teny any an-tsekoly aho	I learn to read at school
Septambra	September	noun			30 andro ny volana Septambra	September has 30 days
seranam-piaramanidina	airport	noun			Ho eny amin'ny seranam-piaramanidina aho	I'm going to the airport
servieta	towel	noun			servieta mando	wet towel
setroka	smoke	noun			setroka matevina	belch smoke
seza	chair	noun			mandamina seza	arrange the chairs
seza lava fandraisam-bahiny	sofa	noun			seza lava fandraisam-bahiny dimy	five sofas
Shona	Shona	noun			mahay miteny Shona aho	I speak Shona
siansa	science	noun		the systematic study of the world using observation and experiment	mianatra siansa isika	we are learning science
sifotra	snail	noun			nihinana sifotra aho	I eat snails
sigara	cigarette	noun			mifoha sigara	smoke a cigarette
Silamo	Islam	noun			Kristianina sy Silamo	Christianity and Islam
silamo	muslim	noun			Kristiana sy Silamo	a Christian and a Muslim
silikôna	silicon	science			misy protona 14 ny silikôna (Si)	silicon (Si) has 14 protons
simenitra	cement	noun			vato sy simenitra	stones and cement
simia	chemistry	noun			mianatra silia amin'ny malagasy izahay	we learned chemistry
siny	jar	noun			siny fito	seven jars
sitrapo	will	noun			sitrapon' Andriamanitra	God's will
sivy	nine	adjective		The number 9	tavoahangy sivy	Nine bottles
sivy ambin'ny folo	nineteen	adjective		the number 19	tavoahangy sivy ambin'ny folo	nineteen bottles
sivy folo	ninety	adjective		the number 90	tavoahangy sivy folo	ninety bottles
sivylafy	nonagon	noun			manana zoro sivy ny sivy lafy	a nonagon has nine angles
sivylafy	nonagon	noun			misy zoro sivy amin'ny sivylafy	a nonagon has nine angles
soavaly	horse	noun			soavaly fotsy	white horse
sodina	flute	noun			tsofy ny sodina	play the flute
sôdiôma	sodium	science			misy protona 11 ao amin'ny sôdiôma (Na)	sodium (Na) has 11 protons
sofina	ear	noun			sofina sy orona	ear and nose
sokatra	tortoise	noun			mandeha miadana ny sokatra	a tortoise walks slowly
sokolà	chocolate	noun			nihamora ny sokolà	the chocolate has become cheap
solifiora	sulfur	science			misy protona 16 ny solifiora (S)	sulfur (S) has 16 protons
solosaina	computer	noun			fitendrena solosaina	computer keyboard
soroka	shoulder	noun			mijoroa eo an-tsoroko	stand on my shoulders
sotro	spoon	noun			sotro enina ambin'ny folo	sixteen spoons
sotro rovitra	fork	noun			sotro rovitra sy antsy	fork and knife
Swahili	Swahili	noun			Fiteny Swahili	Swahili language
sy	and	conjunction			Kofi sy Ama	Kofi and Ama
tabataba	noise	noun			aza mitabataba	stop making noise
tadiavo	find	verb			tadiavo ny teny	find the word
tadidy	remember	verb			tadidinao ve aho	you remember me?
tafo	roof	noun		the cover over the top of a building	trano miaraka amin'ny tafo mena	the house with the red roof
tafo	roof	noun		the cover over the top of a building	trano mitafo mena	the house with the red roof
tahotra	fear	noun			nameno ny fony ny tahotra	fear has filled her heart
takelaka	website	noun			amorony takelaka aho	make a website for me
talantalana	ledge	noun			matoria eo amin'ny talantalana	sleep on the ledge
Talata	Tuesday	noun			Talata ho an'ny ankizy	Tuesday children
tale	master	noun			ny tale Kofi	Master Kofi
tanan-dehibe	city	noun			tanan-dehibe  midadasika	a large city
tanàn-dehibe	city	noun			Tanàn-dehibe midadasika	a large city
tanana	hand	noun			ampiakaro ambony ny tananao	lift up your hand
tanandehibe	town	noun			mandehana any amin'ny tanàn-dehibe	go into town
tanimanga	clay	noun			vazy tanimanga	clay vase
tanindrazana	country	noun		a community of people living in a place with full self-government	ny tanindrazanao	your country
tantara	history	noun			ianaro ny  tantara	learn history
tantara	story	noun			ilazao tantara aho	tell me a story
tantely	bee	noun			tantely marobe	many bees
tantely	honey	noun			mamy ny tantely	honey is sweet
tantsaha	farmer	noun			tantsaha izy	she is a farmer
tany	earth	noun			mponina eto an-tany	people of the earth
tany	land	noun			tany maina	buy land
tany hay	desert	noun			vitsy rano ny tany hay	water is scarce in the desert
taolana	bone	noun			misy taolana ny tanako	my hand has bones
taona	year	noun			tonga ny taona vaovao	a new year has come
taona	age	noun			taonanao	your age
taona	age	noun			taona anao	your age
tapakila	ticket	noun			jereo ny tapakilako	look at my ticket
taratasim-bola	cheque	noun			manorata taratasim-bola	write a cheque
taratasim-bola	cheque	noun			manoratra taratasim-bola	write a cheque
taratasy fanamarinana	certificate	noun			rehefa mahavita fianarana ianao dia mahazo taratasy fanamarinana	when you complete school you get a certificate
tarehy	face	noun			jereo ny tarehiko	look at my face
tariho	lead	verb			tariho izahay	lead us
tatitra	report	noun			manao tatitra	make a report
tavindrano	bucket	noun			mitete ny tavindrano	the bucket leaks
tavoahangy	bottle	noun			tavoahangy dimy	five bottles
tavy	grease	noun			tavy ao anaty lapoaly	grease in a pan
tazomoka	malaria	noun			aretina ny tazomoka	malaria is a disease
teatra	play	noun			jereo ny teatra	watch a play
teboka	point	noun			iray teboka dimy dia iray sy sasany	1 point 5 (1.5) is one and a half.
telatra	thunder	noun			orambaratra sy tselatra	storm with thunder
telo	three	adjective		The number 3	tavoahangy telo	three bottles
telo ambin'ny folo	thirteen	adjective		the number 13	tavoahangy telo ambin'ny folo	thirteen bottles
telopolo	thirty	adjective		the number 30	tavoahangy telopolo	thirty bottles
telozoro	triangle	noun			manana zoro telo ny telozoro	a triangle has three angles
tenda	throat	noun			halalaho ny tendanao	clear your throat
tenda	neck	noun			mihantona eo amin'ny tendany ny karavato	the tie hangs on his neck
tendro	summit	noun			tendron'ny tendrombohitra	mountain summit
tendrombohitra	mountain	noun			ny avo indrindra @ tendrombohitra	mountain peak
teny	word	noun			mahay teny zato aho	I know 100 words
teny miafina	password	noun			ovay ny teny miafina	change password
teraka	birth	verb			teraka kambana	to birth twins
testamenta	testament	noun			testamenta vaovao	new testament
tete	drop	noun			misotro ranoisaky ny tete ny akoho	drop by drop a chicken drinks water
tetiandro	calendar	noun			tetiandro vaovao	a new calendar
tetikasa	project	noun			tetikasa folo	ten projects
tia	love	verb			tiako ianao	I love you
tigra	tiger	noun			tigra lehibe	a large tiger
toaka	liquor	noun			andraraho toaka kely	pour a little liquor
toekarena	economy	noun			toekarena afrikana	the economy of Africa
toekarena	economy	noun			toekarena  Afrikana	the economy of Africa
toeram-pisakafoanana	restaurant	noun			toeram-pisakafoanana vaovao	a new restaurant
toeram-pivarotana	store	noun			Hividy sakafo ao amin'ny toeram-pivarotana aho	I will buy food from the store
toeram-pivarotana	store	noun			hividy sakafo aoa amin'ny toeram-pivarotana aho	I will buy food from the store
toerana	place	noun			toerana aiza	which place?
toetra	character	noun			ny toetrany	her character
toetrandro	weather	noun			manana toetrandro tsara isika	we have good weather
toffee	toffee	noun			lelafo ny toffee	lick a toffee
Togo	Togo	noun		A country in Africa	mandehana any Togo	go to Togo
tohatra	ladder	noun			tohatra lava	long ladder
tokotany	yard	noun			tokotany malalaka	big yard
tokotany	backyard	noun			rakotra bozaka ny tokotany	the backyard is overgrown
toky	promise	noun			omeo toky aho	give me a promise
tolakandro	afternoon	noun			ny tolakandro aho no ho tonga	I will come in the afternoon
tombotsoa	profit	noun			mahazo tombotsoa	make profit
tonga	come	verb			tonga eto	to come here
tongasoa	welcome	exclamation			tongasoa	welcome welcome!
tongotra	foot	noun			tongotro	my foot
torohevitra	advice	noun			manana torohevitra ny pretra	a priest has advice
trano	lodge	noun			mipetraha vetivety ao an-trano	stay at the lodging for a while
trano	house	noun			ny trano	the house
trano fidiovana	bathroom	noun			mandehana any  amin'ny trano fidiovana	go to the bathroom
trano fidiovana	toilet	noun			mandehana any amin'ny trano fidiovana	go to the toilet
tranokala	web	noun			tranokala	the web of a spider
tranokala	blog	noun			tranokala sakafo	food blog
tranom-bahiny	hotel	noun			matory ao amin'ny tranombahiny izy	she sleeps at a hotel
tranomaizina	prison	noun			mandehana any amin'ny tranomaizina	go to prison
tranomboky	library	noun			ho any amin'ny tranomboky isika	we will go to the library
tratra	chest	noun			volon-tratra	chest hair
trondro	fish	noun			trondro voaendy	fried fish
trosa	debt	noun			manana trosa be izy	he has many debts
tsakoahana	hiccups	noun			mitsakoahana izy	he has got the hiccups
tsaoka	chalk	noun			tsaoka fotsy	white chalk
tsara	well	noun			rano tsara	well water
tsara	well	adverb			ataovy tsara io	do it well
tsara	good	adjective			fanomezana tsara	a good gift
tsara tarehy	beautiful	adjective			tsara tarehy io	it is beautiful
tsaramaso	bean	noun			vary sy tsaramaso	rice and beans
tsatokaty	bowl	noun			tsatokaty mena	a red bowl
tsena	market	noun			mandehana any an-tsena	go to market
tsia	no	exclamation			niteny tsia aho	I say no
tsidry	click	verb			tsingdrio eto	click here
tsihy	mat	noun			velaro ny tsihy	spread out a mat
tsilo	spear	noun			notsindroniny tamin'ny tsilo izy	they pierced him with a spear
tsindrona	injection	noun			maharary ny tsindrona	an injection is painful
tsipika	line	noun			nanapaka ny tsipika ilay baolina	the ball has crossed the line
tsirairay	each	adjective			zavatra tsirairay	each thing
tsisy	nothing	noun			tsisy ananako	I have nothing
tsisy fetra	infinity	noun		the number ∞	raha mizara isa a,in'ny aotra ianao dia tsis fetra no valiny azonao	if you divide any number by zero, you get infinity
tsotra	brave	adjective			lehilahy tsotra	brave man
tsotra, mora	easy	adjective			tsotra, mora ny fanadinana	the exam is easy
tsy ampoizina	surprise	noun			tsy ampoizina tsara	great surprise
tsy ankasa	odd	mathadj			isa tsy ankasa ny iray	1 is an odd number
tsy fahampiana	scarcity	noun			tsy fahampian-drano	scarcity of water
tsy mihetsika	inactive	noun			tsy mihetsika izy	he is inactive
vadikely	concubine	noun			vadikeliko i Yaa	Yaa is my concubine
vady	husband	noun			tiako ny vady ko	I love my husband
vady	wife	noun			ny vady ko sy ny zana ko	my wife and my children
vahiny	foreigner	noun			tonga ireo vahiny	the foreigners have arrived
vahiny nasaina	guest	noun			vahiny nasaina aho	I am a guest
vahoaka	crowd	noun			vahoaka mitabataba	noisy crowd
vakiteny	reading	noun			avereno ny vakiteny	repeat the reading
valahana	waist	noun			valahanao	your waist
valahana	groin	noun			valahan-dehilahy	groin of a man
valisoa	award	noun			omeo valisoa izy	give her an award
valo	eight	adjective		The number 8	tavoahangy valo	Eight bottles
valo ambin'ny folo	eighteen	adjective		the number 18	 tavoahangy valo ambin'ny folo	eighteen bottles
valolafy	octagon	noun			misy zoro valo amin'ny valolafy	an octagon has eight angles
valopolo	eighty	adjective		the number 80	tavoahangy valopolo	80 bottles
vaovao	news	noun			vaovaon'ny fanjakana	news of the realm
vaovao	new	adjective			fianakaviana vaovao	new family
varavarana	door	noun			manakatona varavarana	close the door
varavarankely	window	noun			manokatra aravaran-kely	open the windows
vary	rice	noun			vary sy tsaramaso	rice and beans
vatana	corpse	noun			mihalo ny vatana	the corpse is rotting
vatana	body	noun			vatana, fanahy sy saina ny olona	a person is body, soul and spirit
vato	stone	noun			vato sy simenitra	stones and cement
vatoaratra	battery	noun			vatoaratra vaovao	a new battery
vava	mouth	noun			ny vavako	my mouth
vavaka	prayer	noun			tsara ny vavaka	prayer is good
vavony	stomach	noun			vavony lehibe	big stomach
vavy antitra	old lady	noun			ny vavy antitro	my old lady
vazantany	corners	noun			avy amin'ny vazantany eto amin'izao tontolo izao	all corners of the world
vazivazy	joke	noun			itantarao vazivazy aho	tell me a joke
vazy	vase	noun			vazy tanimanga	clay vase
vazy	version	noun			vazy tanimanga?	which version?
vehivavy	woman	noun			vehivay tsara tarehy	a pretty woman
vehivavy	female	noun		the gender that has the egg in making offspring	kibom-behivavy	female's womb
velarana	area	math		a quantity that represents the size of a surface	velarana (mahitsizoro) = lavany x sakany	area (rectangle) = length x width
veloma	goodbye	exclamation			manaova veloma	say goodbye
velona	being	noun			olombelona	human being
vidy	price	noun			ohatrinona ny vidiny	how much is the price?
vilany	pot	noun			vilany vy	metal pot
vilia	plate	noun			sasao ny lovianao	wash your plate
vilia lalinaty	bowl	noun			vilia lalinaty mena	a red bowl
vita tsara	well done	exclamation			asa vita tsara	job well done!
vitsika	ant	noun			vitsika an'arivony	thousands of ants
voa	kidney	noun			manana voa ny saka	a cat has a kidney
voalavo	mouse	noun			voalavo be	a big mouse
voalavo	rat	noun			voalavo be	a big rat
voamaso	eyeball	noun			maso sy voamaso	eye and eyeball
voanjolava	groundnut	noun			katsaka sy voanjolava	corn and groundnuts
voankazo	fruit	noun			voaso ny voankazo	pluck fruit
voasarimakirana	lime	noun			ranom-boasarimakirana	lime juice
voasary	orange	noun			voasary telo	three oranges
voatabia	tomato	noun			voatabia roa	two tomatoes
voatavo	melon	noun			voatavo maitso	green melon
voay	crocodile	noun			tia rano ny voay	a crocodile likes water
voay	alligator	noun			misy rambo ny voay	an alligator has a tail
voditongotra	heel	noun			ratsan-tongotra sy voditongotra	toe and heel
vokatra	consequence	noun			ny vokany	its consequences
vola	money	noun			manampy ny vola	money helps
vola madinika	change	noun			manana vola madinika ve ianao?	do you have change?
vola vy 	coin	noun			vola vy efatra	four coins
volafotsy	silver	science			misy protona 47 ny volafotsy (Ag)	silver (Ag) has 47 protons
volafotsy	silver	noun			volafotsy sy volamena	silver and gold
volamena	gold	science			misy protona 79 ao amin'ny volamena (Au)	gold (Au) has 79 protons
volamena	gold	noun			ranomanitra sy volamena	fragrance and gold
volana	month	noun			iray volana	one month
volo	hair	noun			volo tratra	chest hair
volom-bava	beard	noun			volom-bava lava	long beard
volomaso	eyebrow	noun			maso sy volomaso	eye and eyebrow
volomboasary	orange	adjective			mitafy ilay akanjo mafana miloko volomboasary	wear the orange cap
volomparasy	violet	adjective			voninkazo volomparasy	violet flowers
volontany	brown	adjective			vorona volontany	brown bird
volontany	khakhi	noun			pataloha fohy volontany	khakhi shorts
vomanga	sweet potato	noun		<i>Ipomoea batatas</i>	tia vomanga aho	I like sweet potato
vomanga	yam	noun			andrahoy ny vomanga	cook the yam
vomanga	sweet potato	noun		<i>Ipomoea batatas</i>	Tiako ny vomanga	I like sweet potato
voninahitra	glory	noun			voninahitra ho an'ny olombelona	glory of humankind
voninkazo	flower	noun			voninkazo tsara tarehy	pretty flower
voromahery	vulture	noun			vorona ny voromahery	a vulture is a bird
voromahery	eagle	noun			voromahery roa	two eagles
voromailala	dove	noun			voromailala fotsy	white dove
vorona	bird	noun			manidina ny vorona	a bird flies
vorondolo	owl	noun			vorona ny vorondolo	an owl is a bird
vy	iron	science			misy protona 26 ao amin'ny vy (Fe)	iron (Fe) has 26 protons
Wolof	Wolof	noun			fiteny Wolof	Wolof language
Yoruba	Yoruba	noun			Fiteny Yoruba	Yoruba language
zanabola	interest	noun			zanabolan'ny trosa	loan interest
zanadrahalahy	nephew	noun			zanadrahalahin'ny raiko	my father's nephew
zanaka	child	noun			ny zanaky ny reniko dia mpiraitampo amiko	my mother's child is my sibling
zanaka lahy	son	noun		male child	ny zana ko lahy	my son
zanaka vavy	daughter	noun		female child	ny zana ko vavy	my daughter
zanakavavin'ny mpiraitampo	niece	noun			zanakavavin'ny mpiraitampo amiko	my nieces
zato	hundred	adjective		the number 100	tavoahangy zato	hundred bottles
zavamaniry	plant	noun			zavamaniry mena	red plant
zavatra	something	pronoun			ampisehoy zavatra aho	show me something
zavatra	thing	noun		a reference to an unnamed object	ny zavatra; ireo zavatra	the thing; the things
zavatra	something	noun			mitazona zavatra mafy	to hold something firmly
zavona	mist	noun			zavona maraina	morning mist
zaza	toddler	noun			ho aiza ianao ry zaza	toddler, where are you going?
zazakely	baby	noun			manana zazakely aho	I have a baby
zazalahy	boy	noun			eto ilay zazalahy	the boy is here
zazavavy	girl	noun			zazavavy ranjanana	tall girl
zebra	zebra	noun			zebra fito	seven zebras
zipo	skirt	noun			zipo fohy	short skirt
zirafy	giraffe	noun			biby ny zirafy	a giraffe is an animal
zo	rights	noun			zo mahaolona	rights of humankind
Zoma	Friday	noun			Zoma ho an'ny ankizy	Friday children
zoro	angle	noun		the length of turn between two straight lines that meet	zoro roa	two angles
