a	at	preposition			recibirme en su casa	meet me at home
a	to	preposition			de aquí para allá	from here to there
a menos que	unless	conjunction			ella vendrá a menos que llueva	she will come unless it rains
abajo	down	adverb			ir abajo	go down
abdomen	abdomen	noun			abdomen de un perro	abdomen of a dog
abeja	bee	noun			muchas abejas	many bees
abogado	lawyer	noun			cuatro abogados	four lawyers
aborto	abortion	noun			el médico realiza aborto	the doctor performs abortion
Abril	April	noun			Abril tiene 30 días	April has 30 days
abuela	grandmother	noun			mi abuela	my grandmother
abuelo	grandfather	noun			mi abuelo	my grandfather
acceso	access	noun			dame acceso	give me access
accidente	accident	noun			accidente automovilistico	car accident
acción	action	noun			mostrarme la acción	show me the action
aceite vegetal	vegetable oil	noun			utilizar aceite vegetal para freír pescado	use vegetable oil to fry fish
aceptar	accept	verb			aceptar su	accept her
acertijo	riddle	noun			puzzles y acertijos	puzzles and riddles
acidez	heartburn	noun			Tengo la acidez estomacal	I have heartburn
acoso	bullying	noun			detener el acoso escolar	stop the bullying
acusar	accuse	verb			lo acusaron	they accused him
adiós	goodbye	exclamation			decir adiós	say goodbye
administrar	manage	verb			para administrar a alguien	to manage someone
admiración	wonder	noun			admiración y amor	wonder and love
adoptar	adopt	verb			adoptar un niño	to adopt a child
adulación	adulation	noun			que merece la adulación	she deserves adulation
adulterio	adultery	noun			el adulterio y el divorcio	adultery and divorce
adulto	adult	noun			él es un adulto	he is an adult
advertencia	warning	noun			escuchar la advertencia	listen to the warning
advertir	warn	verb			advertir a alguien	warn someone
aflojar	loosen	verb			para aflojar la correa	to loosen the belt
África	Africa	noun			visitar África	visit Africa
Africano	African	noun			Yo soy un africano	I am an African
afuera	outside	noun			ve afuera	go outside
afueras	outskirt	noun			Yo vivo en las afueras	I live in the outskirts
Agosto	August	noun			Agosto tiene 31 días	August has 31 days
agradecer	thank	verb			para agradecer a su padre	to thank your Father
agresión	aggression	noun			demasiada agresión	too much aggression
agricultor	farmer	noun			ella es un agricultor	she is a farmer
agua	water	noun			beber agua	you drink water
agua de manantial	springwater	noun			beber agua de manantial	to drink springwater
aguja	needle	noun			cadena y la aguja	string and needle
agujero	hole	noun			pequeño agujero	small hole
ah	ah	exclamation			¡Ah, sí!	ah yes!
ahora	now	adverb			ve ahora	go now
aire	air	noun			el aire está soplando	the air is blowing
ajustar	adjust	verb			para ajustar la puerta	to adjust the door
Akan	Akan	noun		a language group originating from West Africa	Hablo Akan	I speak Akan
al aire libre	outdoors	noun			ir al aire libre	go outdoors
ala	wing	noun			una paloma tiene alas	a dove has wings
aleluya	hallelujah	exclamation		means "God be praised"	cantar aleluya	sing hallelujah
alfileres y agujas	pins and needles	noun			alfileres y agujas no es una enfermedad	pins and needles is not a disease
algo	something	noun			para sostener algo firmemente	to hold something firmly
algo	something	pronoun			mostrarme algo	show me something
algodón	cotton	noun			algodón húmedo	wet cotton
alguien	someone	pronoun			alguien viene	someone is coming
Alhaji	alhaji	noun			él es un Alhaji	he is an alhaji
aliento	breath	noun			recoger el aliento; resto	collect your breath; rest
alma	soul	noun			mi alma se regocija	my soul exults
almohada	pillow	noun			almohadas y camas	pillow and bed
altura	height	noun			altura y el ancho	height and width
aluminio	aluminium	science			aluminio (Al) tiene 13 protones	aluminium (Al) has 13 protons
amado	lover	noun			mi amado me ha engañado	my lover has tricked me
amanecer	dawn	noun			saldremos de aquí al amanecer	we will leave here at dawn
amanecer	daybreak	noun			el amanecer y el anochecer	daybreak and nightfall
amargo	bitter	adjective			medicina amarga	bitter medicine
amarillo	yellow	adjective			bandera amarilla	yellow flag
amenaza	threat	noun			detener las amenazas	stop the threats
amigo	friend	noun			mi amigo	my friend
amistad	friendship	noun			la amistad es buena	friendship is good
amor	love	noun			el amor y la paz	love and peace
ancho	width	noun			altura y el ancho	height and width
ancla	anchor	noun			ancla de un barco	anchor of a ship
anguila	eel	noun			siete anguilas	seven eels
ángulo	angle	noun		the length of turn between two straight lines that meet	dos ángulos	two angles
animal	animal	noun			un perro es un animal	a dog is an animal
año	year	noun			un año nuevo ha llegado	a new year has come
anochecer	nightfall	noun			el amanecer y el anochecer	daybreak and nightfall
antepasado	ancestor	noun			mis antepasados	my ancestors
antes de	before	preposition			comer antes de (que) del sueño	eat before (you) sleep
anual	yearly	adjective			un festival anual	a yearly festival
anunciar	announce	verb			anunciar que	announce that
anunciar	advertise	verb			para anunciar un producto	to advertise a product
anuncio	announcement	noun			leer el anuncio	read the announcement
anzuelo	fish-hook	noun			dos anzuelos	two fish-hooks
apatía	apathy	noun			apatía mata cosas buenas	apathy kills good things
aprender	learn	verb			aprenden un idioma	they learn a language
aquí	here	adverb			haga clic aquí	click here
aquí	here	noun		this place or this position	a partir de aquí	go from here
araña	spider	noun			telaraña	spider's web
árbol	tree	noun			plantar un árbol	plant a tree
árbol de algodón de seda	silk cotton tree	noun			cortar el árbol de algodón de seda	cut the silk cotton tree
archivo	file	noun			archivo de computadora	computer file
arcilla	clay	noun			jarrón de arcilla	clay vase
arco iris	rainbow	noun			Veo un arco iris	I see a rainbow
ardilla	squirrel	noun			una ardilla le gusta nueces de palma	a squirrel likes palm nuts
arena	sand	noun			playa de arena	beach sand
arenque	herring	noun			un arenque es un pez	a herring is a fish
Argelia	Algeria	noun			ir a Argelia	go to Algeria
argón	argon	science			argón (Ar) tiene 18 protones	argon (Ar) has 18 protons
argumento	argument	noun			muchos argumentos	many arguments
arma	weapon	noun			vendemos armas	we sell weapons
arreglar	arrange	verb			arreglar las sillas	arrange the chairs
arrepentimiento	repentance	noun			amor y arrepentimiento	love and repentance
arroyo	brook	noun			beber del arroyo	to drink from the brook
arroz	rice	noun			arroz y frijoles	rice and beans
arteria	artery	noun		arteries carry blood away from the heart	una arteria grande	a large artery
articulación	joint	noun			estirar las articulaciones	stretch your joints
asesinato	murder	noun			chismes y asesinato	gossip and murder
asesino	murderer	noun			él es un asesino	he is a murderer
asistente	assistant	noun			mi asistente	my assistant
asociación	association	noun			llegado a reunión de la asociación de los hombres	come to the men's association meeting
atleta	athlete	noun			ella es un atleta	she is an athlete
átomo	atom	science			un átomo tiene un núcleo y electrones	an atom has a nucleus and electrons
atrapar	catch	verb			atrapar la pelota	catch the ball
aunque	though	conjunction			Veo aunque es oscuro	I see though it is dark
auricular	earpiece	noun			nuevo auricular	new earpiece
autobús	bus	noun			parada de autobús	bus stop
autopista	highway	noun			los coches en una autopista	cars on a highway
avaro	miser	noun			él es un avaro	he is a miser
avión	aeroplane	noun			dos aviones	two aeroplanes
avión	plane	noun		aeroplane, airplane	abordar un avión	board a plane
avispa	wasp	noun			muchas avispas	many wasps
axila	armpit	noun			axila huele mal	smelly armpit
ay	oh	exclamation			¡ay mi hermana!	oh my sister!
ay	ouch	exclamation			¡Ay! Duele	Ouch! It hurts
ayer	yesterday	adverb			llegó ayer	she arrived yesterday
ayuda	help	verb			usted está ayudando a todo el mundo	you are helping everyone
ayuda	help	noun			todo el mundo necesita ayuda	everyone needs help
ayuno	fasting	noun			oración y ayuno	prayer and fasting
azufre	sulfur	science			azufre (S) tiene 16 protones	sulfur (S) has 16 protons
azul	blue	adjective			vestido azul	blue dress
azulejo	tile	noun			azulejos del baño	bathroom tiles
babuino	baboon	noun			tres babuinos	three baboons
bailando	dancing	noun			cantando y bailando	singing and dancing
bajo	under	preposition			ella va a barrer debajo de la mesa	she will sweep under the table
bala	bullet	noun			dos balas	two bullets
ballena	whale	noun			una gran ballena	a large whale
banco	bank	noun			mi dinero está en el banco	my money is at the bank
bandeja	tray	noun			poner la comida en la bandeja	put the food on the tray
bandera	flag	noun			bandera amarilla	yellow flag
baño	bathroom	noun			ir al baño	go to the bathroom
barato	cheap	adjective			ser barato	be cheap
barba	beard	noun			barba larga	long beard
barbilla	chin	noun			mantener su barbilla	hold your chin
barco	boat	noun			barco rojo	red boat
barril	barrel	noun			llenar el barril	fill up the barrel
barrio	neighbourhood	noun			vivimos en el mismo barrio	we live in the same neighbourhood
barro	mud	noun			lavar el barro	wash the mud
basura	rubbish	noun			tirar la basura	throw away the rubbish
basura	trash	noun			tirar la basura	throw away the trash
basura	junk	noun			hay basura en la habitación	there is junk in the room
batalla	battle	noun			vamos a la batalla	we are going to battle
batería	battery	noun			una batería nueva	a new battery
bautismo	baptism	noun			arrepentimiento y el bautismo	repentance and baptism
bebé	baby	noun			Tengo un bebé	I have a baby
beber	drink	verb			beber agua	to drink water
beca	scholarship	noun			Tengo una beca	I have a scholarship
belleza	beauty	noun			la belleza y el amor	beauty and love
bendición	blessing	noun			La bendición de Dios	God's blessing
Benin	Benin	noun		A country in Africa	ir a Benin	go to Benin
berilio	beryllium	science			berilio (Be) tiene 4 protones	beryllium (Be) has 4 protons
biblia	bible	noun			la Biblia y el Corán	the Bible and the Koran
biblioteca	library	noun			vamos a ir a la biblioteca	we will go to the library
bicicleta	bicycle	noun			bicicleta nueva	new bicycle
bien	well	adverb			hacerlo bien	do it well
bien	good	noun			Bien y mal	good and evil
bien hecho	well done	exclamation			trabajo bien hecho!	job well done!
bienvenido	welcome	exclamation			Bienvenido Bienvenido!	welcome welcome!
bilis	bile	noun			bilis verde	green bile
biología	biology	noun		the study of living things	estamos aprendiendo biología	we are learning biology
blanco	white	adjective			casa blanca	white house
bloque	block	verb			para bloquear el camino	to block the way
boca	mouth	noun			mi boca	my mouth
bocado	morsel	noun			dos bocados	two morsels
boda	wedding	noun			vamos a una boda	we are going to a wedding
bola	ball	noun			jugar a la bola	play ball
bolsa	bag	noun			mirar a la bolsa	look at the bag
bolsillo	pocket	noun			nada dentro de mi bolsillo	nothing inside my pocket
bomba	bomb	noun			la bomba explotó	the bomb exploded
bondad	goodness	noun			bondad y misericordia	goodness and mercy
boro	boron	science			boro (B) tiene 5 protones	boron (B) has 5 protons
borracho	drunkard	noun			él es un borracho	he is a drunkard
botella	bottle	noun			cinco botellas	five bottles
brazo	arm	noun			levantar el brazo	lift up your arm
brecha	gap	noun			ella tiene una hermosa brecha entre los dientes	she has a beautiful gap between her teeth
broma	joke	noun			dime una broma	tell me a joke
bruja	witch	noun			ella es una bruja	she is a witch
brujería	witchcraft	noun			practicar la brujería	practise witchcraft
bueno	good	adjective			un regalo bueno	a good gift
buenos días	good morning	exclamation			buenos días, Kofi	good morning Kofi
buey	ox	noun			Veo un buey	I see an ox
bufanda	headscarf	noun			atar una bufanda	tie a headscarf
bufón	jester	noun			ella es un bufón	she is a jester
buitre	vulture	noun			un buitre es un ave	a vulture is a bird
Burkina Faso	Burkina Faso	noun			ir a Burkina Faso	go to Burkina Faso
buscar	search	verb		to look for something	buscar su casa	search his house
caballo	horse	noun			caballo blanco	white horse
cabeza	head	noun			su gran cabeza	your big head
cabra	goat	noun			una cabra y una oveja	a goat and a sheep
cacao	cocoa	noun			árbol del cacao	cocoa tree
cada	each	adjective			cada cosa	each thing
cadáver	corpse	noun			el cadáver se pudre	the corpse is rotting
cadena	string	noun			cadena y la aguja	string and needle
cadena	chain	noun			ella ha roto mis cadenas	she has broken my chains
cadera	hip	noun			mis caderas	my hips
caimán	alligator	noun			un caimán tiene una cola	an alligator has a tail
caja	box	noun			Un cuadro es más grande que la caja B	box A is bigger than box B
calcio	calcium	science			calcio (Ca) tiene 20 protones	calcium (Ca) has 20 protons
caliente	hot	adjective			agua caliente	hot water
calle	street	noun			nueva calle	new street
cama	bed	noun			dormir en la cama	sleep on the bed
camaleón	chameleon	noun			Veo el camaleón	I see the chameleon
cámara	camera	noun			de la lente de una cámara	lens of a camera
cambio	change	noun			¿tienes cambio?	do you have change?
camello	camel	noun			seis camellos	six camels
caminar	walk	verb			a caminar lentamente	to walk slowly
camino	path	noun			sigue el camino	follow the path
camino	way	noun			el camino	the way
camión	lorry	noun			parada de camión	lorry stop
camioneta	van	noun			abordar una camioneta	board a van
campamento	camp	noun			ir al campamento	go to the camp
campana	bell	noun			campana de la escuela	school bell
caña de azúcar	sugarcane	noun			masticar la caña de azúcar	to chew sugarcane
cáncer	cancer	noun			el cáncer se ha desaparecido	the cancer has disappeared
canción	song	noun			toca una canción	play a song
candado	padlock	noun			candado y llave	padlock and key
cangrejo	crab	noun			sopa de cangrejo	crab soup
canoa	canoe	noun			canoa y remo	canoe and paddle
cañón	canon	noun			disparar el cañón	shoot the canon
cantar	sing	verb			cantar una canción dulce	to sing a sweet song
cantidad	quantity	noun			cantidad de la comida	quantity of the food
capaz	capable	adjective			una mujer capaz	a capable woman
capital	capital	noun			Accra es la capital de Ghana	Accra is the capital of Ghana
capitán	captain	noun			ella es un capitán	she is a captain
capítulo	chapter	noun			capítulo 12	chapter 12
cara	face	noun			mira mi cara	look at my face
caracol	snail	noun			Me alimento de caracoles	I eat snails
caramelo	toffee	noun			lamer un caramelo	lick a toffee
carbón	charcoal	noun			saco de carbón	sack of charcoal
carbono	carbon	science			carbono (C) tiene 6 protones	carbon (C) has 6 protons
carga	charge	science			electricidad tiene carga positiva y carga negativa	electricity has positive charge and negative charge
carga	burden	noun			carga muy pesada	very heavy burden
carne	flesh	noun			carne y hueso	flesh and blood
carne	meat	noun			carne de cabra	goat meat
caro	expensive	adjective			es caro	it is expensive
carpintería	carpentry	noun			ella sabe carpintería	she knows carpentry
carpintero	carpenter	noun			él es carpintero	he is a carpenter
carrera	race	noun			correr una carrera	run a race
carta	letter	noun			escribir una carta	to write a letter
casa	house	noun			la casa	the house
catarro	catarrh	noun			Tengo catarro	I have catarrh
categoría	category	noun			cinco categorías	five categories
catorce	fourteen	adjective		the number 14	catorce botellas	fourteen bottles
cebra	zebra	noun			siete cebras	seven zebras
ceja	eyebrow	noun			ojo y ceja	eye and eyebrow
cemento	cement	noun			piedras y cemento	stones and cement
ceniza	ash	noun			carbón y cenizas	charcoal and ashes
centro	centre	noun			estar en el centro	be in the centre
cepillo	brush	noun			un cepillo negro	a black brush
cepillo de dientes	toothbrush	noun			cepillo de dientes y pasta de dientes	toothbrush and toothpaste
cerdo	pig	noun			algunos cerdos son de color rosa	some pigs are pink
cerebro	brain	noun			mi cerebro	my brain
cero	zero	adjective		A number that indicates nothingness; 0	Del cero al nueve	From zero to nine
cerrar	close	verb			para cerrar la puerta	to close the door
certificado	certificate	noun			cuando se completa la escuela a obtener un certificado	when you complete school you get a certificate
cerveza	beer	noun			estamos bebiendo cerveza	we are drinking beer
cesta	basket	noun			llevar una cesta	carry a basket
Chewa	Chewa	noun			Idioma Chewa	Chewa language
chica	girl	noun			chica alta	tall girl
chimpancé	chimpanzee	noun			Vi a un chimpancé	I saw a chimpanzee
chinche	bedbug	noun			para matar chinches	to kill bedbugs
chocolate	chocolate	noun			el chocolate se ha convertido barato	the chocolate has become cheap
chufa	tigernut	noun			cuatro chufas	four tigernuts
cicatriz	scar	noun			la mejilla tiene una cicatriz	her cheek has a scar
cielo	sky	noun			volar en el cielo	to fly into the sky
ciempiés	centipede	noun			mirar el ciempiés	look at the centipede
cien	hundred	adjective		the number 100	cientos de botellas	hundred bottles
ciencia	science	noun		the systematic study of the world using observation and experiment	estamos aprendiendo la ciencia	we are learning science
ciervo	deer	noun			un león le gusta la carne de ciervo	a lion likes deer meat
cigarrillo	cigarette	noun			fumar un cigarrillo	smoke a cigarette
cincel	chisel	noun			martillo y un cincel	hammer and chisel
cinco	five	adjective		The number 5	Cinco botellas	Five bottles
cincuenta	fifty	adjective		the number 50	cincuenta botellas	fifty bottles
cine	cinema	noun			Me voy a un cine	I am going to a cinema
cintura	waist	noun			su cintura	your waist
círculo	circle	noun		a circle has an infinite number of angles	tres círculos	three circles
circunstancia	circumstance	noun			mis circunstancias son difíciles	my circumstances are difficult
ciudad	town	noun			ir a la ciudad	go into town
ciudad	city	noun			una ciudad grande	a large city
ciudad natal	hometown	noun			Me voy a mi ciudad natal	I'm going to my hometown
ciudadano	citizen	noun		a member of a country community	Soy ciudadano	I am a citizen
civilizado	civilized	adjective			un mundo civilizado	a civilized world
clase	class	noun		academic stage in a school	él está en la clase 2	he is in class 2
clave	key	noun			puerta y la clave	door and key
clic	click	verb			haga clic aquí	click here
cloro	chlorine	science			cloro (Cl) tiene 17 protones	chlorine (Cl) has 17 protons
cobra	cobra	noun			Cobra negro	black cobra
coche	car	noun			conducir un coche	drive a car
cocina	kitchen	noun			Estoy en la cocina	I am in the kitchen
cocinar	cook	verb			cocine un poco de arroz	cook a little rice
coco	coconut	noun			dos cocos	two coconuts
cocodrilo	crocodile	noun			un cocodrilo le gusta el agua	a crocodile likes water
código	code	noun			escribir código	to write code
cola	tail	noun			un gato tiene una cola	a cat has a tail
colador	collander	noun			utilizar el colador para drenar el arroz	use the collander to drain the rice
colchón	mattress	noun			un colchón nuevo	a new mattress
colina	hill	noun			Tapa de la colina	hill top
collar	necklace	noun			collar de marfil	ivory necklace
color	colour	noun			siete colores	seven colours
columpio	swing	noun			jugar en un columpio	play on a swing
comando	command	noun			darle un comando	give him a command
comer	eat	verb			comer de todo	to eat everything
comerciante	trader	noun			Yo soy un comerciante	I am a trader
comida	food	noun			comer comida	eat food
cómo	how	adverb			cómo comer	how to eat
como estas	how are you	phrase			¿como estas?	how are you?
comodidad	comfort	noun			dame comodidad	give me comfort
compartir	share	verb			compartir la comida	share the food
compasión	compassion	noun			ella tiene compasión	she has compassion
compensación	compensation	noun			¿ha recibido su compensación?	have you received your compensation?
competición	competition	noun			competición de fútbol	football competition
comportamiento	behaviour	noun			comportamiento normal	normal behaviour
compra	purchase	verb			comprar un par de cosas	purchase a few things
comprador	buyer	noun			compradores y vendedores	buyers and sellers
comprar	buy	verb			comprar algo	to buy something
computación	computing	noun			una computadora hace la computación	a computer does computing
computadora	computer	noun			teclado de la computadora	computer keyboard
comunidad	community	noun			para integrar una nueva familia en la comunidad	to integrate a new family into the community
con	with	conjunction			Kofi con Ama	Kofi with Ama
concejal	councillor	noun			ella es un concejal	she is a councillor
conciencia	conscience	noun			tu conciencia	your conscience
concubina	concubine	noun			Yaa es mi concubina	Yaa is my concubine
conducir	drive	verb			conducir un coche	drive a car
conducir	lead	verb			conducirnos	lead us
conductor	driver	noun			el conductor ha frenado	the driver has braked
conejo	rabbit	noun			un conejo blanco	a white rabbit
conferencia	conference	noun			vamos a la conferencia	we are going to the conference
confianza	confidence	noun			Tengo confianza	I have confidence
Congo	Congo	noun			ir al Congo	go to Congo
conocimiento	knowledge	noun			todo el conocimiento en el mundo	all knowledge in the world
consecuencia	consequence	noun			sus consecuencias	its consequences
consejo	advice	noun			un sacerdote tiene consejos	a priest has advice
construir	build	verb			construir una casa	build a house
consuelo	consolation	noun			amor y consuelo	love and consolation
contar	count	verb			contar dinero	count money
continente	continent	noun			Continente africano	African continent
continuar	continue	verb			continuar el trabajo	continue the work
contraseña	password	noun			cambiar la contraseña	change password
cooperación	cooperation	noun			Ghana y Togo cooperación	Ghana and Togo cooperation
coraje	courage	noun			ella tiene el coraje	she has courage
corazón	heart	noun			buen corazón	good heart
cordero	lamb	noun			Jesús, Cordero de Dios	Jesus, lamb of God
corona	crown	noun			llevar la corona	to wear the crown
corpiño	bodice	noun			ella lleva un corpiño	she wears a bodice
correo electrónico	email	noun			imprimir el correo electrónico	print the email
cortar	cut	verb			para cortar el pastel en dos	to cut the cake in two
corte	court	noun			Voy a la corte	I am going to court
corte de pelo	haircut	noun			necesito un corte de pelo	I need a haircut
cosa	thing	noun		a reference to an unnamed object	la cosa; las cosas	the thing; the things
costa	coast	noun			Costa Dorada	gold coast
Costa de Marfil	Cote d'Ivoire	noun			ir a Costa de Marfil	go to Cote d'Ivoire
costo	cost	noun			precio = costo + ganancia	price = cost + profit
covetuousness	covetuousness	noun			covetuousness no es bueno	covetuousness is not good
cráneo	skull	noun			mi cráneo	my skull
creación	creation	noun			toda la creación	all creation
creador	creator	noun			dios creador	creator god
crear	create	verb			crear algo nuevo	create something new
creer	believe	verb			creer Kofi	believe Kofi
cristal	crystal	noun			un hermoso cristal	a beautiful crystal
cristiano	Christian	noun			un cristiano y un musulmán	a Christian and a Muslim
cruzar	cross	verb			cruzar el arroyo	cross the stream
cuando	when	conjunction		at the time	llegó cuando fuiste	he came when you went
cuarenta	forty	adjective		the number 40	cuarenta botellas	forty bottles
cuatro	four	adjective		The number 4	Hay cuatro botellas en la pared	There are four bottles on the wall
cubo	pail	noun			cubo y jabón	pail and soap
cubo	bucket	noun			el cubo se filtra	the bucket leaks
cucaracha	cockroach	noun		also known as a roach (American English)	Veo una cucaracha	I see a cockroach
cuchara	spoon	noun			dieciséis cucharas	sixteen spoons
cuchillo	knife	noun			afilar un cuchillo	sharpen a knife
cuello	neck	noun			el empate se cuelga en su cuello	the tie hangs on his neck
cuenca	basin	noun			nueve cuencas	nine basins
cuenta	account	noun		a description of events	cuenta bancaria	bank account
cuerda	rope	noun		a thick string usually made by twisting together smaller pieces of string	una cuerda larga	a long rope
cuerpo	body	noun			una persona es cuerpo, alma y espíritu	a person is body, soul and spirit
cuervo	crow	noun			un cuervo negro	a black crow
cultura	culture	noun			la cultura de mi escuela	the culture of my school
cumbre	summit	noun			Cumbre de la montaña	mountain summit
cumpleaños	birthday	noun			hoy es mi cumpleaños	today is my birthday
curación	healing	noun			trajo la curación	he brought healing
dar	give	verb			dar al agua con él	give the water to him
de	of	preposition		expresses possession	lengua de África	language of Africa
de	from	preposition			ve desde aquí	go from here
de nuevo	again	adverb			verla de nuevo	see her again
debate	debate	noun			el debate está empezando	the debate is starting
débil	weak	adjective			Soy débil	I am weak
debilidad	weakness	noun			en su debilidad	in her weakness
década	decade	noun			esta década	this decade
decágono	decagon	noun			decágono tiene diez ángulos	a decagon has ten angles
decepción	disappointment	noun			el amor tiene la decepción	love has disappointment
dedo	finger	noun			muéstrame tu dedo	show me your finger
demanda	demand	noun			demanda y la oferta	demand and supply
demandar	sue	verb			demandar a alguien	to sue someone
dentro	inside	adverb			ve adentro	go inside
deporte	sport	noun			a ella le gusta el deporte	she likes sports
derechos	rights	noun			los derechos de la humanidad	rights of humankind
derrota	defeat	noun			la victoria y la derrota	victory and defeat
desarrollo	development	noun			buen desarrollo	good development
desconocido	unfamiliar	adjective			animal desconocido	unfamiliar animal
desconocido	stranger	noun			tres desconocidos	three strangers
deseo	desire	noun			el deseo de su corazón	your heart's desire
desierto	desert	noun			el agua es escasa en el desierto	water is scarce in the desert
despacio	slowly	adverb			Camina despacio	walk slowly
desprecio	contempt	noun			detener el desprecio	stop the contempt
destruir	destroy	verb			destruir todo	destroy everything
determinación	determination	noun			lo haremos con determinación	we will do it with determination
detrás	behind	preposition			ve detrás	go behind
deuda	debt	noun			él tiene muchas deudas	he has many debts
día	day	noun			el día ha llegado	the day has arrived
diamante	diamond	noun			un diamante blanco	a white diamond
diarrea	diarrhoea	noun			tengo diarrea	I have diarrhoea
dibujar	draw	verb			dibujar un pájaro	draw a bird
diccionario	dictionary	noun			diccionario de imágenes	picture dictionary
Diciembre	December	noun			Diciembre tiene 31 días	December has 31 days
diecinueve	nineteen	adjective		the number 19	diecinueve botellas	nineteen bottles
dieciocho	eighteen	adjective		the number 18	dieciocho botellas	eighteen bottles
dieciséis	sixteen	adjective		the number 16	dieciséis botellas	sixteen bottles
diecisiete	seventeen	adjective		the number 17	diecisiete botellas	seventeen bottles
diente	tooth	noun			diente blanco	white tooth
diez	ten	adjective		the number 10	Diez botellas	ten bottles
diezmo	tithe	noun			pagar su diezmo	pay your tithe
diferente	different	adjective			cosas diferentes	different things
difícil	difficult	adjective			el examen es difícil	the exam is difficult
difícil	hard	adjective			es difícil	it is hard
dilación	procrastination	noun			la dilación no es bueno	procrastination is not good
dinero	money	noun			dinero ayuda	money helps
dios	god	noun			dios confiable	dependable god
dirección	address	noun			su dirección	your address
disciplina	discipline	verb			disciplinar a su hijo	discipline your child
discordia	discord	noun			la mentira y discordia	lies and discord
discúlpeme	excuse me	exclamation			Apenado. Discúlpeme.	Sorry. Excuse me.
disparar	shoot	verb			para disparar un arma de fuego	to shoot a gun
disposición	disposition	noun			disposición de una persona	a person's disposition
diss	diss	noun			no es un diss	it is not a diss
distinguido	distinguished	adjective			una rana distinguido	a distinguished frog
dividir	divide	verb		separate into parts	dividir el pan	divide the bread
división	division	noun			2/1 = 2; esta es la división	2/1 = 2; this is division
divorcio	divorce	noun			matrimonio y el divorcio	marriage and divorce
doce	twelve	adjective		the number 12	doce botellas	twelve bottles
dólar	dollar	noun			diez dólares	ten dollars
dolor	grief	noun			dolor me está matando	grief is killing me
dolor	pain	noun			el dolor es aquí	the pain is here
dolor de muelas	toothache	noun			tengo dolor de muelas	I have toothache
Domingo	Sunday	noun			Kwasi y Akosua son hijos Domingo	Kwasi and Akosua are Sunday children
dónde	where	adverb			¿Dónde vives?	where do you live?
dormir	sleep	verb			dormir por la noche	to sleep at night
dormitorio	bedroom	noun			la casa tiene dos dormitorios	the house has two bedrooms
dos	two	adjective			Hay dos botellas en la pared	There are two bottles on the wall
drama	drama	noun			Me gustan las películas de drama	I like drama films
duda	doubt	noun			ella tiene dudas	she has doubts
dulce	sweet	adjective			el té es dulce	the tea is sweet
duración	duration	noun			duración de cuarenta horas	forty-hour duration
ébola	ebola	noun			ébola es una enfermedad	ebola is a disease
ebullición	boil	noun			ebullición es doloroso	a boil is painful
economía	economy	noun			la economía de África	the economy of Africa
educación	education	noun			la salud y la educación	health and education
egoísmo	selfishness	noun			el egoísmo no es bueno	selfishness is not good
ejemplo	example	noun			Un buen ejemplo	a good example
él	he	pronoun		used to indicate one male person previously mentioned	él come	he eats
electricidad	electricity	science			la electricidad es cuando las cargas van de un lugar a un nuevo lugar	electricity is when charges go from one place to a new place
electrón	electron	science			un electrón tiene una carga de -1	an electron has a charge of -1
elefante	elephant	noun			un elefante es muy grande	an elephant is very big
ella	she	pronoun		used to indicate one female person previously mentioned	ella come	she eats
ellos	they	pronoun		used to indicate people, or things, previously mentioned	ellos comen	they eat
elogios	praise	noun			ella merece elogios	she deserves praise
embriaguez	drunkenness	noun			la embriaguez y el dolor	drunkenness and pain
empate	tie	noun		a necktie	el empate se cuelga en su cuello	the tie hangs on his neck
empujar	push	verb			para empujar el camión	to push the lorry
en	in	preposition			que está en la casa	it is in the house
enano	dwarf	noun			siete enanos	seven dwarves
encontrar	find	verb			encontrar la palabra	find the word
enemigo	enemy	noun			enemigos cansarán	enemies will tire
enemistad	enmity	noun			gran enemistad	great enmity
energía	energy	science			usted puede cambiar la masa en energía	you can change mass into energy
Enero	January	noun			Enero tiene 31 días	January has 31 days
enfermedad	disease	noun			curar enfermedades	heal disease
enfermedad	sickness	noun			qué enfermedad tiene usted?	what sickness have you?
enfermera	nurse	noun			ella es una enfermera	she is a nurse
engañar	fool	noun			¡Engañar! Dimwit!	Fool! Dimwit!
engaño	deception	noun			el engaño y la discordia	deception and discord
enlace	link	noun			Enlace de Internet	Internet link
enseñar	teach	verb			para enseñar matemáticas	to teach mathematics
entender	understand	verb			entender algo muy bien	to understand something very well
entrada	entry	noun			una nueva entrada en el libro	a new entry in the book
entrar	enter	verb			entrar en la habitación	enter into the room
entre	among	preposition			entre personas	among people
entrega	delivery	noun			la entrega ha llegado	the delivery has arrived
entregar	deliver	verb		send to someone	entregar dinero para mí	deliver money to me
entrenador	coach	noun			un entrenador del equipo de fútbol	a football team coach
entrenar	train	verb			me entrenará	he will train me
Eritrea	Eritrea	noun			ir a Eritrea	go to Eritrea
erizo	hedgehog	noun			siete erizos	seven hedgehogs
error	mistake	noun			todos cometemos errores	everyone makes mistakes
escalar	climb	verb			escalar montañas	to climb mountains
escalera	ladder	noun			larga escalera	long ladder
escalera	stair	noun			subir las escaleras	climb the stairs
escarlata	scarlet	adjective			un vestido escarlata	a scarlet dress
escasez	scarcity	noun			la escasez de agua	scarcity of water
escoba	broom	noun			escoba y recogedor	broom and dustpan
escribir	write	verb			escribir una carta	to write a letter
escritor	writer	noun			Soy un escritor	I am a writer
escritura	scripture	noun			a leer las Escrituras	to read the scriptures
escucha	listen	verb			escuchar música	to listen to music
escuela	school	noun		a place where learning happens	Aprendo a leer en la escuela	I learn to read at school
ese	that	determiner			Ese perro	that dog
esfuerzo	effort	noun			un buen esfuerzo	a good effort
espacio	space	science			el espacio es un vacío	space is a vacuum
específico	specific	adjective			mostrarme lo específico	show me the specific thing
espectador	spectator	noun			los espectadores	the spectators
espejo	mirror	noun			gran espejo	big mirror
esperanza	hope	noun			Tengo la esperanza	I have hope
esperar	wait	verb			que esperar un poco	to wait a bit
espía	spy	noun			él es un espía	he is a spy
espionaje	espionage	noun			películas de espionaje	espionage films
espíritu	spirit	noun			él tiene un espíritu fuerte	he has a strong spirit
esponja	sponge	noun			mi esponja	my sponge
esposa	wife	noun			mi esposa y mis hijos	my wife and my children
esta	this	determiner			prestarme este libro	lend me this book
estación	station	noun			estación de tren	train station
estación seca	dry season	noun			la estación seca ha llegado	the dry season has arrived
estado	state	noun			visita nuestra lamentable estado	look at our pitiful state
este	east	noun			ir hacia el este	go east
estera	mat	noun			extendido una estera	spread out a mat
estiércol	dung	noun			estiércol de vaca	cow dung
estilo de vida	lifestyle	noun			un estilo de vida activo	an active lifestyle
estofado	stew	noun			hacer estofado	make stew
estómago	stomach	noun			estómago grande	big stomach
estornudar	sneeze	verb			estornudar ruidosamente	to sneeze loudly
estrella	star	noun			un montón de estrellas	plenty of stars
estudiante	student	noun			veinte estudiantes	twenty students
estufa	stove	noun			estufa de gas	gas stove
eternidad	eternity	noun			a partir de ahora a la eternidad	from now to eternity
eterno	eternal	adjective			Dios eterno	eternal God
Etiopía	Ethiopia	noun		A country in Africa	ir a Etiopía	go to Ethiopia
evento	event	noun			el evento ha comenzado	the event has started
evitar	avoid	verb			para evitar el mal	to avoid evil
examen	exam	noun			el examen es fácil	the exam is easy
éxito	success	noun			el éxito y la felicidad	success and happiness
experiencia	experience	noun			ella tiene experiencia	she has experience
explicar	explain	verb			explicarme	to explain to me
extensión	extension	noun			extensión de la casa	house extension
extranjero	abroad	noun			ella va al extranjero	she goes abroad
extranjero	foreigner	noun			los extranjeros han llegado	the foreigners have arrived
fábula	fable	noun			uno no cree fábulas	one does not believe fables
fácil	easy	adjective			el examen es fácil	the exam is easy
familia	family	noun			nueva familia	new family
familiar	familiar	adjective			un animal familiarizado	a familiar animal
fantasma	ghost	noun			Veo un fantasma	I see a ghost
favoritismo	favouritism	noun			detener el favoritismo	stop the favouritism
fe	faith	noun			la fe y la paz	faith and peace
Febrero	February	noun			Febrero tiene 28 o 29 días	February has 28 or 29 days
fecha	date	noun			qué fecha es hoy?	which date is today?
felicidad	happiness	noun			felicidad ha llegado	happiness has arrived
felicitaciones	congratulations	noun			felicitaciones y bien hecho	congratulations and well done
feo	ugly	adjective			es feo	it is ugly
fértil	fertile	adjective			tierra fértil	fertile  land
festival	festival	noun			un festival anual	a yearly festival
fiebre	fever	noun			tiene fiebre	she has a fever
fiesta	party	noun			Voy a una fiesta	I am going to a party
fila	row	noun			tres filas de sillas	three rows of chairs
filosofía	philosophy	noun			Estoy aprendiendo filosofía	I am learning philosophy
filósofo	philosopher	noun			ella es un filósofo	she is a philosopher
fin	end	noun			ha llegado el fin	the end has come
física	physics	noun		the study of the laws of the universe	estamos aprendiendo la física	we are learning physics
flauta	flute	noun			tocar la flauta	play the flute
flema	phlegm	noun			limpiar la flema	wipe the phlegm
flor	flower	noun			flor bonita	pretty flower
flúor	fluorine	science			flúor (F) tiene 9 protones	fluorine (F) has 9 protons
follaje	foliage	noun			cortar el follaje	cut the foliage
forma	shape	noun			la forma de la casa	the shape of the house
fortaleza	fortress	noun			Dios es mi fortaleza	God is my fortress
fósforo	phosphorus	science			fósforo (P) tiene 15 protones	phosphorus (P) has 15 protons
fragancia	fragrance	noun			la fragancia de la manteca de karité	the fragrance of sheabutter
frasco	jar	noun			siete frascos	seven jars
frase	sentence	noun			palabras se unen para formar frases	words join to make sentences
fregadero	sink	noun			drenar el fregadero	drain the sink
freno	brake	noun			freno de un coche	brake of a car
frente	forehead	noun			mirar en la frente	look at her forehead
fricción	friction	noun			fricción se interpuso entre nosotros	friction came between us
frijole	bean	noun			arroz y frijoles	rice and beans
frío	cold	adjective			agua fría	cold water
fruta	fruit	noun			arrancar la fruta	pluck fruit
fuego	fire	noun			encender el fuego	light the fire
fuerte	strong	adjective			una mujer fuerte	a strong woman
fuerza	strength	noun			fuerza y ​​poder	strength and power
fuerza	force	noun			él lo tomó por la fuerza	he took it by force
fufu	fufu	noun			comer fufu	eat fufu
funeral	funeral	noun			Voy a un funeral	I am going to a funeral
fútbol	soccer	noun			competición de fútbol	football competition
futuro	future	noun			Veo lujo en su futuro	I see luxury in your future
GaDangme	GaDangme	noun		Ga. A West African people; their language	Hablo GaDangme	I speak GaDangme
gafas	spectacles	noun			ella lleva gafas	she wears spectacles
gallinero	coop	noun			gallinero	hen coop
gallo	cockerel	noun			un gallo cacarea	a cockerel is crowing
galón	gallon	noun			un galón de agua	a gallon of water
ganar	win	verb			para ganar un concurso	to win a competition
garaje	garage	noun			garaje	car garage
garganta	throat	noun			aclarar la garganta	clear your throat
gato	cat	noun			un gato tiene una cola	a cat has a tail
Gbe	Gbe	noun			Idioma Gbe	Gbe language
gemelo	twin	noun		one of a pair of twins	ella es un gemelo	she is a twin
gemelos	twins	noun			Somos gemelos	we are twins
Ghana	Ghana	noun		a country in Africa	gente de Ghana se llaman los ghaneses	people from Ghana are called Ghanaians
gigante	giant	adjective			él es un hombre gigante	he is a giant man
gigante	giant	noun			cuatro gigantes	four giants
ginseng	ginseng	noun			El ginseng es una planta	ginseng is a plant
globo	balloon	noun			dos globos	two balloons
gloria	glory	noun			gloria de la humanidad	glory of humankind
glotón	glutton	noun			es glotón	he is a glutton
gobernador	governor	noun			ella es el gobernador	she is the governor
gobernar	govern	verb			gobernar Ghana	govern Ghana
gobierno	government	noun			El gobierno de Nkrumah	Nkrumah's government
golpe	blow	noun			darle un golpe	give him a blow
golpear	beat	verb			golpear a alguien	beat someone
gong gong	gong gong	noun			tocar el gong gong	play the gong gong
gracias	thank you	exclamation			muchas gracias	thank you very much
gracias	thanks	exclamation			Gracias Mandela!	Thanks Mandela!
graduado	graduate	noun			ella es un graduado	she is a graduate
gramo	gramme	noun			diez gramos	ten grammes
grande	big	adjective			Adae Grande	Big Adae
grasa	grease	noun			grasa en una sartén	grease in a pan
grifo	tap	noun			abrir el grifo	open the tap
gritar	shout	verb			a gritar por ayuda	to shout for help
grupa	rump	noun			mirar a su grupa	look at his rump
grupo	group	noun			háganos encontramos un grupo	let us found a group
guau	wow	exclamation			guauu! gracias!	wow! thank you!
guerra	war	noun			vamos a la guerra	we are going to war
guerra civil	civil war	noun			detener la guerra civil	stop the civil war
guerrero	warrior	noun			guerrero de la antigüedad	warrior of antiquity
guiar	guide	verb			para guiar a la gente	to guide people
Guinea	Guinea	noun		A country in Africa	ir a Guinea	go to Guinea
gusano	worm	noun			gusano, ¿a dónde vas?	worm, where are you going?
gusano	maggot	noun			muchos gusanos	many maggots
habilidad	skill	noun			ella tiene buenas habilidades	she has good skills
habitación	room	noun			ella está durmiendo en la habitación	she is sleeping in the room
hábito	habit	noun			mal hábito	bad habit
hablar	talk	verb			hablar demasiado	to talk too much
hacer	make	verb			hacer que los alimentos	make food
halcón	hawk	noun			un halcón y un pollo	a hawk and a chicken
hamaca	hammock	noun			dormir en la hamaca	sleep in the hammock
hambre	hunger	noun			el hambre y la sed	hunger and thirst
harina	flour	noun			harina de maíz	corn flour
Hasta que	until	preposition			hasta que nos encontremos de nuevo	until we meet again
Hausa	Hausa	noun			Idioma hausa	Hausa language
helio	helium	science			helio (He) tiene 2 protones	helium (He) has 2 protons
heptágono	heptagon	noun			un heptágono tiene siete ángulos	a heptagon has seven angles
herencia	inheritance	noun			reclamar su herencia	claim your inheritance
hermana	sister	noun			mi única hermana	my only sister
hermano	sibling	noun			hijo de mi madre es mi hermano	my mother's child is my sibling
hermano	brother	noun			mi único hermano	my only brother
hermoso	beautiful	adjective			es hermoso	it is beautiful
herpes	herpes	noun			herpes es una enfermedad	herpes is a disease
hexágono	hexagon	noun		a polygon with six angles	un hexágono tiene seis ángulos	a hexagon has six angles
hidrógeno	hydrogen	science			hidrógeno (H) tiene 1 protón	hydrogen (H) has 1 proton
hiena	hyena	noun			dos hienas	two hyenas
hierba	grass	noun			una hierba mastica vaca	a cow chews grass
hierro	iron	science			hierro (Fe) tiene 26 protones	iron (Fe) has 26 protons
hígado	liver	noun			un perro tiene un hígado	a dog has a liver
hija	daughter	noun		female child	mi hija	my daughter
hijo	son	noun		male child	mi hijo	my son
hipo	hiccups	noun			él tiene el hipo	he has got the hiccups
hipocresía	hypocrisy	noun			la hipocresía y la mentira	hypocrisy and lies
hipopótamo	hippopotamus	noun		also called a hippo	un hipopótamo tiene un estómago grande	a hippopotamus has a big stomach
historia	history	noun			aprender historia	learn history
historia	story	noun			contarme una historia	tell me a story
hoja	leaf	noun			hoja verde	green leaf
hola	hello	exclamation			hola señor	hello sir
Hollín	soot	noun			hollín negro	black soot
hombre	man	noun			un hombre alto	a tall man
hongos	mushroom	noun			sopa de hongos	mushroom soup
honor	honour	noun			honor y amor	honour and love
hora	hour	noun			diez horas	ten hours
hormiga	ant	noun			miles de hormigas	thousands of ants
hormiguero	anthill	noun			un hormiguero de altura	a tall anthill
hornear	bake	verb			hornear pan	bake bread
hospital	hospital	noun			ir a un hospital	go to a hospital
hotel	hotel	noun			duerme en un hotel	she sleeps at a hotel
hoy	today	adverb			que llega hoy	she arrives today
hueso	bone	noun			mano tiene huesos	my hand has bones
huevo	egg	noun			huevo de gallina	chicken egg
humanidad	humankind	noun			somos la humanidad	we are humankind
humano	human	noun			somos humanos	we are humans
humildad	humility	noun			mostrar humildad	you show humility
humo	smoke	noun			humo eructo	belch smoke
idea	idea	noun			tengo una idea	I have an idea
idioma	language	noun			muchos idiomas	many languages
Igbo	Igbo	noun			Idioma Igbo	Igbo language
iglesia	church	noun			ir a la iglesia	go to church
imagen	picture	noun			bella imagen	beautiful picture
impar	odd	mathadj			1 es un número impar	1 is an odd number
impertinencia	impertinence	noun			detener la impertinencia	stop the impertinence
importante	important	adjective			usted es una persona importante	you are an important person
impuesto	levy	noun			pagar un impuesto	pay a levy
impuesto	tax	noun		a payment by members of a community to support the community	pagar impuestos	to pay tax
independencia	independence	noun			día de la independencia	independence day
indigente	indigent	noun			un indigente no tiene nada	an indigent has nothing
índigo	indigo	adjective			tela índigo	indigo cloth
infancia	childhood	noun			mi infancia	my childhood
infierno	hell	noun			el cielo y el infierno	heaven and hell
infinito	infinity	noun		the number ∞	si se divide un número por cero, se obtiene el infinito	if you divide any number by zero, you get infinity
informe	report	noun			hacer un informe	make a report
ingeniero	engineer	noun			un ingeniero hace herramientas	an engineer makes tools
ingle	groin	noun			la ingle de un hombre	groin of a man
Inglés	English	noun			Hablo Inglés	I speak English
insecto	insect	noun			una cucaracha es un insecto	a cockroach is an insect
insulto	insult	noun			muchos insultos	many insults
integrar	integrate	verb		to join together to form a whole	para integrar una nueva persona en la familia	to integrate a new person into the family
intercambiar	trade	verb		to exchange products and services	intercambiar rápidamente	to trade quickly
Internet	internet	noun			enlace de Internet	internet link
invitado	guest	noun			Soy un invitado	I am a guest
inyección	injection	noun			una inyección es dolorosa	an injection is painful
ir	go	verb			ir a la escuela	to go to school
ira	anger	noun			calmar su ira	calm your anger
isla	island	noun			Isla Seychelles	Seychelles island
Islam	Islam	noun			El cristianismo y el Islam	Christianity and Islam
izquierda	left	adjective			ve a la izquierda	go left
jabón	soap	noun			cubo y jabón	pail and soap
jardín	garden	noun			nuestro jardín	our garden
je	heh	exclamation			lo siento, je	sorry, heh
jefe	chief	noun			ella es un jefe	she is a chief
jengibre	ginger	noun			sopa de jengibre	ginger soup
jeringa	syringe	noun			jeringa de una enfermera	a nurse's syringe
jirafa	giraffe	noun			una jirafa es un animal	a giraffe is an animal
jollof	jollof	noun			jollof es comida	jollof is food
joven	young	adjective			persona joven	young person
juego	game	noun			jugar a un juego	play a game
Jueves	Thursday	noun			Niños Jueves	Thursday children
juez	judge	noun			siete jueces	seven judges
juicio	judgement	noun			que el juicio?	which judgement?
Julio	July	noun			Julio tiene 31 días	July has 31 days
Junio	June	noun			Junio ​​tiene 30 días	June has 30 days
juntos	together	adverb			fueron juntos	they went together
juramento	oath	noun			gran juramento	great oath
justicia	justice	noun			la libertad y la justicia	freedom and justice
juventud	youth	noun			en mi juventud, yo era fuerte	in my youth, I was strong
Kenia	Kenya	noun		A country in Africa	ir a Kenia	go to Kenya
kenke	kenkey	noun			kenke y estofado	kenkey and stew
khakhi	khakhi	noun			pantalones cortos khakhi	khakhi shorts
khebab	khebab	noun			khebabs y cerveza	khebabs and beer
kilómetro	kilometre	noun			diez kilometros	ten kilometres
la	the	determiner			la casa	the house
la leche materna	breastmilk	noun			beber la leche materna	drink the breastmilk
la piel de gallina	goosebumps	noun			Tengo la piel de gallina	I have got goosebumps
labios	lip	noun			labios rojos	red lips
laboratorio	laboratory	noun		also 'lab'	laboratorio del hospital	hospital laboratory
ladrillo	brick	noun			ladrillos rojos	red bricks
ladrón	thief	noun			él no es un ladrón	he is not a thief
lagarto	lizard	noun			un lagarto come hierba	a lizard eats grass
lago	lake	noun			el lago se ha desbordado	the lake has overflowed
lágrima	teardrop	noun			un par de lágrimas	a few teardrops
langosta	lobster	noun			Yo como langosta	I eat lobster
lanza	spear	noun			que le traspasaron con una lanza	they pierced him with a spear
lápiz	pencil	noun			lápiz y pluma	pencil and pen
lastborn	lastborn	noun			su lastborn	your lastborn
lavabo	toilet	noun			ir al lavabo	go to the toilet
lavar	wash	verb			lavar la ropa	wash clothes
lección	lesson	noun			aprender la lección	learn the lesson
leche	milk	noun			beber leche	to drink milk
lectura	reading	noun			repetir la lectura	repeat the reading
leer	read	verb			para leer un libro	to read a book
leña	firewood	noun			leña recogida	pickup firewood
lente	lens	noun			de la lente de una cámara	lens of a camera
león	lion	noun			un león come carne	a lion eats flesh
leopardo	leopard	noun			un leopardo tiene una cola	a leopard has a tail
lepra	leprosy	noun			la lepra es una enfermedad	leprosy is a disease
leproso	leper	noun			diez leprosos	ten lepers
letrina	latrine	noun			¿dónde está la letrina?	where is the latrine?
ley	law	noun		rules by the government	la ley dice	the law says
libertad	freedom	noun			la libertad y la justicia	freedom and justice
libro	book	noun			este libro	this book
licor	liquor	noun			vierta un poco de licor	pour a little liquor
líder	leader	noun		someone who shows the way	este es nuestro líder	this is our leader
ligero	lightweight	adjective			el libro es ligero	the book is lightweight
lima	lime	noun			zumo de lima	lime juice
limpiar	wipe	verb			para limpiar el asiento	to wipe the seat
línea	line	noun			el balón ha cruzado la línea	the ball has crossed the line
Lingala	Lingala	noun			Hablo lingala	I speak Lingala
linterna	lantern	noun			encender la linterna	turn on the lantern
lirio	lily	noun			un lirio es una flor	a lily is a flower
listo	ready	adverb			estoy listo	I am ready
litigante	litigant	noun			ella es un litigante	she is a litigant
litigio	litigation	noun			a él le gusta litigios	he likes litigation
litio	lithium	science			litio (Li) tiene 3 protones	lithium (Li) has 3 protons
llamar	call	verb			llamar al chico	to call the boy
llegar a un acuerdo	agree	verb			¿Estás de acuerdo?	do you agree?
llevar	carry	verb			llevar el libro	carry the book
llorar	cry	verb			a llorar cada vez que	to cry each time
lobo	wolf	noun			dos lobos	two wolves
locura	folly	noun			es simplemente una locura	it is just folly
logo	logo	noun			logotipo de la iglesia	church logo
lograr	achieve	verb			para lograr algo	to achieve something
lomo	loin	noun			mis lomos	my loins
longevidad	longevity	noun			la riqueza y la longevidad	wealth and longevity
longitud	length	noun			altura, anchura y longitud	height, width and length
loro	parrot	noun		a parrot is a bird	dos loros	two parrots
Luganda	Luganda	noun			Idioma luganda	Luganda language
lugar	place	noun			qué lugar?	which place?
lujo	luxury	noun			Veo lujo en su futuro	I see luxury in your future
luna	moon	noun			la luna y las estrellas	moon and stars
Lunes	Monday	noun			Niños Lunes	Monday children
Luwo	Luwo	noun		modern written form of the Acholi and Dholuo language	Puedo leer Luwo	I can read Luwo
luz	light	noun			luz del cielo	light of the sky
madre	mother	noun			hijo de mi madre es mi hermano	my mother's child is my sibling
maestro	master	noun			Maestro Kofi	Master Kofi
magnesio	magnesium	science			magnesio (Mg) tiene 12 protones	magnesium (Mg) has 12 protons
mago	wizard	noun			él es un mago	he is a wizard
maíz	corn	noun			maíz y maní	corn and groundnuts
mal	evil	noun			que el mal es esto?	which evil is this?
malaria	malaria	noun			malaria es una enfermedad	malaria is a disease
maldad	wickedness	noun			su tacañería y su maldad	your stinginess and your wickedness
maldición	curse	noun			una oración y una maldición	a prayer and a curse
Malgache	Malagasy	noun		a language of Madagascar	Lengua malgache	Malagasy language
malo	bad	adjective			perro malo	bad dog
mañana	tomorrow	adverb			que llegará mañana	she will arrive tomorrow
mañana	morning	noun			temprano en la mañana	early morning
mandíbula	jaw	noun			mi mandíbula	my jaw
mango	mango	noun			el mango ha madurado	the mango has ripened
maní	groundnut	noun			maíz y maní	corn and groundnuts
mano	hand	noun			alza tu mano	lift up your hand
mantequilla	butter	noun			pan y mantequilla	bread and butter
manzana	apple	noun			comer la manzana	eat the apple
mapa	map	noun			leer el mapa	read the map
máquina	machine	noun			nueva máquina	new machine
mar	sea	noun			un río entra en un mar	a river goes into a sea
marido	husband	noun			Amo a mi marido	I love my husband
mariposa	butterfly	noun			una mariposa es hermosa	a butterfly is beautiful
marrón	brown	adjective			pájaro marrón	brown bird
marsopa	porpoise	noun			tres marsopas	three porpoises
Martes	Tuesday	noun			Niños Martes	Tuesday children
Marzo	March	noun			Marzo tiene 31 días	March has 31 days
masa	dough	noun			presionó la masa	he pressed the dough
masa	mass	science			usted puede cambiar la masa en energía	you can change mass into energy
masculino	male	noun			Mandela es masculino	Mandela is male
matar	kill	verb			para matar a una cabra	to kill a goat
matemáticas	mathematics	noun			ella enseña matemáticas	she teaches mathematics
matón	bully	noun			él es un matón	he is a bully
matrimonio	marriage	noun			buen matrimonio	good marriage
Mayo	May	noun			Mayo tiene 31 días	May has 31 days
medicina	medicine	noun			medicina amarga	bitter medicine
médico	doctor	noun			ella es un médico	she is a doctor
mediodía	noon	noun			mediodía ha llegado	noon has arrived
medir	measure	verb			medir dos cucharadas	measure two spoonfuls
menor	minor	adjective			una ciudad de menor importancia	a minor town
mensaje	message	noun			cuando el mensaje llegó	when the message arrived
mensajero	messenger	noun			los mensajeros llegaron	the messengers arrived
mente	mind	noun			su mente	her mind
mentira	lie	noun			es una mentira	it is a lie
mentiroso	liar	noun			tres mentirosos	three liars
mercado	market	noun			ir al mercado	go to market
mes	month	noun			un mes	one month
mesa	table	noun			silla y mesa	chair and table
metal	metal	noun			sombrero de metales	hat of metal
metro	metre	noun		length metric; meter (American English)	diez metros	ten metres
mezclar	mix	verb			mezclar los tomates y pimienta	to mix tomatoes and pepper
mi	my	possessive			mi casa	my house
miedo	fear	noun			el miedo se ha llenado su corazón	fear has filled her heart
miel	honey	noun			la miel es dulce	honey is sweet
mientras	while	conjunction			bailó mientras el anciano cantaba	he danced while the old man was singing
Miércoles	Wednesday	noun			Niños Miércoles	Wednesday children
mijo	millet	noun			mijo gachas	millet porridge
mil	thousand	adjective		the number 1000	mil botellas	thousand bottles
milla	mile	noun			diez millas	ten miles
minuto	minute	noun			cinco minutos	five minutes
mirar	look	verb			mirar al chico	look at the boy
misericordia	mercy	noun			bondad y misericordia	goodness and mercy
molestar	bother	noun			demasiada molestia	too much bother
moneda	coin	noun			cuatro monedas	four coins
monitor	monitor	noun			monitor de corazón	heart monitor
mono	monkey	noun			un mono le gusta plátanos	a monkey likes bananas
mono	ape	noun			un mono y un mono	an ape and a monkey
montaña	mountain	noun			pico de la montaña	mountain peak
montón	heap	noun			un montón de libros	a heap of books
morder	bite	verb			el perro puede morder	the dog can bite
morir	die	verb			morir joven en el juego	to die young in the play
mortero	mortar	noun			mortero	pestle and mortar
mosca	fly	noun			una mosca moscas	a fly flies
moscardón	blowfly	noun			moscardones son molestos	blowflies are annoying
mosquito	mosquito	noun			un mosquito me ha mordido	a mosquito has bitten me
muchacho	boy	noun			el muchacho está aquí	the boy is here
muchos	many	adjective			muchos vehículos	many vehicles
mudfish	mudfish	noun			coger el mudfish	catch the mudfish
muerte	death	noun			lugar de la muerte	place of death
muerto	dead	adjective			un árbol muerto	a dead tree
mujer	woman	noun			una mujer bonita	a pretty woman
multiplicación	multiplication	noun			2 x 1 = 2; esta es la multiplicación	2 x 1 = 2; this is multiplication
multitud	crowd	noun			ruidosa multitud	noisy crowd
mundo	world	noun			niños del mundo	children of the world
muñeca	wrist	noun			mantenga su muñeca	hold her wrist
muñeca	doll	noun			mi muñeca	my doll
murciélago	bat	noun			tres murciélagos	three bats
música	music	noun			tocar música	play music
músico	musician	noun			los músicos	the musicians
muslo	thigh	noun			muslo de pollo	chicken thigh
musulmán	muslim	noun			un cristiano y un musulmán	a Christian and a Muslim
muy	very	adverb			usted ha hecho muy bien	you have done very well
nacimiento	birth	verb			a los gemelos de nacimiento	to birth twins
nación	nation	noun			su nación	your nation
nada	nothing	noun			No tengo nada	I have nothing
nalgas	buttocks	noun			grandes nalgas	big buttocks
naranja	orange	noun			tres naranjas	three oranges
naranja	orange	adjective			llevar la tapa naranja	wear the orange cap
nariz	nose	noun			el oído y la nariz	ear and nose
náusea	nausea	noun			ella tiene náuseas	she has nausea
navaja	razor	noun			afilar la navaja	sharpen the razor
necesitar	need	verb			a necesitar familia	to need family
negar	deny	verb			no se puede negar la verdad	you cannot deny the truth
negocio	business	noun			negocios y la política	business and politics
negro	black	adjective			paño negro	black cloth
neón	neon	science			neón (Ne) tiene 10 protones	neon (Ne) has 10 protons
neumático	tyre	noun			rodar un neumático	roll a tyre
neutrón	neutron	science			un neutrón tiene una carga de 0	a neutron has a charge of 0
niebla	mist	noun			niebla de la mañana	morning mist
nieve	snow	noun			hay nieve en la montaña	there is snow on the mountain
Níger	Niger	noun		A country in Africa	ir a Níger	go to Niger
Nigeria	Nigeria	noun		A country in Africa	ir a Nigeria	go to Nigeria
niño	boy	noun			el niño está aquí	the boy is here
niño	toddler	noun			niño, ¿a dónde vas?	toddler, where are you going?
niño	child	noun			niño de mi madre es mi hermano	my mother's child is my sibling
nitrógeno	nitrogen	science			nitrógeno (N) tiene 7 protones	nitrogen (N) has 7 protons
no	no	exclamation			Yo digo que no	I say no
noche	night	noun			Las 8 de la noche	8 o'clock in the night
noche	evening	noun			comida de la noche; cena	evening meal; dinner
nombre	name	noun			mi nombre	my name
nonágono	nonagon	noun			un nonágono tiene nueve ángulos	a nonagon has nine angles
normal	normal	adjective			comportamiento normal	normal behaviour
norte	north	noun			ir hacia el norte	go north
nosotros	we	pronoun		used to indicate oneself and others	nosotros comemos	we eat
noticias	news	noun			noticias del reino	news of the realm
noventa	ninety	adjective		the number 90	noventa botellas	ninety bottles
novia	bride	noun			El marido de la novia; novio	bride's husband; groom
novia	sweetheart	noun			él es mi novia	he is my sweetheart
Noviembre	November	noun			Noviembre tiene 30 días	November has 30 days
novio	groom	noun			amigos del novio	groom's friends
nube	cloud	noun			una nube blanca	a white cloud
nublado	cloudy	adjective			un día nublado	a cloudy day
núcleo	nucleus	science			un núcleo contiene protones y neutrones	a nucleus contains protons and neutrons
nudo	knot	noun			atar el nudo	tie the knot
nuestra	our	possessive			nuestra casa	our house
nueve	nine	adjective		The number 9	Nueve botellas	Nine bottles
nuevo	new	adjective			familia nueva	new family
nuez de cola	kolanut	noun			masticar una nuez de cola	to chew a kolanut
número	number	noun			número 5	number 5
o	or	conjunction			Kofi o Ama	Kofi or Ama
obispo	bishop	noun			ella es un obispo	she is a bishop
objetivo	aim	noun			El objetivo de la vida	life's aim
obstáculo	obstacle	noun			muchos obstáculos	many obstacles
océano	ocean	noun			un gran océano	a large ocean
ochenta	eighty	adjective		the number 80	ochenta botellas	80 bottles
ocho	eight	adjective		The number 8	Ocho botellas	Eight bottles
Octubre	October	noun			Octubre tiene 31 días	October has 31 days
odiar	hate	verb			a odiar a la pereza	to hate laziness
odio	hatred	noun			el odio no tiene cura	hatred has no cure
oeste	west	noun			ir al oeste	go west
oferta	supply	noun			demanda y la oferta	demand and supply
oficina	office	noun			la oficina de mi madre	the office of my mother
oficina de correos	post office	noun			Voy a la oficina de correos	I am going to the post office
ojo	eye	noun			ojo y ceja	eye and eyebrow
okro	okro	noun			Sopa okro	okro soup
ola	wave	noun			las olas se rompen	the waves are breaking
olla	pot	noun			olla de metal	metal pot
olor	smell	noun			Percibo un olor	I sense a smell
olvido	forgetfulness	noun			su olvido	her forgetfulness
ombligo	navel	noun			mi ombligo	my navel
once	eleven	adjective			once botellas	eleven bottles
opresión	oppression	noun			tal opresión!	such oppression!
oración	prayer	noun			la oración es buena	prayer is good
orar	pray	verb			a orar por mis enemigos	to pray for my enemies
orgullo	pride	noun			su orgullo	his pride
orina	urine	noun			los olores de orina	the urine smells
oro	gold	noun			fragancia y oro	fragrance and gold
oro	gold	science			oro (Au) tiene 79 protones	gold (Au) has 79 protons
oruga	caterpillar	noun			una oruga se convierte en mariposa	a caterpillar becomes a butterfly
oscuridad	darkness	noun			noche trae la oscuridad	night brings darkness
oscuro	dark	adjective			noche oscura	dark night
ostentoso	ostentatious	adjective			un vestido ostentoso	an ostentatious dress
ostra	oyster	noun			Yo como ostras	I eat oysters
oware	oware	noun			se puede jugar oware?	can you play oware?
oxígeno	oxygen	science			oxígeno (O) tiene 8 protones	oxygen (O) has 8 protons
oyente	listener	noun			hola oyentes	hello listeners
paciencia	patience	noun			el amor y la paciencia	love and patience
paciente	patient	noun			los pacientes a dormir aquí	the patients sleep here
pacto	covenant	noun			un nuevo pacto	a new covenant
padre	father	noun			hijo de mi padre es mi hermano	my father's child is my sibling
padres	parents	noun			sus padres	his parents
pagar	pay	verb			pagaré	I will pay
página	page	noun			abierto página veintidós	open page twenty-two
país	country	noun		a community of people living in a place with full self-government	su país	your country
pájaro	bird	noun			un pájaro vuela	a bird flies
palabra	word	noun			Sé que 100 palabras	I know 100 words
palma	palm	noun			abren las palmas	open out your palms
palo	stick	noun			romper el palo	break the stick
palo de escoba	broomstick	noun			diez palos de escoba	ten broomsticks
paloma	pigeon	noun			una paloma es un pájaro	a pigeon is a bird
paloma	dove	noun			paloma blanca	white dove
pan	bread	noun			pan suave	soft bread
pan	pan	noun			pan viejo	old pan
panal	honeycomb	noun			la miel en un panal	honey in a honeycomb
paño	cloth	noun			paño desgaste	wear cloth
papaya	pawpaw	noun			papaya y plátano	pawpaw and banana
papilla	pap	noun			comer la papilla	eat the pap
para	for	preposition			para nosotros	for ourselves
parábola	parable	noun			las parábolas de Jesús	the parables of Jesus
paraguas	umbrella	noun			sentarse bajo el paraguas	sit under the umbrella
parálisis	paralysis	noun			parálisis es una enfermedad	paralysis is a disease
pared	wall	noun			sentarse en la pared	sit on the wall
pariente	relative	noun			él es un pariente	he is a relative
parlamento	parliament	noun			elegir a ir al parlamento	elect her to go to parliament
parte	part	noun			el libro tiene tres partes	the book has three parts
parto	childbirth	noun			un parto trae alegría	a childbirth brings joy
paseo	stroll	noun			dar un paseo	take a stroll
patio	yard	noun			gran patio	big yard
patriotismo	patriotism	noun			él tiene el patriotismo	he has patriotism
patrocinador	sponsor	noun			muchos patrocinadores	many sponsors
pavo	turkey	noun			carne de pavo	turkey meat
paz	peace	noun			Quiero paz	I want peace
pecho	chest	noun			pelo en el pecho	chest hair
pedernal	flint	noun			utilizar el pedernal para encender el fuego	use the flint to light the fire
pedo	fart	noun			su pedo huele mal	her fart smells badly
pedófilo	pedophile	noun			él es un pedófilo	he is a pedophile
pegar	paste	verb			para pegarlo en la pared	to paste it on the wall
peine	comb	noun			utilizar un peine para peinarse	use a comb to comb your hair
pelea	quarrel	noun			una gran pelea	a big quarrel
película	film	noun			fundido de una película	cast of a film
peligro	danger	noun			Veo el peligro	I see danger
peligroso	dangerous	adjective			un juego peligroso	a dangerous game
pelota	ball	noun			jugar a la pelota	play ball
pene	penis	noun			no dices 'pene' en público	you don't say 'penis' in public
pensamientos	thought	noun			tus pensamientos	your thoughts
pentágono	pentagon	noun			un pentágono tiene cinco ángulos	a pentagon has five angles
peonza	spinning top	noun			Kofi juega con una peonza	Kofi plays with a spinning top
pequeña	small	adjective			una cosa pequeña	a small thing
perdón	forgiveness	noun			el amor, la aceptación y el perdón	love, acceptance and forgiveness
perfume	perfume	noun			qué perfume es eso?	what perfume is that?
periodista	journalist	noun			somos periodistas	we are journalists
permanente	permanent	adjective			un trabajo permanente	a permanent job
permitir	allow	verb			permitirles	allow them
pero	but	conjunction			Me gusta, pero	I like it, but
perro	dog	noun			un perro ladra	a dog barks
persona	person	noun			persona importante	important person
personaje	character	noun			su personaje	her character
personal	staff	noun			personal del rey	the king's staff
pesado	heavy	adjective			es pesado	it is heavy
pescado	fish	noun			pescado frito	fried fish
pescador	fisherman	noun			él es un pescador	he is a fisherman
peso	weight	noun			un peso pesado	a heavy weight
pestaña	eyelash	noun			pestañas negras	black eyelashes
pian	yaws	noun			pian es una enfermedad	yaws is a disease
piano	piano	noun			tocar el piano	play the piano
pie	foot	noun			mi pie	my foot
piedra	stone	noun			piedras y cemento	stones and cement
pierna	leg	noun			pierna hinchada	swollen leg
pilar	pillar	noun			construir los pilares	build the pillars
pimienta	pepper	noun			las quemaduras pimienta	the pepper burns
piña	pineapple	noun			jugo de piña	pineapple juice
piojo	louse	noun			piojos de pollo	chicken lice
pionero	pioneer	noun			son pioneros	they are pioneers
piso	floor	noun			sobre el piso	on the floor
pitón	python	noun			una pitón es una serpiente	a python is a snake
pizarra	slate	noun			dejar la pizarra	wipe the slate
pizza	pizza	noun			cinco pizzas	five pizzas
placer	pleasure	noun			mostrar su placer	show your pleasure
plaga	plague	noun			no hay plagas allí	no plagues there
plan	plan	verb			una cabeza no planea	one head does not plan
planta	plant	noun			planta rojo	red plant
plata	silver	noun			plata y oro	silver and gold
plata	silver	science			plata (Ag) tiene 47 protones	silver (Ag) has 47 protons
plátano	banana	noun			un mono le gusta plátanos	a monkey likes bananas
plátano	plantain	noun			plátano y yuca	plantain and cassava
plato	plate	noun			lavar su plato	wash your plate
playa	beach	noun			playa de arena	beach sand
plomo	lead	science			plomo (Pb) tiene 82 protones	lead (Pb) has 82 protons
pluma	feather	noun			plumas de pájaro	bird's feathers
pluma	pen	noun			tinta en una pluma	ink in a pen
pobre	poor	adjective			un país pobre	a poor country
pobreza	poverty	noun			la pobreza o la riqueza	poverty or wealth
poco	little	noun			un poco es mejor que nada	a little is better than nothing
poder	power	noun			fuerza y ​​poder	strength and power
política	politics	noun			te gusta la política	you like politics
pollo	chicken	noun			carne de pollo	chicken meat
polvo	dust	noun			polvo rojo	red dust
pólvora	gunpowder	noun			Huelo pólvora	I smell gunpowder
por favor	please	adverb			decir "por favor"	to say 'please'
por qué	why	adverb			¿por qué?	why so?
porque	because	conjunction			Porque me gustas	because I like you
portavoz	spokesperson	noun			El portavoz del jefe	the chieftain's spokesperson
posición	position	noun			una buena posición	a good position
potasio	potassium	science			potasio (K) tiene 19 protones	potassium (K) has 19 protons
pozo	pit	noun			cavar un pozo	dig a pit
precio	price	noun			cuánto es el precio?	how much is the price?
predicador	preacher	noun			ella es un predicador	she is a preacher
prefacio	preface	noun			libro prefacio	book preface
pregunta	question	noun			Tengo una pregunta	I have a question
preguntar	ask	verb			preguntar Kofi	to ask Kofi
premio	award	noun			darle un premio	give her an award
preparación	preparation	noun			hacer la preparación	make preparation
presidente	president	noun			el presidente ha llegado	the president has arrived
préstamo	loan	noun			Necesito un préstamo	I need a loan
prestar	lend	verb			prestarme este libro	lend me this book
presupuesto	budget	noun			el presupuesto de este año	this year's budget
primogénito	firstborn	noun			mi primogénito	my firstborn
prioridad	priority	noun			¿cuál es su prioridad?	what is your priority?
prisión	prison	noun			Ir a prisión	go to prison
problema	problem	noun			muchos problemas	many problems
problema	trouble	noun			problemas y el dolor	trouble and pain
procesión	procession	noun			unirse a la procesión	join the procession
producto	product	noun			para anunciar un producto	to advertise a product
profesor	teacher	noun			Yo soy un profesor	I am a teacher
profeta	prophet	noun			poderoso profeta	powerful prophet
profundo	deep	adjective			un profundo agujero	a deep hole
progreso	progress	noun			Veo el progreso	I see progress
promesa	promise	noun			dame una promesa	give me a promise
propietario	proprietor	noun			ella es un propietario	she is a proprietor
propietario	owner	noun			el propietario del coche	the owner of the car
prosperidad	prosperity	noun			la paz y la prosperidad	peace and prosperity
protección	protection	noun			dame protección	give me protection
proteger	protect	verb			protegernos	protect us
protón	proton	science			un protón tiene una carga de 1	a proton has a charge of +1
proyecto	project	noun			diez proyectos	ten projects
prueba	test	noun			la prueba es difícil	the test is difficult
público	public	noun			no dices 'la vagina' en público	you don't say 'vagina' in public
pueblo	village	noun			Me voy a mi pueblo	I am going to my village
puente	bridge	noun			cruzar el puente	cross the bridge
puerta	door	noun			cierre la puerta	close the door
puerto	port	noun		harbour	Takoradi tiene un puerto	Takoradi has a port
puesta del sol	sunset	noun			desde el amanecer hasta la puesta del sol	from sunrise to sunset
pulgar	thumb	noun			utilice el pulgar para votar	use your thumb to vote
puño	fist	noun			el puño	your fist
puntero	pointer	noun		(Computing) a graphical image on the computer monitor or other display device that echoes movements of the pointing device, commonly a mouse or touchpad.	utilizar el puntero	use the pointer
punto	point	noun			1 punto 5 (1.5) es una hora y media.	1 point 5 (1.5) is one and a half.
puro	pure	adjective			oro puro	pure gold
querer	love	verb			Te quiero	I love you
queroseno	kerosene	noun			botella de queroseno	bottle of kerosene
queso	cheese	noun			queso azul	blue cheese
química	chemistry	noun			nos enteramos de la química	we learned chemistry
quince	fifteen	adjective		the number 15	quince botellas	fifteen bottles
radio	radio	noun			encender la radio	switch on the radio
raíz	root	noun			raíz de un árbol	root of a tree
rama	branch	noun			rama de la familia	family branch
ramita	twig	noun			cuántos ramitas?	how many twigs?
rana	frog	noun			una rana le gusta el agua	a frog likes water
rápidamente	quickly	adverb			usted camina rápidamente	you walk quickly
rápido	fast	adjective			un caballo rápido	a fast horse
rastro	spoor	noun			el rastro de un animal	the spoor of an animal
rata	rat	noun			una rata grande	a big rat
ratón	mouse	science			ratón de computadora	computer mouse
ratón	mouse	noun			un ratón grande	a big mouse
rayo	thunderbolt	noun			un rayo en voz alta	a loud thunderbolt
razón	reason	noun			todo tiene una razón	everything has a reason
rebelde	rebel	noun			los rebeldes ganaron	the rebels won
rebelión	rebellion	noun			la rebelión ha comenzado	the rebellion has started
recogedor	dustpan	noun			escoba y recogedor	broom and dustpan
recordar	remind	verb			para recordar a alguien	to remind someone
rectángulo	rectangle	noun			un rectángulo tiene cuatro ángulos	a rectangle has four angles
recuerda	remember	verb			¿me recuerdas?	you remember me?
reflexión	reflection	noun			su reflexión	his reflection
refugio	refuge	noun			nuestro refugio	our refuge
regalo	gift	noun			un buen regalo	a good gift
regla	rule	noun			que sigue las reglas	she follows the rules
reina	queen	noun			ella es una reina	she is a queen
reino	kingdom	noun			el reino de Dios	the kingdom of God
reino	realm	noun			noticias del reino	news of the realm
remordimiento	remorse	noun			no mostró ningún remordimiento	he showed no remorse
rescate	ransom	noun			pagar un rescate	pay a ransom
respeto	respect	noun			mostrar respeto	show respect
responsabilidad	responsibility	noun			es su responsabilidad	it is your responsibility
resta	subtraction	noun			2-1 = 1; esta es la resta	2-1 = 1; this is subtraction
resto	remainder	noun			el resto de la comida	the remainder of the food
resurrección	resurrection	noun			la resurrección de Cristo	the resurrection of Christ
retaguardia	rearguard	noun			son la retaguardia	they are the rearguard
retirar	withdraw	verb			ella va a retirar dinero	she will withdraw money
reumatismo	rheumatism	noun			el reumatismo es una enfermedad	rheumatism is a disease
reunión	meeting	noun		a gathering of a group to talk about something	cancelar la reunión	cancel the meeting
revelación	revelation	noun			tuvo una revelación	he had a revelation
revelar	reveal	verb			revelar la verdad	reveal the truth
revista	magazine	noun			una nueva revista	a new magazine
rey	king	noun			él es un rey	he is a king
rico	rich	adjective			un país rico	a rich country
riñón	kidney	noun			un gato tiene un riñón	a cat has a kidney
río	river	noun			un río entra en un mar	a river goes into a sea
riqueza	wealth	noun			tenemos una gran riqueza	we have great wealth
rival	rival	noun			ella es mi rival	she is my rival
rivalidad	rivalry	noun			detener la rivalidad	stop the rivalry
robar	steal	verb			robar y destruir	steal and destroy
robo	burglary	noun			robo va en aumento	burglary is increasing
rocío	dew	noun			Rocío de la mañana	morning dew
rodear	surround	verb			para rodear la casa	to surround the house
rodilla	knee	noun			mis rodillas	my knees
rojo	red	adjective			labios rojos	red lips
rompecabezas	puzzle	noun			rompecabezas y acertijos	puzzles and riddles
ron	rum	noun			ron o vodka?	rum or vodka?
ronquidos	snoring	noun			ronquidos fuertes	loud snoring
ropa	clothes	noun			comprar ropa	buy clothes
rueda	wheel	noun			mi coche tiene cuatro ruedas	my car has four wheels
ruido	noise	noun			dejar de hacer ruido	stop making noise
Sábado	Saturday	noun		day of the week	Niños Sábado	Saturday children
sabiduría	wisdom	noun			la fuerza y ​​la sabiduría	strength and wisdom
sabio	savant	noun			son sabios	they are savants
sabotaje	sabotage	noun			esto es sabotaje	this is sabotage
sacerdote	priest	noun			un sacerdote tiene consejos	a priest has advice
saco	sack	noun			nada dentro de mi saco	nothing inside my sack
sacrificio	sacrifice	noun			ofrecer un sacrificio	offer a sacrifice
sacudir	shake	verb			sacudir el cansancio fuera	to shake the tiredness off
sala de estar	hall	noun			estamos sentados en la sala de estar	we are sitting in the hall
saliva	spittle	noun			limpie la saliva	wipe the spittle
saltar	jump	verb			saltar una pared	to jump a wall
salud	health	noun			comida da salud	food gives health
saludar	greet	verb			saludar Ama	greet Ama
saludo	greeting	noun			un nuevo saludo	a new greeting
salvación	salvation	noun			nuestra salvación	our salvation
salvaje	wild	adjective			animal salvaje	wild animal
sandía	watermelon	noun			comer la sandía	eat the watermelon
sangre	blood	noun			el agua y la sangre	water and blood
secuestro	kidnapping	noun			el secuestro es el mal	kidnapping is evil
sed	thirst	noun			el hambre y la sed	hunger and thirst
seda	silk	noun			seda blanca	white silk
segundo	second	noun			diez segundos	ten seconds
seis	six	adjective		The number 6	seis botellas	six bottles
seleccionar	select	verb		make a selection	para seleccionar un libro	to select a book
selva	bush	noun			ir a la selva	go into the bush
semana	week	noun			esta semana	this week
semilla	seed	noun			tres semillas de naranja	three orange seeds
señor	sir	noun			Le doy las gracias, señor	I thank you sir
señora	madam	noun			señora María	madam Mary
señora	missus	noun			Señora Clinton	Missus Clinton
señora	lady	noun			Señora Danso	Lady Danso
sentarse	sit	verb			para sentarse aquí	to sit here
Septiembre	September	noun			Septiembre tiene 30 días	September has 30 days
ser	be	verb		used to indicate state of being. Has different forms depending on the subject person: I am, you are, she/he/it is, we are, they are	Sea usted una persona importante	You are an important person
serpiente	snake	noun			una serpiente no tiene piernas	a snake has no legs
servicio	service	noun			servicio de acción de gracias	thanksgiving service
sesenta	sixty	adjective		the number 60	sesenta botellas	sixty bottles
setenta	seventy	adjective		the number 70	setenta botellas	seventy bottles
sexy	sexy	adjective			un hombre sexy	a sexy man
Shona	Shona	noun			Hablo Shona	I speak Shona
si	if	conjunction			si alguien te ama	if someone loves you
sí	yes	exclamation			Yo digo que sí	I say yes
siempre	always	adverb			él siempre está aquí	he is always here
sierra	saw	noun			sierra de carpintero	the carpenter's saw
siete	seven	adjective		The number 7	siete botellas	seven bottles
siglo	century	noun			este siglo	this century
signo	sign	noun			un signo de esperanza	a sign of hope
silbato	whistle	noun			tocar el silbato	play the whistle
silencio	silence	noun			silencio, silencio!	silence, silence!
silicio	silicon	science			silicio (Si) tiene 14 protones	silicon (Si) has 14 protons
silla	chair	noun			arreglar las sillas	arrange the chairs
símbolo	symbol	noun			símbolo de poder	symbol of power
sin hogar	homeless	adjective			una persona sin hogar	a homeless person
sitio web	website	noun			hacer un sitio web para mí	make a website for me
soborno	bribe	noun			que quiere un soborno	he wants a bribe
sobrina	niece	noun			mis sobrinas	my nieces
sobrino	nephew	noun			El sobrino de mi padre	my father's nephew
sodio	sodium	science			de sodio (Na) tiene 11 protones	sodium (Na) has 11 protons
sol	sun	noun			el sol brilla	the sun is shining
soldado	soldier	noun			los soldados están marchando	the soldiers are marching
soleado	sunny	adjective			un dia soleado	a sunny day
solo	alone	adverb			va a ir solo	he will go alone
Somalia	Somalia	noun		A country in Africa	ir a Somalia	go to Somalia
sombra	shade	noun			Estoy sentado bajo la sombra	I am sitting under the shade
sombrero	hat	noun			él está usando un sombrero	he is wearing a hat
sonreír	smile	verb			a sonreír un poco	to smile a bit
sopa	soup	noun			sopa de nuez de palma	palm nut soup
soplar	blow	verb			soplar aire	blow air
sorpresa	surprise	noun			gran sorpresa	great surprise
su	her	pronoun			su casa	her house
su	his	pronoun			su casa	his house
su	their	possessive			su casa	their house
suave	soft	adjective			pan suave	soft bread
suavizar	smoothen	verb			para suavizar la plancha	to smoothen the plank
subir	rise	verb			a subir a las seis de la mañana	to rise at six in the morning
submarino	submarine	noun			un nuevo submarino	a new submarine
suciedad	dirt	noun			la suciedad y la enfermedad	dirt and disease
sucio	dirty	adjective			vestido sucio	dirty dress
sufrimiento	suffering	noun			el miedo al sufrimiento	fear with suffering
sur	south	noun			ir hacia el sur	go south
suspiros	sighing	noun			muchos suspiros	many sighings
Swahili	Swahili	noun			Idioma swahili	Swahili language
tabaco	tobacco	noun			el humo del tabaco	smoke tobacco
tabaco	snuff	noun			dame un poco de tabaco	give me some snuff
taburete	stool	noun			sentarse en el taburete	sit on the stool
talón	heel	noun			punta y el talón	toe and heel
tambor	drum	noun			Oigo los tambores	I hear the drums
tapa	lid	noun			tapa de una taza	lid of a cup
tarántula	tarantula	noun			una gran tarántula	a large tarantula
tarde	late	adverb			llegar tarde	to come late
tarde	afternoon	noun			Vendré por la tarde	I will come in the afternoon
tarjeta	card	noun			una tarjeta blanca	a white card
taxi	taxi	noun			me llame un taxi	call me a taxi
taza	cup	noun			taza de té	tea cup
té	tea	noun			el té es dulce	the tea is sweet
teclado	keyboard	noun			prensa "k" en el teclado	press "k" on the keyboard
técnico	technical	adjective			trabajo técnico	technical work
tecnología	technology	noun			nueva tecnología	new technology
tejedor	weaverbird	noun			ocho tejedores	eight weaverbirds
teléfono	telephone	noun			teléfono casa	house telephone
teléfono	phone	noun			su teléfono	her phone
telescopio	telescope	noun			un telescopio negro	a black telescope
televisión	television	noun			encender la televisión	switch on the television
temprano	early	adverb			llegar temprano	come early
tendencia	trend	noun			una buena tendencia	a good trend
tenedor	fork	noun			tenedor y cuchillo	fork and knife
termita	termite	noun			muchas termitas	many termites
terremoto	earthquake	noun			es un terremoto	it is an earthquake
tesoro	treasure	noun			gran tesoro	great treasure
testamento	testament	noun			nuevo testamento	new testament
testigo	witness	noun			tres testigos	three witnesses
testimonio	testimony	noun			¿cuál es su testimonio?	what is your testimony?
tía	aunt	noun		female relative of your mother	Tía Ama	Aunt Ama
tiempo	time	noun			se acabe el tiempo	the time is up
tienda	store	noun			Voy a comprar comida en la tienda	I will buy food from the store
tierra	earth	noun			la gente de la tierra	people of the earth
tierra	land	noun			comprar tierras	buy land
tigre	tiger	noun			un gran tigre	a large tiger
tijeras	scissors	noun			dame las tijeras	give me the scissors
timonel	helmsman	noun			timonel de un barco	helmsman of a boat
tiña	ringworm	noun			que tiene la tiña	he has ringworm
tinta	ink	noun			tinta en una pluma	ink in a pen
tinte	dye	noun			tinte negro	black dye
tío	uncle	noun			tío Kofi	uncle Kofi
título	title	noun			"Poderoso" es un título	"Mighty One" is a title
toalla	towel	noun			toalla mojada	wet towel
tobillo	ankle	noun			tobillos	your ankles
tocar	touch	verb			para tocarle el pelo	to touch her hair
todas	all	determiner			todas las cosas	all things
todo	everything	pronoun			todo ha ido bien	everything has gone well
Togo	Togo	noun		A country in Africa	ir a Togo	go to Togo
tomar	take	verb			tomar medicamentos	to take medicine
tomate	tomato	noun			dos tomates	two tomatoes
tormenta	storm	noun			tormenta con truenos	storm with thunder
tortuga	tortoise	noun			una tortuga camina lentamente	a tortoise walks slowly
tortura	torture	noun			la tortura es el mal	torture is evil
tos	cough	noun			él tiene una tos	he has a cough
total	total	adjective			la cantidad total	the total amount
traer	bring	verb			él traerá un libro	he will bring a book
traición	treason	noun			traición a la patria es el mal	treason is evil
traidor	traitor	noun			dos traidores	two traitors
traje	suit	noun			ella lleva un traje	she wears a suit
trece	thirteen	adjective		the number 13	trece botellas	thirteen bottles
treinta	thirty	adjective		the number 30	treinta botellas	thirty bottles
trementina	turpentine	noun			trementina y el queroseno	turpentine and kerosene
tren	train	noun			nuevo tren	new train
tres	three	adjective		The number 3	tres botellas	three bottles
triángulo	triangle	noun			un triángulo tiene tres ángulos	a triangle has three angles
trigo	wheat	noun			comer trigo	to eat wheat
trillizos	triplets	noun			que son trillizos	they are triplets
trinidad	trinity	noun			Santa Trinidad	holy trinity
triste	sad	adjective			una cara triste	a sad face
trompeta	trumpet	noun			siete trompetas	seven trumpets
trono	throne	noun			para sentarse en un trono	to sit on a throne
truco	trick	noun			detener los trucos	stop the tricks
trueno	thunder	noun			tormenta con truenos	storm with thunder
tú	you	pronoun		second person singular subject pronoun. Used to indicate one person being addressed	tú comes	you eat
tu	your	possessive		2nd person singular possessive pronoun	tu casa	your house
túnica	robe	noun			una túnica blanca	a white robe
turbulento	turbulent	adjective			un mundo turbulento	a turbulent world
uñas	nail	noun			tablón y uñas	plank and nail
unidad	unit	noun			cinco unidades	five units
unidad	unity	noun			la unidad y la paz	unity and peace
unión	union	noun			Unión Africana	African Union
unir	unite	verb			África se unirán	Africa will unite
universidad	university	noun			Universidad Legon	Legon University
uno	one	adjective			Hay una botella de pie en la parte superior de la casa	There is one bottle standing on top of the house
Ururimi	Ururimi	noun		the modern written form of the Kinyarwanda and Kirundi language. Ururimi means "language" in Kinyarwanda and Kirundi	Escribo Ururimi	I write Ururimi
usar	use	verb			lo va a usar como ese	you will use it like that
usuario	user	noun			cuántos usuarios?	how many users?
vaca	cow	noun			carne de vaca; carne de res	cow meat; beef
vacío	empty	adjective			cubo vacío	empty bucket
vacunar	vaccinate	verb			para vacunar al niño	to vaccinate the child
vagina	vagina	noun			no dices 'la vagina' en público	you don't say 'vagina' in public
valiente	brave	adjective			hombre valiente	brave man
valla	fence	noun			detrás de una valla	behind a fence
valle	valley	noun			colinas y valles	hills and valleys
varicela	chickenpox	noun			la varicela es una enfermedad	chickenpox is a disease
vaso	tumbler	noun			de un vaso de agua	one tumbler of water
veces	times	noun			diez veces	ten times
vecino	neighbour	noun			mi vecino	my neighbour
vehículo	vehicle	noun			un nuevo vehículo	a new vehicle
veinte	twenty	adjective		The number 20	veinte botellas	twenty bottles
vena	vein	noun			la sangre pasa a través de las venas	blood passes through veins
vendedor	seller	noun			compradores y vendedores	buyers and sellers
vender	sell	verb			para vender casas	to sell houses
veneno	venom	noun			veneno de una serpiente	venom of a snake
venir	come	verb			venir aquí	to come here
ventaja	advantage	noun			tienen una ventaja	they have an advantage
ventana	window	noun			abrir las ventanas	open the windows
ver	see	verb			ver fantasmas	to see ghosts
verdad	truth	noun		state or quality of being true to someone or something	ella decía la verdad	she spoke the truth
verdaderamente	truly	adverb			verdaderamente Dios es bueno	truly God is good
verde	green	adjective			hoja verde	green leaf
verdugo	executioner	noun			verdugo del rey	the king's executioner
vergüenza	disgrace	noun			vergüenza y desgracia	shame and disgrace
vergüenza	shame	noun			vergüenza y desgracia	shame and disgrace
versión	version	noun			qué versión?	which version?
vestido	dress	noun			vestido azul	blue dress
viaje	trip	noun			cinco viajes	five trips
viaje	journey	noun			un largo viaje	a long journey
viajero	traveller	noun			cuatro viajeros	four travellers
vicio	vice	noun			vicio y la virtud	vice and virtue
victoria	victory	noun			la victoria y la derrota	victory and defeat
vida	life	noun			vivir bien tu vida	live your life well
vida	lifetime	noun			en mi vida	in my lifetime
vídeo	video	noun			ver el vídeo	watch the video
vieja	old lady	noun			mi vieja	my old lady
viejo	old	adjective			pan viejo	old pan
viento	wind	noun			el viento sopla	the wind is blowing
Viernes	Friday	noun			Niños Viernes	Friday children
vino	wine	noun			estamos bebiendo vino dulce	we are drinking sweet wine
vino de palma	palmwine	noun			bebida vino de palma	drink palmwine
violeta	violet	adjective			flores violetas	violet flowers
virtud	virtue	noun			vicio y la virtud	vice and virtue
visita	visit	verb			no venir a visitarme!	do come and visit me!
vitalidad	vitality	noun			agua da vitalidad	water gives vitality
viuda	widow	noun			ella es una viuda	she is a widow
viudez	widowhood	noun			un corto viudez	a short widowhood
viudo	widower	noun			él es viudo	he is a widower
vivir	live	verb			vivimos aquí	we live here
vodka	vodka	noun			ron o vodka?	rum or vodka?
volar	fly	verb			volar en el cielo	to fly into the sky
volumen	volume	noun			subir el volumen	turn up the volume
volumen	volume	math		a quantity that represents the size of a container	volumen (cubo) = longitud x ancho x altura	volume(cube) = length x width x height
voluntad	will	noun			La voluntad de Dios	God's will
vómito	vomit	noun			El vómito de perro	dog's vomit
vosotros	yous	pronoun		Also written as "you". second person plural subject. Used to indicate people being addressed.	vosotros coméis	yous eat
votación	voting	noun			la votación va bien	the voting is going well
voz	voice	noun			suavizar su voz	soften your voice
Wolof	Wolof	noun			Lengua wolof	Wolof language
y	and	conjunction			Kofi y Ama	Kofi and Ama
yo	me	pronoun			tú y yo	me and you
yo	self	noun			yo mismo, usted mismo	myself, yourself
yo	I	pronoun		used to indicate oneself	yo como	I eat
Yoruba	Yoruba	noun			Lengua yoruba	Yoruba language
yuca	cassava	noun			plátano y yuca	plantain and cassava
yunque	anvil	noun			martillo y el yunque	hammer and anvil
zapatillas	slippers	noun			usted está usando zapatillas	you are wearing slippers
zapato	shoe	noun		footwear that covers all of the foot	usar sus zapatos	wear your shoes
zorro	fox	noun			tres zorros	three foxes
