'yanci	freedom	noun			'yanci da adalci	freedom and justice
a	at	preposition			ka sami ni a gida	meet me at home
a'a	no	exclamation			na ce a'a	I say no
a ciki	inside	adverb			shiga ciki	go inside
a ciki	in	preposition			a cikin gidan ne	it is in the house
a gaba	in front	preposition			shiga gaba	go in front
a hankali	slowly	adverb			kunkuru yana tafiya a hankali	a tortoise walks slowly
a kan	on	preposition			yi bacci a kan teburi	sleep on the table
aagon	argon	science			aagon (Ar) na da proton 18	argon (Ar) has 18 protons
abin	the thing	pronoun			abin da ta yi	the thing she does
abin dogaro	dependable	adjective		a tree which does not bend when leaned upon	Ubangiji abin dogaro	dependable god
abin so	desirable	adjective			abin so ne	it is desirable
abin tausayi	pitiful	adjective			yaro abin tausayi	pitiful child
abin tsoro	scary	adjective			abin tsoro ne	it is scary
abin wuya	necklace	noun			abin wuya na hauren giwa	ivory necklace
abin ƙi	undesirable	adjective			abin ƙi ne	it is undesirable
abinci	food	noun				eat food
abinci	food	noun			ci abinci	eat food
aboki	friend	noun			aboki na	my friend
abokiyar gaba	rival	noun			ita abokiyar gaba ta ce	she is my rival
abu	thing	noun		a reference to an unnamed object	abin; abubuwan	the thing; the things
adaka	box	noun				box A is bigger than box B
adalci	justice	noun			'yanci da adalci	freedom and justice
addu'a	service	noun			addu'ar godiya	thanksgiving service
addu'a	prayer	noun			addu'a tana da kyau	prayer is good
addu'a	pray	verb			domin yin addu'a ga maƙiyana	to pray for my enemies
adireshi	address	noun			adireshinka	your address
Afirka	Africa	noun			kai ziyara Afirka	visit Africa
agogo	clock	noun		a free-standing device which tells the time	faɗa min lokaci a agogo	tell me the time on the clock 
Agusta	August	noun			Watan Agusta yana da kwana talatin da ɗaya	August has 31 days
agwagwa	duck	noun			farar agwagwa	white duck
aika	deliver	verb		send to someone	aika min da kuɗi	deliver money to me
aiki	work	noun			ina son aikin da zan yi	I want work I would do
aiki	working	noun			aiki ba shi da wahala	working is not trivial
aji	class	noun		academic stage in a school	ya na aji 2	he is in class 2
Akan	Akan	noun		a language group originating from West Africa	Ina magana da Akan	I speak Akan
akurki	coop	noun			akurkin kaji	hen coop
akuya	goat	noun			akuya da tunkiya	a goat and a sheep
akwati	box	noun			akwati A ta fi akwati B girma	box A is bigger than box B
akwati	box	noun			akwati A ta fi akwati B	box A is bigger than box B
al'aura	groin	noun			al'aurar namiji	groin of a man
alama	logo	noun			alamar coci	church logo
alama	sign	noun			alamar fata	a sign of hope
alama	symbol	noun			alamar mulki	symbol of power
albarka	bless	verb			samin albarka	bless me
albarka	blessing	noun			Albarkar Ubangiji	God's blessing
alewa	toffee	noun			lasar alewa	lick a toffee
alfarma	favouritism	noun			a daina alfarma	stop the favouritism
algashi	violet	adjective			fulawa mai ruwan algashi	violet flowers
alhaki	responsibility	noun			alhakinka ne	it is your responsibility
Alhamis	Thursday	noun			Yaran Alhamis	Thursday children
aljihu	pocket	noun			ba komai a aljihu na	nothing inside my pocket
alƙalami	pen	noun			tawada da alƙalami	ink in a pen
alƙawari	testament	noun			sabon alƙawari	new testament
alƙawari	promise	noun			bayar da alƙawari	give me a promise
alli	chalk	noun			farin alli	white chalk
allura	needle	noun			zare da allura	string and needle
allura	injection	noun			allura tana da zafi	an injection is painful
allura	inject	verb			yi min allura	inject me
almakashi	scissors	noun			ba ni almakashin	give me the scissors
aluminiom	aluminium	science			aluminiom (Al) na da proton 13	aluminium (Al) has 13 protons
amai	vomit	noun			amai kare	dog's vomit
amai	vomit	verb			ka yi amai	you have vomitted
amarya	bride	noun			mijin amarya; ango	bride's husband; groom
ambaliya	overflow	verb			ƙorama ta yi ambaliya	the lake has overflowed
amfani	use	verb			za ka yi amfani da shi	you will use it like that
amma	but	conjunction			ina son shi, amma	I like it, but
amsa	answer	verb			amsa min	answer me
an dafa	be cooked	verb			an dafa abinci	food is cooked
an sami nasara	be defeated	verb			an sami nasara a kanka	you were defeated
ango	groom	noun			abokin ango	groom's friends
annoba	plague	noun			babu annoba a nan	no plagues there
Aprilu	April	noun			Watan aprilu yana da kwana talatin	April has 30 days
araha	cheap	adjective			yi araha	be cheap
arba'in	forty	adjective		the number 40	kwalabe arba'in	forty bottles
arewa	north	noun			tafi arewa	go north
Asabar	Saturday	noun		day of the week	Yaran Asabar	Saturday children
asawaki	toothbrush	noun				toothbrush and toothpaste
ashirin	twenty	adjective		The number 20	kwalabe ashirin	twenty bottles
asibiti	hospital	noun			tafi asibiti	go to a hospital
asuba	dawn	noun			za mu bar nan da asuba	we will leave here at dawn
atishawa	sneeze	verb			domin yin atishawa da ƙarfi	to sneeze loudly
auna-fahimta	puzzle	noun			auna-fahimta da wasa ƙwaƙwalwa	puzzles and riddles
aure	marry	verb			aure ni	marry me
aure	marriage	noun			kyakkyawan aure	good marriage
awa	hour	noun			awa goma	ten hours
ayaba	banana	noun			biri yana son ayaba	a monkey likes bananas
azumi	fast	verb			azumi da sallah	fast and pray
azzakari	penis	noun			ba'a faɗar 'azzakari' a taron jama'a	you don't say 'penis' in public
ba-gaira-ba-dalili	unnecessary	adjective			zagin ba-gaira-ba-dalili	unnecessary insults
babba	great	adjective			babban suna	a great name
babba	elder	adjective			babban ɗan uwa na	my elder sibling
babba	big	adjective			Adae Babba	Big Adae
babban mutum	adult	noun			shi babban mutum ne	he is an adult
babbar mota	lorry	noun			babbar mota ta tsaya	lorry stop
bacci	sleep	verb			domin bacci da daddare	to sleep at night
bahago	negative	adjective			wani bahago	negative one
baiko	present	noun		see 'gift'		
baiwa	maid	noun			ita baiwa ce	she is a maid
baka	lip	noun			jajayen baka	red lips
bakarara	barren	adjective			mace bakarara	barren woman
baki	mouth	noun			bakina	my mouth
baki	mouth	noun			baki na	my mouth
bakwai	seven	adjective	7	The number 7	mutum bakwai	seven bottles
bakwai	seven persons	noun			mutum bakwai suna zuwa	seven persons are coming
bakware	fisherman	noun			shi bakware ne	he is a fisherman
baƙi	black	adjective			baƙin yadi	black cloth
bal	ball	noun			yi wasan bal	play ball
balan balan	balloon	noun			balan balan guda biyu	two balloons
balo	balloon	noun			balo guda biyu	two balloons
ban dariya	funny	adjective			labari mai ban dariya	funny story
ban mamaki	amazing	adjective			labari mai ban mamaki	amazing story
banki	bank	noun			kuɗina su na banki	my money is at the bank
bankwana	say goodbye	verb			mun yi minti goma muna bankwana	we take ten minutes to say goodbye
barasa	beer	noun			muna shan barasa	we are drinking beer
barasa	wine	noun			muna shan barasa mai zaƙi	we are drinking sweet wine
barewa	deer	noun			zaki yana son naman barewa	a lion likes deer meat
bargo	blanket	noun				wet blanket
bargo	blanket	noun			jiƙaƙƙen bargo	wet blanket
bari	let	verb			bari mu sami ƙungiya	let us found a group
bashi	debt	noun			yana da bashi mai yawa	he has many debts
bashi	loan	noun			ina son bashi	I need a loan
batir	battery	noun			sabon batir	a new battery
batu	issue	noun			sabon batu	new issue
baya	behind	preposition			koma baya	go behind
baya	back	noun		rear or reverse surface of a thing	bayan ƙofa	the back of the door
bayan gida	backyard	noun			bayan gida ya yi ciyawa	the backyard is overgrown
bayan-ɗaki	toilet	noun			tafi bayan-ɗaki	go to the toilet
bayani	table	noun				chair and table
bayyana	reveal	verb			bayyana gaskiya	reveal the truth
bazara	dry season	noun			bazara ta zo	the dry season has arrived
bazawara	widow	noun			ita bazawara ce	she is a widow
beguwa	porcupine	noun			ramin beguwa	porcupine hole
belt	belt	noun			baƙin belt	black belt
benci	chair	noun				arrange the chairs
Benin	Benin	noun		A country in Africa	jeka Benin	go to Benin
beriliom	beryllium	science			beriliom (Be) na da proton 4	beryllium (Be) has 4 protons
bi	owe	verb			ina binka	I owe you
bi	pursue	verb			bi shi	pursue him
bi	chase	verb			ba wanda yake bin sa	no one is chasing him
bidiyo	video	noun			kallon bidiyo	watch the video
biki	wedding	noun			muna tafiya wurin biki	we are going to a wedding
biri	monkey	noun			biri yana son ayaba	a monkey likes bananas
birki	brake	noun			birkin mota	brake of a car
birki	brake	verb			direban ya ja birki	the driver has braked
birni	city	noun			birni babba	a large city
bishiya	tree	noun			shuka bishiya	plant a tree
bishof	bishop	noun			ita bishopf ce	she is a bishop
biya	pay	verb			zan biya	I will pay
biyar	five	adjective		The number 5	kwalabe biyar	Five bottles
biyu	two persons	noun			mutum biyu suna zuwa	two persons are coming
biyu	two	adjective			mutum biyu suna zuwa	There are two bottles on the wall
boka	wizard	noun			shi boka ne	he is a wizard
bokanci	sorcery	noun			yin bokanci	practise sorcery
bokanci	witchcraft	noun			yin bokanci	practise witchcraft
bokiti	pail	noun			bokiti da sabulu	pail and soap
bokiti	bucket	noun			bokitin yana zuba	the bucket leaks
boron	boron	science			boron (B) na da proton 5	boron (B) has 5 protons
budurwa	miss	noun		damsel; young lady	mace da budurwa	lady and young lady
buɗe	open	verb			buɗe ƙofa	I open the door
bugawa	type	verb			ina iya bugawa da sauri	I type fast
bulogi	blog	noun			bulogin abinci	food blog
Burkina Faso	Burkina Faso	noun			jeka Burkina Faso	go to Burkina Faso
burodi	bread	noun			burodi mai laushi	soft bread
burushi	toothbrush	noun			burushi da makilin	toothbrush and toothpaste
buta	jar	noun			buta bakwai	seven jars
bwal	cup	noun				tea cup
ɓarawo	thief	noun			shi ba ɓarawo ba ne	he is not a thief
ɓata	get lost	verb			domin ɓata a cikin gari	to get lost in town
ɓera	mouse	noun			babban ɓera	a big mouse
caji	charge	science			wutar lantarki na da positif caji da negatif caji	electricity has positive charge and negative charge
cakulan	chocolate	noun			cakulan ta yi araha	the chocolate has become cheap
can	there	noun		that place	nan da can	here and there
canji	change	noun			kana da canji?	do you have change?
cara	crow	verb			zakara yana cara	a cockerel is crowing
casa'in	ninety	adjective		the number 90	kwalabe casa'in	ninety bottles
cassa	bow-legged	adjective			mutum mai cassa	bow-legged man
cek	cheque	noun			rubuta cek	write a cheque
chemistry	chemistry	noun			mun koyi chemistry	we learned chemistry
ci	eat	verb			cinye komai	to eat everything
ci	chew	verb			ci gyaɗa	to chew groundnuts
ci gaba	development	noun			ci gaba mai kyau	good development
ci gaba	continue	verb			ci gaba da aikin	continue the work
ci gaba	proceed	verb			ya ci gaba domin ya gani	he proceeded to see
ciki	stomach	noun			babban ciki	big stomach
ciki	abdomen	noun			cikin kare	abdomen of a dog
cikin maye	be drunk	verb			kana cikin maye	you are drunk
cin hanci	bribe	noun			yana son cin hanci	he wants a bribe
ciwon kai	headache	noun			maganin ciwon kai	headache medicine
ciyawa	grass	noun			saniya tana cin ciyawa	a cow chews grass
cizo	bite	verb			kare na iya yin cizo	the dog can bite
coci	church	noun			tafi coci	go to church
cokali	spoon	noun				sixteen spoons
cokali mai yatsu	fork	noun				fork and knife
curi	ball	noun				play ball
cuta	sickness	noun			wace cuta ka ke da ita?	what sickness have you?
cuta	disease	noun			warkar da cuta	heal disease
da	and	conjunction			Kofi da Ama	Kofi and Ama
da kansu	themselves	pronoun			suna lura da kansu sosai	they look after themselves well
da kyau	well done	exclamation			aiki ya yi kyau!	job well done!
da wuri	early	adverb			zo da wuri	come early
da yawa	many	adjective			ababen hawa da yawa	many vehicles
da yawa	several	adjective			mutane da yawa sun zo	several people came
da'ira	circle	noun		a circle has an infinite number of angles	da'ira uku	three circles
dabara	wisdom	noun			ƙarfi da dabara	strength and wisdom
dabba	animal	noun			kare ne dabba	a dog is an animal
daɓe	floor	noun			a kan daɓe	on the floor
dafa-duka	jollof	noun		rice cooked in tomato stew	dafa-duka abinci ce	jollof is food
daga	from	preposition			tafi daga nan	go from here
daina	stop	verb			daina surutu	stop making noise
daji	bush	noun			tafi cikin daji	go into the bush
daƙiƙa	second	noun			daƙiƙa goma	ten seconds
daƙiƙi	dimwit	adjective			Wawa! Daƙiƙi!	Fool! Dimwit!
dalili	reason	noun			komai yana da dalili	everything has a reason
dama	right	adjective			tafi dama	go right
damisa	tiger	noun			babbar damisa	a large tiger
damisa	leopard	noun			damisa tana da jela	a leopard has a tail
damuwa	bother	noun			damuwa mai yawa	too much bother
damuwa	worry	noun			damuwa mai yawa	many worries
darduma	carpet	noun			sabuwar darduma	new carpet
dare	night	noun			ƙarfe 8 na dare	8 o'clock in the night
dariya	laugh	verb			ya ƙyalƙyale da dariya	he is laughing
daskararre	solid	adjective			daskararren ruwa	solid water
dauɗa	grease	noun			dauɗa a kwanon suya	grease in a pan
dawa	corn	noun			dawa da gyaɗa	corn and groundnuts
dekagon	decagon	noun			dekagon na da kusurwa goma	a decagon has ten angles
direba	driver	noun			direban ya ja birki	the driver has braked
Disemba	December	noun			Watan Disemba yana da kwana talatin da ɗaya	December has 31 days
diyya	compensation	noun			ka karɓi diyyarka?	have you received your compensation?
dodon katantanwa	snail	noun			ina cin dodon katantanwa	I eat snails
doka	law	noun		rules by the government	doka ta ce	the law says
doki	horse	noun			farin doki	white horse
domin	for	preposition			domin kanmu	for ourselves
doya	yam	noun			dafa doya	cook the yam
dubu	thousand	adjective		the number 1000	kwalabe dubu	thousand bottles
duhu	dark	adjective			duhun dare	dark night
duhu	darkness	noun			dare yana kawa duhu	night brings darkness
duniya	earth	noun			mutanen duniya	people of the earth
duniya	world	noun			yaran duniya	children of the world
duram	barrel	noun			ka cika duram	fill up the barrel
dutse	stone	noun			dutse da siminti	stones and cement
dutse	hill	noun			kan dutse	hill top
ɗa	child	noun			ɗan mahaifiyata ɗan uwa na ne	my mother's child is my sibling
ɗa	son	noun		male child	ɗa na	my son
ɗabi'a	habit	noun			ɗabi'a mummuna	bad habit
ɗabi'a	manner	noun			ɗabi'arsa na da ban sha'awa	his manner is amusing
ɗabi'a	disposition	noun			ɗabi'ar mutum	a person's disposition
ɗaci	bitter	adjective			magani mai ɗaci	bitter medicine
ɗaki	room	noun			ta na bacci a cikin ɗakin	she is sleeping in the room
ɗaki	hall	noun			muna zaune a ɗaki	we are sitting in the hall
ɗaki	bedroom	noun			gidan na da ɗakuna biyu	the house has two bedrooms
ɗakin baƙi	guest room	noun			yi bacci a ɗakin baƙi	sleep in the guest room
ɗakin wanka	bathroom	noun			tafi ɗakin wanka	go to the bathroom
ɗakin-girki	kitchen	noun			ina cikin ɗakin-girki	I am in the kitchen
ɗalibi	student	noun			ɗalibai ashirin	twenty students
ɗan Afirka	African	noun		someone from Africa	Ni ɗan Afirka ne	I am an African
ɗan dako	porter	noun			ɗan dako ya dauki akwati	the porter carries a box
ɗan kasuwa	trader	noun			ni ɗan kasuwa ne	I am a trader
ɗan kwali	headscarf	noun			ɗaura ɗan kwali	tie a headscarf
ɗan uwa	sibling	noun			ɗan mahaifiyata ɗan uwana ne	my mother's child is my sibling
ɗan uwa	relative	noun			ɗan uwa ne	he is a relative
ɗan uwa	brother	noun			ɗan uwana kaɗai	my only brother
ɗan yatsa	finger	noun			nuna min ɗan yatsanka	show me your finger
ɗan yatsan ƙafa	toe	noun			ɗan yatsan ƙafa da dunduniya	toe and heel
ɗan yaye	toddler	noun			ɗan yaye, ina za ka je?	toddler, where are you going?
ɗan ƙarami	smaller	adjective			ɗan ƙaramin gida	smaller house
ɗan ƙasa	citizen	noun		a member of a country community	Ni ɗan ƙasar	I am a citizen
ɗan-ɗan-uwa	nephew	noun			ɗan-ɗan-uwan mahaifina	my father's nephew
ɗanɗano	taste	verb			ɗanɗana abincin	taste the food
ɗari	hundred	adjective		the number 100	kwalabe guda ɗari	hundred bottles
ɗaure	tie	verb			ɗaure shi	tie it
ɗaya	one	adjective	1		Akwai kwalaba guda ɗaya a kan gida	There is one bottle standing on top of the house
ɗebe	subtract	verb			ɗebe ɗaya daga cikin biyu	subtract one from two
ɗigo	drop	noun			ɗigo da ɗigo kaza ke shan ruwa	drop by drop a chicken drinks water
ɗigo	point	noun			1 da ɗigo 5 (1.5) shine ɗaya da rabi	1 point 5 (1.5) is one and a half.
ɗinka	sew	verb			ɗinka kaya	sew cloth
ɗoyi	smell	noun			na ji ɗoyi	I sense a smell
ɗuwawu	bum	noun			babban ɗuwawu	large bum
ɗuwawu	buttocks	noun			babban ɗuwawu	big buttocks
ei	yes	exclamation			na ce ei	I say yes
Fabarairu	February	noun			Watan Fabarairu yana da kwana 28 ko 29	February has 28 or 29 days
faɗa	fight	verb			Ali da Frazier sun yi faɗa	Ali and Frazier fought
faɗa	quarrel	noun			babban faɗa	a big quarrel
faɗe	slippers	noun				you are wearing slippers
faɗi	width	noun			tsawo da faɗi	height and width
faɗi	state	verb			ya faɗi wannan	he stated that
faɗuwar ran	sunset	noun			daga fitowar rana zuwa faɗuwar rana	from sunrise to sunset
fahimta	empathy	noun			tana da fahimta	she has such empathy
famfo	pipe	noun			ruwan famfo	pipe water
famfo	tap	noun			buɗe famfo	open the tap
fandeshan	foundation	noun			fandeshan ɗin gidan	foundation of the house
fara	start	verb			fara da wuri	to start early
fara-	white	adjective			faran gida	white house
faranti	plate	noun			wanke farantinka	wash your plate
farashi	price	noun			farashinsa?	how much is the price?
fareti	march	verb			sojoji suna fareti	the soldiers are marching
farfaɗo	revive	verb			farfaɗo da kan ka	revive yourself
farfaɗowa	revival	noun			farfaɗowa ta zo gari	revival has come to town 
farin ciki	exultation	noun			waƙe-waƙen farin ciki	songs of exultation
fasali	shape	noun			fasalin gidan	the shape of the house
fata	hope	noun			inna fata	I have hope
fatalwa	apparition	noun			jin tsoron fatalwa	fear an apparition
fatalwa	ghost	noun			na ga fatalwa	I see a ghost
fensiri	pencil	noun			fensiri da alƙalami	pencil and pen
fi	surpass	verb			Ubangiji ya fi mutum	God surpasses man
fikafiki	wing	noun			kurciya ta na da fikafiki	a dove has wings
filfilo	butterfly	noun				a butterfly is beautiful
filfilo	butterfly	noun			filfilo yana da kyau	a butterfly is beautiful
filo	pillow	noun			filo da gado	pillow and bed
fim	film	noun			shirya fim	cast of a film
firinta	printer	noun			firintar littafi	book printer
fita	exit	verb			wuce ta nan domin fita	pass here to exit
fitilar ƙwai	lantern	noun			kunna fitilar ƙwai	turn on the lantern
fitowar rana	sunrise	noun			daga fitowar rana zuwa faɗuwarta	from sunrise to sunset
fitowar rana	daybreak	noun			fitowar rana da faɗuwarta	daybreak and nightfall
fiye da	than	conjunction			yana da tsawo fiye da ni	he is taller than me
fulawa	flower	noun			kyakkyawar fulawa	pretty flower
fura	porridge	noun			furar gero	millet porridge
fushi	anger	noun			sassauta fushinka	calm your anger
fuska	face	noun			kalli fuskata	look at my face
gaba	enmity	noun			babbar gaba	great enmity
gaba	rivalry	noun			daina gaba	stop the rivalry
gaba	future	noun			Ina ganin jin daɗi a rayuwarka ta gaba	I see luxury in your future
gaba da baya	to-and-fro	adverb			lilo ya na tafiya gaba da baya	the swing goes to-and-fro
gaba ɗaya	all	determiner			komai gaba ɗaya	all things
gaba ɗaya	totally	adverb			ya ƙone gaba ɗaya	it is totally burnt
gabas	east	noun			tafi gabas	go east
gaɓar teku	beach	noun			rairayin gaɓar teku	beach sand
GaDangme	GaDangme	noun		Ga. A West African people; their language	Na iya magana da GaDangame	I speak GaDangme
gadi	guard	verb			gadin gida	guard the house
gado	bed	noun			yi bacci a gado	sleep on the bed
gado	bed	noun			bacci a kan gado	sleep on the bed
gado	inheritance	noun			ka nemi gadonka	claim your inheritance
gajere	short	adjective			gajeren mutum	short man
gajimare	cloud	noun				a white cloud
gamawa	finish	verb			domin gamawa kafin faɗuwar rana	they will finish the food
gane	understand	verb			domin gane wani abu sosai	to understand something very well
ganga	talking drum	noun			ganga huɗu	four talking drums
ganga	drum	noun			na jiwo ƙarar ganga	I hear the drums
ganyayyaki	mushroom	noun			miyar ganyayyaki	mushroom soup
ganye	leaf	noun			koren ganye	green leaf
gareji	garage	noun			garejin mota	car garage
gargaɗi	warning	noun			ka saurari gargaɗin	listen to the warning
gargaɗi	warn	verb			ka gargaɗin wani	warn someone
gari	town	noun			tafi cikin gari	go into town
gari	flour	noun			garin dawa	corn flour
gas	gas	noun			rishon gas	gas stove
gasa	competition	noun			gasar ƙwallon ƙafa	football competition
gasa	bake	verb			gasa burodi	bake bread
gashi	feather	noun			gashin tsuntsu	bird's feathers
gashi	hair	noun			gashin ƙirji	chest hair
gawa	corpse	noun		body of a dead human being	gawar tana ruɓewa	the corpse is rotting
gawayi	charcoal	noun			buhun gawayi	sack of charcoal
Gbe	Gbe	noun			yaren Gbe	Gbe language
gemu	beard	noun			dogon gemu	long beard
gero	millet	noun			furar gero	millet porridge
Ghana	Ghana	noun		a country in Africa	mutanen Ghana su ake kira mutanen-Ghana	people from Ghana are called Ghanaians
gida	home	noun			gidanka	your home
gida	house	noun			gidan	the house
gidan waya	post office	noun			ina tafiya gidan waya	I am going to the post office
gigita	rock	verb			Ba za'a iya gigita ni ba	I shall never be rocked
gira	eyebrow	noun			ido da gira	eye and eyebrow
giram	gramme	noun			giram goma	ten grammes
girgizar ƙasa	earthquake	noun			girgizar ƙasa ce	it is an earthquake
girgizar ƙasa	earthquake	noun			babbar girgizar ƙasa	big earthquake
girma	glory	noun			girman ɗan adam	glory of humankind
girma	grow	verb			yaron ya girma	the child has grown
girmama	respect	verb			ina girmamaka ƙwarai	I respect you very much
girmamawa	respect	noun			nuna girmamawa	show respect
giwa	elephant	noun			giwa tana da girma	an elephant is very big
giya	headgear	noun			sa giya	put on headgear
gizo-gizo	spider	noun			yanar gizo-gizo	spider's web
gobe	tomorrow	adverb			za ta zo gobe	she will arrive tomorrow
godewa	thank	verb			godewa mahaifinka	to thank your Father
godiya	thanksgiving	noun			addu'ar godiya	thanksgiving service
goge	scrub	verb			goge daven sosai	scrub the floor well
goma	ten	adjective	10	the number 10	mutum goma	ten bottles
goma sha bakwai	seventeen	adjective		the number 17	kwalabe goma sha bakwai	seventeen bottles
goma sha biyar	fifteen	adjective		the number 15	kwalabe goma sha biyar	fifteen bottles
goma sha biyu	twelve	adjective		the number 12	kwalabe goma sha biyu	twelve bottles
goma sha shida	sixteen	adjective		the number 16	kwalabe goma sha shida	sixteen bottles
goma sha takwas	eighteen	adjective		the number 18	kwalabe goma sha takwas	eighteen bottles
goma sha tara	nineteen	adjective		the number 19	kwalabe goma sha tara	nineteen bottles
goma sha uku	thirteen	adjective		the number 13	kwalabe goma sha uku	thirteen bottles
goma sha ɗaya	eleven	adjective		the number 11	kwalaba goma sha ɗaya	eleven bottles
gona	farm	noun			gonar koko	cocoa farm
goshi	forehead	noun			dubi goshinta	look at her forehead
gudu	race	noun			shiga gudu	run a race
gudun mawa	donate	verb			bari mu ba su gudun mawa	let us donate to them
gulma	gossip	verb			yi gulmarta	gossip about her
gungume	ledge	noun			yin bacci a kan gungume	sleep on the ledge
gutsu	vagina	noun			Ba ka cewa 'gutsu' a cikin taro	you don't say 'vagina' in public
gwamnati	government	noun			Gwamnatin Nkrumah	Nkrumah's government
gwauro	widower	noun			shi gwauro ne	he is a widower
gwiwa	knee	noun			gwiwata	my knees
gyangyaɗi	doze	verb			kana gyangyaɗi	you are dozing
gyara	clear	verb			gyara maƙogwaronka	clear your throat
gyatsa	belch	verb			ci sannan ka yi gyatsa	belch smoke
hadari	cloud	noun			farin hadari	a white cloud
hadari	storm	noun			hadari da tsawa	storm with thunder
hadari	cloud	verb			hadari ya haɗu	the sky has clouded
hadda	memorization	noun			wata haddar tana da kyau	some memorization is good
haddacewa	memorize	verb			domin haddacewa	to memorize
haɗama	covetuousness	noun			haɗama bata da daɗi	covetuousness is not good
haɗin kai	unity	noun			haɗin kai da zaman lafiya	unity and peace
hagu	left	adjective			yi hagu	go left
haihuwa	birth	verb			domin haihuwar 'yan biyu	to birth twins
haka	so	conjunction			me yasa haka?	why so?
haƙa	scoop	verb			haƙa wasu sabo da ita	scoop up sand
haƙa	dig	verb			haƙa rami	to dig a hole
haƙori	tooth	noun			farin haƙori	white tooth
haƙori	tooth	noun			wanke haƙoranka	white tooth
haƙuri	patience	noun			soyayya da haƙuri	love and patience
hali	character	noun			halinta	her character
hali	state	noun			ka duba mawiyacin halin da muke ciki	look at our pitiful state
halitta	creation	noun			duk halitta	all creation
hamada	desert	noun			ruwa yana wahala a cikin hamada	water is scarce in the desert
hammata	armpit	noun			hammata mai wari	smelly armpit
hamsin	fifty	adjective		the number 50	kwalabe hamsin	fifty bottles
hanci	nose	noun			kunne da hanci	ear and nose
hange	sense	verb			Ina hangen za mu ci ƙwallo	I sense we will score a goal
hannu	hand	noun			ɗaga hannunka sama	lift up your hand
hantara	annoy	verb			kana hantara ta	you are annoying me
hanya	way	noun			hanyar	the way
har abada	forever	adverb			ta zauna har abada	she lives forever
har yanzu	still	adverb			har yanzu yana yi	still doing
haraji	levy	noun			biya haraji	pay a levy
harshe	blazing	adjective			harshen wuta	blazing fire
harshe	tongue	noun			harshen kare	dog's tongue
haske	light	noun			hasken samaniya	light of the sky
haske	bright	adjective			ɗaki mai haske	bright room
haske	shine	verb			rana tana haske	sun is shining
hatimi	stamp	verb			Babban Mutum, buga min hatimi	Big Man, please stamp it for me
hauren giwa	ivory	noun			abin wuya na hauren giwa	ivory necklace
Hausa	Hausa	noun			Hausa yare	Hausa language
haushi	bark	verb			kare yana haushi	a dog barks
hawa	climb	verb			domin hawa dutse	to climb mountains
hawaye	tear	noun			idona ya cika da hawaye	my eyes filled with tears
hawaye	teardrop	noun			hawaye kaɗan	a few teardrops
hayaƙi	smoke	noun			bulbulo hayaƙi	belch smoke
heksagon	hexagon	noun		a polygon with six angles	heksagon yana da kusurwa shida	a hexagon has six angles
heptagon	heptagon	noun			heptagon zane ne mai kusurwa bakwai	a heptagon has seven angles
hmph	hmph	exclamation			na ce hmph	I say, hmph!
horo	punish	verb			Ka bashi horo	punish him
hotal	hotel	noun			ta kwana a hotal	she sleeps at a hotel
hoto	photograph	noun			ɗaukar hoto	take a photograph
hoto	picture	noun			kyakkywan hoto	beautiful picture
hoto	picture	noun			kyakkyawan hoto	beautiful picture
hudu	four	adjective	4	The number 4	mutum hudu su na zuwa	There are four bottles on the wall
huɗu	four	adjective		The number 4	akwai kwalabe huɗu a kan katanga	There are four bottles on the wall
hukunci	judgement	noun			wane hukunci?	which judgement?
hutawa	roost	verb			idan tsuntsu bai tashi ba, yana hutawa	if a bird does not fly, it roosts
ibola	ebola	noun			ibola cuta ce	ebola is a disease
idan	if	conjunction			idan wani yana sonka	if someone loves you
ido	lens	noun			idon kyamara	lens of a camera
ido	eye	noun			ido da ƙwayar ido	eye and eyeball
ido	eye	noun			ido da gira	eye and eyebrow
igiyar ruwa	wave	noun			igiyar ruwa tana wargajewa	the waves are breaking
ihu	shout	verb			yin ihu domin neman taimako	to shout for help
ihu	wailing	noun			kuka da ihu	crying and wailing
iko	power	noun			ƙarfi da iko	strength and power
ilektron	electron	science			ilektron na da caji na -1	an electron has a charge of -1
ilimi	education	noun			lafiya da ilimi	health and education
ilimi	knowledge	noun			duk ilimin duniya	all knowledge in the world
imani	faith	noun			imani da zaman lafiya	faith and peace
imel	email	noun			buga imel	print the email
ina	where	adverb			a ina ka ke da zama	where do you live?
inji	machine	noun			sabon inji	new machine
inki	ink	noun			inki a jikin alƙalami	ink in a pen
inuwa	shade	noun			Ina zaune a inuwa	I am sitting under the shade
Inyamuranci	Igbo	noun			yaren Inyamuranci	Igbo language
isasshe	adequate	adjective				
itace	firewood	noun			ɗaukar itace	pickup firewood
itace	tree	noun				plant a tree
iya	can	verb			na iya karatu	I can read
iyali	family	noun			sabon iyali	new family
iyaye	parents	noun			iyayenta	his parents
ja	red	adjective			jajayen laɓɓa	red lips
jagora	lead	verb			jagorance mu	lead us
jaka	bag	noun			dubi jakar	look at the bag
jama	jama	noun			yi waƙar jama	sing jama
jami'a	university	noun			Jami'ar Legon	Legon University
jana'iza	funeral	noun			Ina tafiya wurin jana'iza	I am going to a funeral
Janairu	January	noun			Watan Janairu yana da kwana 31	January has 31 days
jariri	baby	noun			ina da jariri	I have a baby
jarraba	test	verb			ina jarraba ka	I was testing you
jarrabawa	test	noun			jarrabawar tana da wahala	the test is difficult
jarrabawa	exam	noun			jarrabawar ta yi sauƙi	the exam is easy
jawo hankali	alert	verb			ka jawo hankalinsu	alert them
jela	tail	noun			mage ta na da jela	a cat has a tail
ji	hear	verb			jin ƙarar usir	she heard the whistle
jijiyar jini	vein	noun			jini ya na bi ta jijiyar jini	blood passes through veins
jiki	body	noun			mutum jiki ne, ruhi da rai	a person is body, soul and spirit
jiƙa	soaked	adjective			jiƙa kaya	soaked cloth
jiƙaƙƙe	wet	adjective			jiƙaƙƙen bargo	wet blanket
jin daɗi	comfort	noun			bani jin daɗi	give me comfort
jingina	lean on	verb			jingina da ni	lean on me
jini	blood	noun			ruwa da jini	water and blood
jira	wait	verb			domin jira kaɗan	to wait a bit
jirgin ruwa	boat	noun			jan jirgin ruwa	red boat
jirgin sama	aeroplane	noun			jirgin sama guda biyu	two aeroplanes
jirgin sama	plane	noun		aeroplane, airplane		board a plane
jirgin ƙasa	train	noun			sabon jirgin ƙasa	new train
Juli	July	noun			Watan Juli yana da kwana 31	July has 31 days
Juma'a	Friday	noun			Yaran Juma'a	Friday children
juriya	courage	noun			ta na da juriya	she has courage
juya	stir	verb			juya fura	stir the porridge
juyayi	grief	noun			juyayi yana kashe ni	grief is killing me
juyayi	grieve	verb			raina yana juyayi	my soul grieves
ka	car	noun				drive a car
ka dafa		verb				
ka feraye		verb				
ka gaishe da		verb				
ka hadiyi		verb				
ka iya 		verb				
ka kalli		verb				
ka tamabayi		verb				
ka tsallaka		verb				
kaabon	carbon	science			kaabon (C) na da proton 6	carbon (C) has 6 protons
kabeji	cabbage	noun		a leafy vegetable	miyar kabeji	cabbage stew
kada	alligator	noun			kada yana da jela	an alligator has a tail
kado	crocodile	noun			kado yana son ruwa	a crocodile likes water
kaɗan	some	determiner			abinci kaɗan	some food
kaɗan	some	pronoun			ba ni kaɗan	give me some
kafin	before	preposition			ci abinci kafin ka yi barci	eat before (you) sleep
kafinta	carpenter	noun			shi kafinta ne	he is a carpenter
kai	wow	exclamation			kai! na gode!	wow! thank you!
kai	self	noun			ni da kaina, kai da kanka	myself, yourself
kakanni	ancestor	noun			kakanni na	my ancestors
kaki	khakhi	noun			gajeren wandon kaki	khakhi shorts
kalanda	calendar	noun			sabuwar kalanda	a new calendar
kalangu	squeeze drum	noun			kaɗa kalangu	play the squeeze drum
kallo	watch	verb			domin kallon wasan ƙafa	to watch football
kalma	word	noun			na san kalmomi 100	I know 100 words
kalmar wucewa	password	noun			canja kalmar wucewa	change password
kalsiom	calcium	science			kalsiom (Ca) na da proton 20	calcium (Ca) has 20 protons
kaluluwa	goosebumps	noun			ina da kaluluwa	I have got goosebumps
kama	resemble	verb		to look like	ka yi kama da ɗan uwanka	you resemble your sibling
kamar	such as this	exclamation			mutum kamar wannan!	a person such as this!
Kameru	Cameroon	noun		A country in Africa	jeka Kameru	go to Cameroon
kan	on	preposition			yi bacci a kan teburi	sleep on the table
kanya	sheabutter	noun			ƙanshin kanya	the fragrance of sheabutter
karanci	humility	noun			ka nuna karamci	you show humility
karas	carrot	noun			karas huɗu	four carrots
karatu	reading	noun			maimaita karatun	repeat the reading
kare		noun				
kare	dog	noun			kare yana haushi	a dog barks
karin kumallo	breakfast	noun			zai ci karin kumallo	he will eat breakfast
kariya	protection	noun			bani kariya	give me protection
karɓa	accept	verb			karɓe ta	accept her
kash	oh	exclamation			kash 'yar uwata!	oh my sister!
kashi	defecate	verb			kazar ta yi kashi a ko ina	the chicken has defecated everywhere
kashi	shit	verb			yaro yana kashi	the child is shitting
kaso	share	noun			ina kaso na?	where is my share?
kasuwa	market	noun			tafi kasuwa	go to market
kasuwanci	business	noun			kasuwanci da siyasa	business and politics
katanga	wall	noun			zauna a kan katanga	sit on the wall
katsaham	suddenly	adverb			abin ya zo katsaham	it came suddenly
kau-da-kai	look away	verb			na kau-da-kaina	I look away
kawai	mere	adjective			wawa kawai	mere fool
kawai	only	adjective			kai kawai	only you
kawai	just	adjective			abin dariya ne kawai	it is just folly
kawai	just	adverb			kawai duba	just see!
kawai	just	preposition			kawai lokacin da ya je can	just as he got there
kawo	deliver	verb		send to someone	kawo min kuɗi	deliver money to me
kawu	uncle	noun			kawu Kofi	uncle Kofi
kaya	dress	noun			shuɗayen kaya	blue dress
kaya	clothes	noun			sayi kaya	buy clothes
kaya	cloth	noun			saka kaya	wear cloth
kayan sawa	attire	noun			kayan sawarka yana da kyau	your attire is beautiful
kayayyaki	clothes	noun				buy clothes
kaza	chicken	noun				chicken meat
kek	cake	noun			za mu ci kek	we will eat the cake
keke	bicycle	noun				new bicycle
keke	bicycle	noun			sabon keke	new bicycle
kente	kente	noun			tufar kente	kente cloth
Kenya	Kenya	noun		A country in Africa	jeka Kenya	go to Kenya
ki	youe	pronoun		Also "you". singular object pronoun	na son ki	I love youe
kibod	keyboard	noun			danna k akan kibod	press "k" on the keyboard
kiɗa	music	noun			saka kiɗa	play music
kifi	fish	noun			soyayyen kifi	fried fish
kifi	fish	noun				fried fish
kilogram	kilogramme	noun		metric for mass; 1000 grammes (g) is equal to 1 kilogramme (kg)	kilogram goma	ten kilogrammes
kilomita	kilometer	noun		(km)	kilomita goma	ten kilometers
kilomita	kilometre	noun			kilomita goma	ten kilometres
kira	call	verb			yi kiran yaron	to call the boy
kirista	Christian	noun			Kirista da Musulmi	a Christian and a Muslim
kirki	upright	adjective			mutum mai kirki	upright person
kisan-kai	murder	noun			gulma da kisan-kai	gossip and murder
kiwo	rear	verb			kiwon dabbobi	rear animals
klorin	chlorine	science			klorin (Cl) na da proton 17	chlorine (Cl) has 17 protons
ko	or	conjunction			Kofi ko Ama	Kofi or Ama
ko ina	everywhere	pronoun			ko ina yayi zafi	everywhere is hot
kofi	cup	noun			kofin shayi	tea cup
kofi	coffee	noun			ta sha kofi	she drinks coffee
kogi	river	noun			kogi ya haɗu da teku	a river goes into a sea
koko	cocoa	noun			bishiyar koko	cocoa tree
kokwanto	doubt	noun			tana cikin kokwanto	she has doubts
komfuta	computer	noun			komfuta kibod	computer keyboard
kore	green	adjective			koren ganye	green leaf
kore-kore	greenish	adjective			kore-koren gida	greenish house
kotu	court	noun			Ina tafiya kotu	I am going to court
Kotudivuwa	Cote d'Ivoire	noun			jeka Kotudivuwa	go to Cote d'Ivoire
kowa da	each and everyone	pronoun			kowa da kowa ya zo	each and everyone came
koya	teach	verb			koyar da lissafi	to teach mathematics
kudu	south	noun			tafi kudu	go south
kuɗi	cash	noun			Ina da kuɗi	I have cash
kuɗi	fees	noun			kuɗin makaranta	school fees
kuɗi	money	noun			kuɗi suna taimakawa	money helps
kujera	stool	noun			zauna a kan kujera	sit on the stool
kuka	cry	verb			domin yin kuka a ko yaushe	to cry each time
kule	cat	noun			kule tana da jela	a cat has a tail
kullum	daily	adverb			kullum yana zuwa nan	he comes here daily
kumbura	swell	verb			kumburarriyar afa	swollen leg
kunkuru	tortoise	noun			kunkuru yana tafiya a hankali	a tortoise walks slowly
kunnawa	switch on	verb			kunna radiyon	switch on the radio
kunne	ear	noun			kunne da hanci	ear and nose
kunya	shame	noun			kunya da wulakantawa	shame and disgrace
kunya	shyness	noun			ba shi da kunya	he has no shyness
kunyata	shame	noun			kunyata da kunyatarwa	shame and disgrace
kunyatarwa	disgrace	noun			kunyata da kunyatarwa	shame and disgrace
kurciya	dove	noun			faraf kurciya	white dove
kurege	squirrel	noun			kurege ya na son kwakwar manja	a squirrel likes palm nuts
kurkuku	jail	noun			tafi kurkuku	go to jail
kusa	near	adverb		at a short distance	matso kusa da ni	pull near to me
kuskure	err	verb			na yi kuskure	I have erred
kuskure	mistake	noun			kowa yana kuskure	everyone makes mistakes
kusurwa	angle	noun		the length of turn between two straight lines that meet	kusurwa biyu	two angles
kusurwa-huɗu	rectangle	noun			kusurwa-huɗu yana da kusurwa huɗu	a rectangle has four angles
kutlas	cutlass	noun			bani kutlas	give me the cutlass
kuzari	strength	noun			kuzari da iko	strength and power
kwabo	coin	noun			kwabo huɗu	four coins
kwabo		noun				
kwalaba	bottle	noun				five bottles
kwale-kwale	canoe	noun			kwale-kwale da abin tuƙi	canoe and paddle
kwale-kwale	boat	noun			jan kwale-kwale	red boat
kwallon ƙafa	ball	noun			yi wasan kwallon ƙafa	play ball
kwana takwas	eight days	noun			sauraro kwana takwas	wait eight days
kwanan wata	date	noun			yau kwanan wata nawa?	which date is today?
kwando	basket	noun			ɗauki kwando	carry a basket
Kwango	Congo	noun			jeka Kwango	go to Congo
kwano	bowl	noun			jan kwano	a red bowl
kwanoni	corners	noun			duk kwanonin duniya	all corners of the world
kwarkwata	louse	noun			kwarkwatar kaji	chicken lice
kwat	coat	noun			ta na saka kwat	she is putting on a coat
kwata	gutter	noun			akwai ruwa a cikin kwata	there is water in the gutter
kwaɗo	frog	noun				a frog likes water
kwaɗo	frog	noun			kwaɗo yana son ruwa	a frog likes water
kyamara	camera	noun			idon kyamara	lens of a camera
kyankyaso	cockroach	noun		also known as a roach (American English)	na ga kyankyaso	I see a cockroach
kyau	beauty	noun			kyau da soyayya	beauty and love
kyauta	gift	noun			kyauta mai kyau	a good gift
kyauta	award	noun			ka bata kyauta	give her an award
ƙadangare	lizard	noun			ƙadangare yana cin ciyawa	a lizard eats grass
ƙafa	leg	noun			kumburarriyar ƙafa	swollen leg
ƙafa	leg	noun				swollen leg
ƙafar alade	pigfeet	noun			miyar ƙafar alade	pigfeet soup
ƙaguwa	crab	noun			miyar ƙaguwa	crab soup
ƙaho	warhorn	noun			busa ƙahon-yaƙi	blow the warhorn
ƙamus	dictionary	noun			ƙamus mai hoto	picture dictionary
ƙarairayi	lie	noun			ƙarairayi da rashin jituwa	lies and discord
ƙarami	small	adjective			ƙaramin abu	a small thing
ƙarami	tiny	adjective			ƙaramin abu	tiny thing
ƙaranci	scarcity	noun			ƙarancin ruwa	scarcity of water
ƙarfafa	encourage	verb			ƙarfafa ta	encourage her
ƙarfafawa	encouragement	noun			ƙarfafawa da jin daɗi	encouragement and joy
ƙarfe	metal	noun			hular ƙarfe	hat of metal
ƙarfi	strong	adjective			mace mai ƙarfi	a strong woman
ƙarfi	strength	noun			ƙarfi da iko	strength and power
ƙarfin gwiwa	determination	noun			za mu yi shi cikin ƙarfin gwiwa	we will do it with determination
ƙarfin iska	hydrogen	noun			motar ƙarfin iska	hydrogen car
ƙarshe	end	noun			ƙarshe ya zo	the end has come
ƙarya	lie	verb			kana da ƙarya sosai	you lie too much
ƙasa	land	noun			sayi ƙasa	buy land
ƙasa	down	adverb			tafi ƙasa	go down
ƙasa	country	noun		a community of people living in a place with full self-government	ƙasarka	your country
ƙasa	nation	noun			ƙasarka	your nation
ƙasashen waje	abroad	noun			ta tafi ƙasashen waje	she goes abroad
ƙasƙantarwa	diss	noun			ba ƙasƙantarwa ba ne	it is not a diss
ƙirga	count	verb			ƙirga kuɗi	count money
ƙishirwa	thirst	noun			yunwa da ƙishirwa	hunger and thirst
ƙofa	door	noun			rufe ƙofa	close the door
ƙoƙari	effort	noun			ƙoƙari mai kyau	a good effort
ƙoƙo	shell	noun			ƙoƙon ƙaguwa	shell of a crab
ƙoƙoluwa	summit	noun			ƙoƙoluwar dutse	mountain summit
ƙoofaa	door	noun			rufe ƙoofaa	close the door
ƙorama	lake	noun			ƙorama ta yi ambaliya	the lake has overflowed
ƙuda	blowfly	noun			ƙuda yana da ban haushi	blowflies are annoying
ƙuda	fly	noun			ƙuda yana tashi	a fly flies
ƙugu	waist	noun			ƙugunka	your waist
ƙungiya	association	noun			ka zo taron ƙungiyar manyan mutane	come to the men's association meeting
ƙungiya	group	noun			bari mu nemo ƙungiya	let us found a group
ƙusa	nail	noun			katako da ƙusa	plank and nail
ƙwace	snatch	verb			ƙwace wayar tarho	snatched the phone
ƙwai	egg	noun				chicken egg
ƙwallon ƙafa	soccer	noun			gasar ƙwallon ƙafa	football competition
ƙwarai	very much	adverb			na gode ƙwarai	thank you very much
ƙwarƙwara	concubine	noun			Yaa ƙwarƙwara ta ce	Yaa is my concubine
ƙwayar ido	eyeball	noun			ido da ƙwayar ido	eye and eyeball
ƙwayar zarra	atom	science			ƙwayar zarra na da nuklus da ilektron	an atom has a nucleus and electrons
ƙyaƙyata	raucously	adverb			ƙyaƙyata dariya	to laugh raucously
labari	story	noun			faɗa min labari	tell me a story
lafiya	health	noun			abinci yana bada lafiya	food gives health
Lahadi	Sunday	noun			Kwasi da Akosua yaran Lahadi ne	Kwasi and Akosua are Sunday children
lakatayen	tie	noun		a necktie	lakatayen ɗin yana rataye a wuyansa	the tie hangs on his neck
lalatacce	wasted	adjective			lalataccen abinci	wasted food
lamba	number	noun			lamba 5	number 5
lambu	grove	noun			lambun turare	grove of spirits
lantarki	electricity	science			lantarki shi ne idan ya tafi daga wani wuri zuwa sabon wuri	electricity is when charges go from one place to a new place
lanƙwasa	twist	verb			lanƙwasa shi kaɗan	twist it a little
Laraba	Wednesday	noun			Yaran Laraba	Wednesday children
lasifiƙar kunne	earpiece	noun			sabuwar lasifiƙar kunne	new earpiece
layi	line	noun			kwallon ƙafa ta tsallake layi	the ball has crossed the line
lema	umbrella	noun			zaunawa a ƙarƙashin lema	sit under the umbrella
lemo	orange	adjective			saka hula mai ruwan lemo	wear the orange cap
lemon tsami	lime	noun			ruwan lemon tsami	lime juice
lemon zaƙi	orange	noun			lemon zaƙi guda uku	three oranges
likita	doctor	noun			ita likita ce	she is a doctor
lilo	swing	noun			yi wasa a kan lilo	play on a swing
limamin coci	priest	noun			limamin coci ya bada shawara	a priest has advice
lissafi	computing	noun			kwamfuta tana lissafi	a computer does computing
Litinin	Monday	noun			Yaran Litinin	Monday children
littafi	book	noun			wannan littafi	this book
littafi	book	noun			wannan littafin	this book
lokaci	time	noun			lokaci ya yi	the time is up
lokaci	duration	noun			lokaci mai tsawon awa arba'in	forty-hour duration
Luganda	Luganda	noun			yaren Luganda	Luganda language
Luwo	Luwo	noun		modern written form of the Acholi and Dholuo language	Na iya karanta Luwo	I can read Luwo
mace	woman	noun			kyakkyawar mace	a pretty woman
mace	woman	noun				a pretty woman
maciji	snake	noun			maciji ba shi da ƙafafuwa	a snake has no legs
madubi	mirror	noun			babban madubi	big mirror
madubi	mirror	noun				big mirror
maɗaukaki	almighty	adjective			ubangiji maɗaukaki	almighty god
mafarki	dream	verb			yin mafarki mai yawa	to dream a lot
mafitar ruwa	sink	noun			gyara mafitar ruwa	drain the sink
magana	talk	verb			yin magana mai yawa	to talk too much
magani	medicine	noun			magani mai ɗaci	bitter medicine
mage	cat	noun			mage tana da jela	a cat has a tail
mahaifa	womb	noun			mahaifar mace	female's womb
mahaifiya	mother	noun			ɗan mahaifiyata ɗan uwa na ne	my mother's child is my sibling
mahalicci	creator	noun			mahalicci ubangiji	creator god
mahawara	argue	verb			yi mahawara da shi	argue with him
mahawara	squabbles	noun			mahawara da zagi	squabbles and insults
mahawarori	argument	noun			mahawarori masu yawa	many arguments
mai	of	preposition		expresses possession	yare mai Afirka	language of Africa
mai amfani	user	noun			masu amfani nawa?	how many users?
mai gida	master	noun			mai gida Kofi	Master Kofi
mai girma	holy	adjective			littafi mai girma	holy book
mai kisa	murderer	noun			shi mai kisa ne	he is a murderer
mai kyau	tie-and-dye	noun			ta sanya tufa mai kyau	she is wearing a tie-and-dye dress
mai laushi	soft	adjective			burodi mai laushi	soft bread
mai neman ƙananan yara	pedophile	noun			shi mai neman ƙananan yara ne	he is a pedophile
mai sarauta	chief	noun			ita mai sarauta ce	she is a chief
mai sarƙaƙiya	be trivial	verb			ba mai sarƙaƙiya ba ne	working is not trivial
mai saurare	listener	noun			mai saurare barka da warhaka	hello listeners
mai tauri	tough	adjective			nama mai tauri	tough meat
mai tsada	gaudy	adjective			abin-wuya mai tsada	gaudy necklace
mai ɗebe kewa	entertaining	adjective			mai ɗebe kewa ne	it is entertaining
mai-magana-da-yawu	spokesperson	noun			mai-magana-da-yawun masarauta	the chieftain's spokesperson
maimaita	repeat	verb			maimaita karatun	repeat the reading
maizaƙi	orange	noun				three oranges
majalisa	parliament	noun			zaɓenta ta tafi majalisa	elect her to go to parliament
majina	phlegm	noun			goge majinar	wipe the phlegm
makani	cocoyam leaves	noun			miyar ganyen makani	cocoyam leaves stew
makara	delay	verb			ka makara	you have delayed
makaranta	school	noun		a place where learning happens	Na koyi yadda zan yi karatu a makaranta	I learn to read at school
makarantar rainon yara	preschool	noun				
makilin	toothpaste	noun			burushi da makilin	toothbrush and toothpaste
mako	week	noun			wannan mako	this week
makyarkyata	tremble	verb		quiver	laɓɓanasa suna makyarkyata	his lips are trembling
maƙiyi	enemy	noun			maƙiya za su gaji	enemies will tire
malafa	hat	noun			yana sanye da malafa	he is wearing a hat
Malagasi	Malagasy	noun		a language of Madagascar	yaren Malagasi	Malagasy language
malalaci	sluggard	noun			malalaci ya yi bacci	the sluggard is asleep
malalaci	lazy	adjective			malalacin mutum	lazy man
malam	sir	noun			na gode maka malam	I thank you sir
malama	madam	noun			malama Mariama	madam Mary
malami	teacher	noun			ni malami ne	I am a teacher
mamaki	surprise	noun			babban mamaki	great surprise
mamaki	wonder	noun			mamaki da soyayya	wonder and love
man girki	vegetable oil	noun			yi amfani da man girki domin soya kifi	use vegetable oil to fry fish
man-gelo	palm kernel oil	noun		oil from the seeds of the palm-nut tree	man-gelo ya dace da gashi	palm kernel oil is good for hair
mangwaro	mango	noun			mangwaro ya nuna	the mango has ripened
manomi	farmer	noun			ita manomiya ce	she is a farmer
mantuwa	forgetfulness	noun			mantuwarta	her forgetfulness
marar imani	valiant	adjective			mace marar imani	valiant woman
marar iyaka	infinity	noun		the number ∞	idan ka raba ko wace lamba da 0 sakamakon zai zama marar iyaka	if you divide any number by zero, you get infinity
marar kuzari	inactive	noun			shi marar kuzari ne	he is inactive
marar kyau	be evil	verb			shan miyagun ƙwayoyi abu ne marar kyau	abusing drugs is evil
Maris	March	noun			Watan Maris yana da kwana 31	March has 31 days
marowaci	miserly	adjective			marowaci ne	he is miserly
maruru	boil	noun			maruru na da zafi	a boil is painful
mashi	spear	noun			sun soke shi da mashi	they pierced him with a spear
masoyi	lover	noun			masoyi na ya yaudare ni	my lover has tricked me
mata	missus	noun			matar Clinton	Missus Clinton
mata	wife	noun			matata da 'ya'yana	my wife and my children
matashi	pillow	noun			matashi da gado	pillow and bed
matashiya	heading	noun			matashiyar littafi	book headings
matsayi	title	noun			"Babba" wani matsayi ne	"Mighty One" is a title
matse	squeeze	verb			matse lemo	squeeze the orange
mayaudari	philanderer	noun			ka mayar da kanka mayaudari	you have made yourself a philanderer
mayaƙi	warrior	noun			tsohon mayaƙi	warrior of antiquity
Mayu	May	noun			Watan Mayu yana da kwana 31	May has 31 days
mayya	witch	noun			ita mayya ce	she is a witch
mene	what	pronoun			mene ne wancan?	what is that?
miji	husband	noun			ina son miji na	I love my husband
mikiya	eagle	noun			mikiya biyu	two eagles
miƙaƙƙe	straight	adjective			miƙaƙƙen titi	straight road
miƙaƙƙe	flat	adjective			teburi miƙaƙƙe	flat table
miƙe	straighten	verb			miƙe tufafinka	straighten your dress
mil	mile	noun			mil goma	ten miles
miliyan	million	adjective		the number 1,000,000	kwalabe miliyan	a million bottles
minti	minute	noun			minti biyar	five minutes
mintsini	pinch	verb			ka daina mintsini na	stop pinching me
mita	metre	noun		length metric; meter (American English)	mita goma	ten metres
miya	soup	noun			miyar gyaɗa	palm nut soup
miya	stew	noun			yi miya	make stew
mota	bus	noun			wurin tsayawar motoci	bus stop
mota	car	noun			tuƙa mota	drive a car
mota	van	noun			yi hayar mota	board a van
mu	we	pronoun		used to indicate oneself and others	mun ci	we eat
mugu	evil	noun			wannan wace irin mugunta ce?	which evil is this?
mugunta	wickedness	noun			rowarka da muguntarka	your stinginess and your wickedness
mujiya	owl	noun			mujiya tsuntsu ce	an owl is a bird
mulki	reign	verb			mulkin Ubangiji	God reigns
mummuna	ugly	adjective			mummuna ne	it is ugly
murmushi	smile	verb			yi murmushi kaɗan	to smile a bit
murna	rejoice	verb			yi murna, na ce, yi murna	rejoice, I say, rejoice
murna	congratulations	noun			murna da kuma san-barka	congratulations and well done
murya	voice	noun			ka tausasa muryarka	soften your voice
musulmi	muslim	noun			Kirista da Musulmi	a Christian and a Muslim
Musulunci	Islam	noun			Kiristanci da Musulunci	Christianity and Islam
mutum	person	noun			babban mutum	important person
mutum	man	noun			dogon mutum	a tall man
mutum tara	nine persons	noun			mutum tara suna zuwa	nine persons are coming
mutum ɗaya	one person	noun			mutum ɗaya suna zuwa	one person is coming
mutuwa	die	verb			domin mutuwa da wuri a wasan	to die young in the play
n	the	determiner			gida n	the house
na	my	possessive			gidan na	my house
na	I	pronoun		used to indicate oneself	na kan cinye	I eat
na gode	thank you	exclamation			na gode ƙwarai da gaske	thank you very much
nahiya	continent	noun			Nahiyar Afirka	African continent
Najeriya	Nigeria	noun		A country in Africa	jeka Najeriya	go to Nigeria
naman alade	pork	noun			naman alade yana da daɗi	pork and beef
naman dabba	beef	noun			ci naman dabba	eat beef
namiji	male	noun			Mandela namiji ne	Mandela is male
namu	ours	pronoun			Ni da Kofi, wannan abin namu ne	I and Kofi, this thing is ours
nan	here	noun		this place or this position	tafi daga nan	go from here
narkewa	melt	verb			man shanu yana narkewa	the sheabutter is melting
nasara	victory	noun			nasara da rashin nasara	victory and defeat
nasara	victory	noun			nasara da rashin nasara	victory and defeat
nasara	triumph	verb			ka yi nasara	you triumphed
nasu	theirs	pronoun			wannan abin nasu ne	this thing is theirs
nata	hers	pronoun			wannan abin nata ne	this thing is hers
naushi	blow	noun			naushe shi	give him a blow
nawa	how much	adjective			nawa ya ke?	how much is it?
nawa	mine	pronoun			wannan abin nawa ne	this thing is mine
ne	be	verb		used to indicate state of being. Has different forms depending on the subject person: I am, you are, she/he/it is, we are, they are	kai ne wani muhimmin mutum	You are an important person
nema	seek	verb		look for	domin neman wani abu	to seek meaning
ni	me	pronoun			ni da kai	me and you
nono	breast	noun			shayarwar nono	breast milk
nsu	their	possessive			gidansu	their house
nufi	will	noun			nufin Allah	God's will
numfashi	breath	noun			tattara numfashinka; huta	collect your breath; rest
nuna	ripen	verb			mangwaro ya nuna	the mango has ripened
nuna	show ... pity	verb			nuna mata tausayawa	show her pity
Nuwamba	November	noun			Watan Nuwamba yana da kwana 30	November has 30 days
ofishi	office	noun			ofishin mahaifiyata	the office of my mother
Oktoba	October	noun			Watan oktoba yana da kwana 31	October has 31 days
Olampics	Olympics	noun			gasar wasan Olampics	Olympics competition
pentagon	pentagon	noun			pentagon yana da kusurwa biyar	a pentagon has five angles
raba	share	verb			raba abinci	share the food
raba	divide	verb		separate into parts	raba burodi	divide the bread
rabawa	split	verb			rabawa biyu	split in two
rabawa	division	noun			2/1=2; wannan rabawa ce	2/1 = 2; this is division
rabbi	cheetah	noun			rabbi dabba ce	a cheetah is an animal
rabi	half	noun		one out of two equal divisions	ɗaya da rabi	one and half
radiyo	radio	noun			kunna radiyon	switch on the radio
raɗaɗi	pain	noun			raɗaɗin yana nan	the pain is here
rahoto	report	noun			haɗa rahoto	make a report
rai	soul	noun			raina ya yi fari	my soul exults
rakiya	see ... off	verb			ka yi min rakiya	see me off
rakumin daji	giraffe	noun				a giraffe is an animal
raƙuma	camel	noun			raƙuma shida	six camels
rami	hole	noun			ƙaramin rami	small hole
rami	pit	noun			haƙa rami	dig a pit
rana	day	noun			ranar ta zo	the day has arrived
rana	sun	noun				the sun is shining
rana	afternoon	noun			zan zo da rana	I will come in the afternoon
rana	sun	noun			rana tana haske	the sun is shining
ranar haihuwa	birthday	noun			yau ce ranar haihuwa ta	today is my birthday
rance	borrow	verb			yi rancen kuɗi	borrow money
rangaji	sway	verb			bishiyar tana rangaji	the tree is swaying
rantse	swear	verb			ka rantse ni da kai sai dai mu mutu (tare)	swear that you and me will die (together)
rantsuwa	oath	noun			babbar rantsuwa	great oath
rariya	collander	noun			yi amfani da rariya domin tace shinkafa	use the collander to drain the rice
rarrafe	crawl	verb			yaro yana rarrafe	the child is crawling
rashin godiya	unappreciativeness	noun			kada ka nuna rashin godiyarka	do not show your unappreciativeness
rashin jituwa	friction	noun			rashin jituwa ya faru a tsakaninmu	friction came between us
rashin nasara	defeat	noun			nasara da rashin nasara	victory and defeat
rauni	weakness	noun			a rauninta	in her weakness
rauni	sore	noun			kare yana lashe rauninsa	the dog is licking its sore
rauni	weak	adjective			ina da rauni	I am weak
rawa	dance	verb			domin yin rawa cikin nishaɗi	to dance with joy
rayayye	living	adjective			ubangiji rayayye	living god
rayu	live	verb			mu na rayu a nan	we live here
rayuwa	life	noun			ka yi rayuwa mai kyau	live your life well
reza	razor	noun			wasa reza	sharpen the razor
riba	profit	noun			samun riba	make profit
riga	garment	noun			sa riga	wear a garment
riga	bodice	noun			ta saka riga	she wears a bodice
rijiya	well	noun			ruwan rijiya	well water
rikici	discord	noun			ƙarya da rikici	lies and discord
riƙewa	take hold of	verb			riƙe ni	take hold of me
risho	stove	noun			rishon gas	gas stove
rogo	cassava	noun			ayaba da rogo	plantain and cassava
roƙonka	plead with ...	verb			ina roƙonka; don Allah	i plead with you; please
rufewa	cover	verb			rufewa da kyalle; saka kaya	cover it up
ruwa	water	noun			ka sha ruwa	you drink water
ruwa	liquid	adjective		flows and has constant volume	narkakken ruwa	liquid water
ruwan gansa-kuka	pink	adjective			wasu aladun ruwan gansa-kuka ne	some pigs are pink
ruwan hoda	purple	adjective			fulawa mai ruwan hoda	purple flower
ruwan ɗorawa	yellow	adjective			tuta mai ruwan ɗorawa	yellow flag
ruwan ƙasa	brown	adjective			tsuntsu mai ruwan ƙasa	brown bird
sa albarka	anoint	verb			ta shafawa kaina mai domin sa albarka	she anointed my head with oil
saba'in	seventy	adjective		the number 70	kwalabe saba'in	seventy bottles
sabo da	because	conjunction			sabo da ina sonki	because I like you
sabo-	new	adjective			sabon iyali	new family
sabulu	soap	noun				pail and soap
sabulu	soap	noun			bokiti da sabulu	pail and soap
sacewa	steal	verb			sacewa da lalatawa	steal and destroy
sadaukarwa	sacrifice	noun			bayarda sadaukarwa	offer a sacrifice
saduwa	link	noun			saduwar intanet	Internet link
sai an jima	goodbye	exclamation			cene sai an jima	say goodbye
sai dai	except	conjunction			sai dai Ubangiji	except God
saka	wear	verb			saka tufafi	wear clothes
sakamako	consequence	noun			sakamakonsa	its consequences
sake	again	adverb			ka sake ganinta	see her again
sakin-hannu	generosity	noun			sakin-hannunka	your generosity
saƙa	weave	verb			saƙa kwando	weave a basket
salsala	genealogy	noun			salsala na Nkrumah	the genealogy of Nkruma
sama	up	adverb			duba sama	look up
samartaka	befriend	verb			yi samartaka da ni	befriend me
samfuri	version	noun			wane samfuri?	which version?
sami sauƙi	recover	verb			marar lafiya ya sami sauƙi	a sick person recovers
samu	have	verb			domin samun kuɗi	she has money
sanarwa	announcement	noun			karanta sanarwar	read the announcement
sanda	stick	noun			karya sanda	break the stick
sanda	staff	noun			sandan ice	wooden staff
sannan	then	adverb			sannan ya yi bacci	then he slept
sannu	hello	exclamation			sannu malam	hello sir
sansana	smell	verb			domin sansana fulawa	to smell the flowers
sanyi	freezing	noun		temperature	dare akwai sanyi	night is freezing
sanyi	cold	adjective			ruwa mai sanyi	cold water
sarari	yard	noun			babban sarari	big yard
sararin sama	sky	noun			tashi a sararin sama	to fly into the sky
sarauniya	queen	noun			ita sarauniya ce	she is a queen
sarki	king	noun			shi sarki ne	he is a king
sarƙa	chain	noun			ta tsinka min sarƙa	she has broken my chains
sassaƙa	carve	verb			sassaƙa itace	carve the wood
sata	burglary	noun			sata na ƙara yawaita	burglary is increasing
sata	burgle	verb			sun yi min sata	they burgled me
Satumba	September	noun			Watan Satumba yana da kwana 30	September has 30 days
sau	multiplication	noun			2 ɗ 1 = 2 wannan sau ne	2 x 1 = 2; this is multiplication
sauri	hurry (something) up	verb			kai yi sauri	you hurry up
sauro	mosquito	noun			sauro ya cije ni	a mosquito has bitten me
sauti	sound	noun			sauti mai ƙara	loud sound
sauti	volume	noun			kashe sautin	turn up the volume
sayi	purchase	verb			sayi wasu abubuwa kaɗan	purchase a few things
sedi	cedi	noun		currency of Ghana	pesewa ɗari shi ne sedi ɗaya	hundred pesewas make one cedi
sha	drink	verb			sha ruwa	to drink water
sha huɗu	fourteen	adjective		the number 14	kwalabe sha huɗu	fourteen bottles
shafa'i	even	mathadj			2 shafa'i ce	2 is an even number
shafi	page	noun			buɗa shafi na ashirin da biyu	open page twenty-two
shaidar-zur	perjury	noun			shaidar-zur a kotu	perjury in court
shara	junk	noun			akwai shara a cikin ɗaki	there is junk in the room
shara	refuge	noun			shararmu	our refuge
shara	trash	noun			zubar da shara	throw away the trash
shara	waste	noun			zubar da shara	throw away the waste
sharhi	preface	noun			sharhin littafi	book preface
shashanci	folly	noun			ba kawai shashanci ba ne	it is just folly
shawara	advice	noun			shugaban coci yana da shawara	a priest has advice
shayi	tea	noun			shayi yana da zaƙi	the tea is sweet
shekara	year	noun			sabuwar shekara ta zo	a new year has come
shekaru	age	noun			shekarunka	your age
shidda	six	adjective	6	The number 6	mutum shidda	six bottles
shiga	enter	verb			shiga cikin ɗakin	enter into the room
shimfiɗa	spread out	verb			shimfiɗa tabarma	spread out a mat
shinge	fence	noun			a bayan shinge	behind a fence
shinkafa	rice	noun			shinkafa da wake	rice and beans
shiru	silence	noun			a yi shiru, a yi shiru	silence, silence!
shiru	quiet	adjective			yi shiru	be quiet
shiru	silent	adjective			yi shiru	be silent
shirya	ready	adverb			na shirya	I am ready
shiyya	realm	noun			labaran shiyya	news of the realm
Shona	Shona	noun			Na iya magana da Shona	I speak Shona
shugaba	leader	noun		someone who shows the way	wannan shi ne shugaban mu	this is our leader
shugaban ƙasa	president	noun			shugaban ƙasa ya zo	the president has arrived
shuka	plant	noun			jar shuka	red plant
shuka	plant	verb			shuka bishiya	to plant a tree
shuɗi	blue	adjective			shuɗin kaya	blue dress
shuɗi	indigo	adjective			shuɗiyar tufa	indigo cloth
sihiri	fetish	noun			wannan garin yana da sihiri	this town has a fetish
silicon	silicon	science			silicon (Si) ya na da proton 14	silicon (Si) has 14 protons
silifa	slippers	noun			ka saka silifa	you are wearing slippers
silima	cinema	noun			Ina tafiya silima	I am going to a cinema
silin tsintsiya	broomstick	noun			silin tsintsiya guda goma	ten broomsticks
siminti	cement	noun			dutse da siminti	stones and cement
sipile	zero	adjective		A number that indicates nothingness; 0		From zero to nine
sirinji	syringe	noun			sirinjin nas	a nurse's syringe
siriri	slim	adjective			siririn mutum	slim person
siriri	thin	adjective			siririn itace	thin stick
sittin	sixty	adjective		the number 60	kwalabe sittin	sixty bottles
siyasa	politics	noun			kana son siyasa	you like politics
so	love	verb			ina son ki	I love you
so	want	verb			ina son littattafai huɗu	I want four books
sodium	sodium	science			sodium (Na) ya na da proton 11	sodium (Na) has 11 protons
soja	soldier	noun			sojoji su na fareti	the soldiers are marching
soke	cancel	verb			soke taro	cancel the meeting
son-kai	selfishness	noun		want-to-be-the-only-one-who-gets	son-kai ba shi da kyau	selfishness is not good
sosai	well	adverb			ka yi shi sosai	do it well
sosai	very desirable	adjective			ya dace sosai	it is very desirable
sosai	clearly	adverb			kana ganinsa sosai	you see it clearly
sosai	too much	adverb			ya yi zagi sosai	he insults too much
soyayya	love	noun			soyayya da zaman lafiya	love and peace
su	they	pronoun		used to indicate people, or things, previously mentioned	sun ci	they eat
su	them	pronoun			nuna musu	show them
sukurwa	angle	noun		the length of turn between two straight lines that meet	sukurwa biyu	two angles
sulfur	sulfur	science			sulfur (S) ta na da proton 16	sulfur (S) has 16 protons
surutu	noise	noun			a daina surutu	stop making noise
Swahili	Swahili	noun			yaren Swahili	Swahili language
ta	she	pronoun		used to indicate one female person previously mentioned	ta kan cinye	she eats
ta ko wane	by any chance	adverb			ka ganta ta ko wane hali	have you seen her by any chance?
ta musamman	special	adjective			rana ta musamman	special day
taba	cigarette	noun			sha taba	smoke a cigarette
taba	tobacco	noun			sha taba	smoke tobacco
tabarma	mat	noun			shifiɗa tabarma	spread out a mat
tabo	scar	noun			kuncinta yana da tabo	her cheek has a scar
taɓa	touch	verb			domin taɓa gashinta	to touch her hair
taɓarya	pestle	noun			taɓarya da turmi	pestle and mortar
tafawa	clap	verb			domin tafawa Yaa	to clap for Yaa
tafiya	walk	verb			domin tafiya a hankali	to walk slowly
taga	window	noun				open the windows
taga	window	noun			buɗe taga	open the windows
tagulla	silver	noun			tagulla da azurfa	silver and gold
tagulla	silver	science			tagulla (Ag) ta na da proton 47	silver (Ag) has 47 protons
taimako	help	noun			kowa yana buƙatar taimako	everyone needs help
takalmi	shoe	noun		footwear that covers all of the foot	saka takalminka	wear your shoes
takardar shaida	certificate	noun			idan ka kammala makaranta za'a ba ka takardar shaida	when you complete school you get a certificate
takwas	eight	adjective		The number 8	kwalabe takwas	Eight bottles
takwas	eight	adjective	8	The number 8	mutum takwas	Eight bottles
talabijin	television	noun			kunna talabijin	switch on the television
talaka	indigent	noun		a person who lacks	talaka bashi da komai	an indigent has nothing
Talata	Tuesday	noun			Yaran Talata	Tuesday children
talatin	thirty	adjective		the number 30	kwalabe talatin	thirty bottles
talauci	poverty	noun			talauci ko wadata	poverty or wealth
talla	hawk	verb			tallan abubuwa	hawk things
tamanin	eighty	adjective		the number 80	kwalabe tamanin	80 bottles
tambaya	question	noun			ina da tambaya	I have a question
tambayi	ask	verb			domin tambayar Kofi	to ask Kofi
tambayi	ask	verb			tambayi Kofi	to ask Kofi
tara	nine	adjective		The number 9	kwalabe tara	Nine bottles
tara	nine	adjective	9	The number 9	mutum tara	Nine bottles
tarawa	addition	noun			1+1=2; wannan tarawa ce	1 + 1 = 2; this is addition
tare	with	conjunction			Kofi tare da Ama	Kofi with Ama
tarho	telephone	noun			tarhon gida	house telephone
tarho	phone	noun				her phone
tari	cough	verb			yi tari mai yawa	to cough profusely
tari	hiccups	noun			yana tari	he has got the hiccups
tarihi	history	noun			koyon tarihi	learn history
taro	meeting	noun		a gathering of a group to talk about something	soke taron	cancel the meeting
taro	crowd	noun			taro mai surutu	noisy crowd
taro	public	noun			Ba ka cewa 'gutsu' a cikin taro	you don't say 'vagina' in public
tashi	fly	verb			domin tashi a cikin iska	to fly into the sky
tashi	resurrection	noun			tashin Yesu Almasihu	the resurrection of Christ
tasi	taxi	noun			kirawo min tasi	call me a taxi
taswira	map	noun			karanta taswirata	read the map
tatsuniya	fable	noun			baba mai gasgata tatsuniya	one does not believe fables
tattaki	walk about	verb			ta fita tattaki	she walks about
tattaki	stroll	noun			yi tattaki	take a stroll
tattaki	stroll	verb			yi tattaki a waje	stroll outside
tattalin arziki	economy	noun			tattalin arzikin Afirka	the economy of Africa
tauna	masticate	verb			saniya tana tauna ciyawa	a cow masticates grass
tausasa	soften	verb			tausasa muryarka	soften your voice
tawul	towel	noun				wet towel
taya	tyre	noun			gara taya	roll a tyre
telebijin	television	noun				switch on the television
tikiti	ticket	noun			kalli tikitina	look at my ticket
Togo	Togo	noun		A country in Africa	jeka Togo	go to Togo
toka	ash	noun			gawayi da toka	charcoal and ashes
triangle	triangle	noun			triangle yana da kusurwa uku	a triangle has three angles
tsabar kuɗi	coin	noun			tsabar kuɗi guda huɗu	four coins
tsaftace	tidy	verb			tsaftace ɗakin	tidy up the room
tsakani	among	preposition			tsakanin jama'a	among people
tsakiya	centre	noun			zamo a tsakiya	be in the centre
tsana	hatred	noun			tsana ba ta da magani	hatred has no cure
tsana	hate	verb			domin tsanar lalaci	to hate laziness
tsani	ladder	noun			dogon tsani	long ladder
tsari	plan	verb			mutum ɗaya baya shirya tsari	one head does not plan
tsawa	thunder	noun			hadari da tsawa	storm with thunder
tsawo	length	noun			tsawo, faɗi da tsawo	height, width and length
tsawo	height	noun			tsawo da faɗi	height and width
tsaya	stand	verb			tsaya a hankali	to stand slowly
tsayiwa	stand	verb			domin tsayawa tsaiwar daka	to stand slowly
tsibiri	island	noun			tsibirin Seychelles	Seychelles island
tsinkaye	prophesy	verb			tsinkayen wadata	prophesy prosperity
tsintsiya	broom	noun			tsintsiya da abin kwashe shara	broom and dustpan
tsintsiyar hannu	wrist	noun			riƙe tsintsiyar hannunta	hold her wrist
tsoho	old	adjective			tsohon farantin suya	old pan
tsohuwar mata	old lady	noun			tsohuwar mata	my old lady
tsoka	flesh	noun			tsoka da jini	flesh and blood
tsoro	fear	noun			tsoro ya cika zuciyarta	fear has filled her heart
tsoro	fear	verb			tsoro da razani	fear an apparition
tsuguna	squat	verb			riƙe ugunka sannan ka tsuguna	hold your waist and squat
tsuntsu	bird	noun			tsuntsu yana tashi	a bird flies
tsutsa	worm	noun			tsutsa, ina za ka?	worm, where are you going?
tukunya	vase	noun			tukunyar yinɓu	clay vase
tukunya	pot	noun			tukunyar ƙarfe	metal pot
tumatir	tomato	noun			tumatir biyu	two tomatoes
tunani	thought	noun			tunaninka	your thoughts
tunani	think	verb			ina tunani cewa ...	I think that ...
tunkiya	sheep	noun			naman tunkiya	sheep meat (i.e. mutton)
Turanci	English	noun			Ina jin Turanci	I speak English
tursasawa	oppression	noun			wannan tursasawa!	such oppression!
tururuwa	ant	noun			dubban tururuwai	thousands of ants
tusa	fart	verb			wani ya yi tusa	someone has farted
ubangiji	god	noun			Ubangiji abin dogaro	dependable god
ukelele	ukelele	noun			yi wasan ukelele	play the ukelele
uku	three persons	noun			mutum uku su na zuwa	three persons are coming
uku	three	adjective		The number 3	mutum uku	three bottles
ungulu	vulture	noun			ungulu tsuntsu ne	a vulture is a bird
usur	whistle	noun			busa usur	play the whistle
waache	waache	noun			waache da ƙirgi	waache and cowhide
wadata	prosperity	noun			zaman lafiya da wadata	peace and prosperity
waɗannan	these	pronoun			waɗannan mutanen sun zo	these people came
wahala	suffering	noun			tsoro da wahala	fear with suffering
wahala	suffer	verb			kana shan wahala	you are suffering
wahayi	revelation	noun			samun wahayi	he had a revelation
waje	outdoors	noun			fita waje	go outdoors
waje	outside	noun			fita waje	go outside
wake	bean	noun			shinkafa da wake	rice and beans
waƙa	sing	verb			rera waƙa mai daɗi	to sing a sweet song
waƙa	song	noun			saka waƙa	play a song
waƙa	sing jama	verb			bari mu yi waƙar jama	let us sing jama
walima	party	noun			ina tafiya walima	I am going to a party
wancan	that person	pronoun			wancan mutumin ne ya faɗa	that person said it
wancan	that	conjunction			na faɗi wancan	I say that
wancan	that	pronoun			wancan tsuntsun	that bird
wancan abin	that thing	pronoun			wancan abin shi ne abin da na samu	that thing is what I got
wani	someone	pronoun			wani yana zuwa	someone is coming
wani	a	determiner			wani mutum da wata mace	a man and a woman
wani abu	something	noun			riƙe wani abu sosai	to hold something firmly
wani abu	something	pronoun			nuna min wani abu	show me something
wani wuri	somewhere	pronoun			zamu je wani wuri	we are going somewhere
wanka	bath	verb			yi wanka duk safiya	to bath each morning
wankan tsarki	baptise	verb			yiwa John wankan tsarki	baptise John
wanke	wash	verb			wanke tufafi	wash clothes
wannan	this	determiner			ara min wannan littafin	lend me this book
wari	stink	verb			wani abu yana wari	something is stinking
wari	pungently	adverb			yin wari	smell pungently
wasa	game	noun			yi wasa	play a game
wasa	sharpen	verb			wasa wuƙa	sharpen a knife
wasa	play	noun			kallon wasa	watch a play
wasa ƙwaƙwalwa	riddle	noun			wasa ƙwaƙwalwa da auna-fahimta	puzzles and riddles
wasiƙa	application	noun			wasiƙar neman aiki	job application
wata	month	noun			wata ɗaya	one month
wata	a	determiner			wani mutum da wata mace	a man and a woman
wata	moon	noun				moon and stars
wata	moon	noun			wata da taurari	moon and stars
watsa	spread	verb			watsa shi	spread it
wawa	fool	noun			Wawa! Daƙiƙi!	Fool! Dimwit!
wayance	pretend	verb			ka wayance	you are pretending
wayyo	ouch	exclamation			wayyo! da zafi	Ouch! It hurts
Wolof	Wolof	noun			yaren Wolof	Wolof language
wuƙa	knife	noun			wasa wuƙa	sharpen a knife
wuƙa	knife	noun			wasa wuƙar	sharpen a knife
wuri	place	noun			wane wurin?	which place?
wurin zama	habitat	noun			wurin zaman dabbobi	habitat of animals
wuta	fire	noun			kunna wutar	light the fire
wuturi	odd	mathadj			1 wuturi ce	1 is an odd number
wuya	neck	noun			lakatayen na rataye a wuyansa	the tie hangs on his neck
ya	he	pronoun		used to indicate one male person previously mentioned	ya kan cinye	he eats
ya dace	be fitting	verb			wannan ya dace	it is fitting that
ya'ya	calf	noun		the soft part at the back of a person's leg below the knee.		every leg has a calf
yabanya	sprout	verb			masara tana yabanya	the maize is sprouting
yabanya	bud	verb			masarar tana yabanya	the maize is budding
yabo	praise	noun			ta cancanci yabo	she deserves praise
yabo	praise	verb			domin yabon Ubangiji	to praise God
yadda	as	adverb			kamar yadda ya ke	as it is
yadi	clothes	noun			sayen yadi	buy clothes
yaga	tear	verb			yaga wasu daga cikin takardun	tear some of the paper
yagalgala	tattered	verb			me aka yaga kuma aka yagalgala	what is torn and tattered
yaƙi	battle	noun			za mu shiga cikin yaƙi	we are going to battle
yalo	eggplant	noun			miyar yalo	eggplant stew
yalo	garden egg	noun			miyar yalo	garden egg stew
yan kallo	spectator	noun			yan kallo	the spectators
yana	web	noun			yanar gizo-gizo	the web of a spider
yana da kyau	be beautiful	verb			Malam-buɗa-mana-littafi yana da kyau	a butterfly is beautiful
yanci	rights	noun			yancin ɗan adam	rights of humankind
yanka	slice	verb			yanka burodi	slice the bread up
yanke hulɗa	cut ties	verb			ni da shi mun yanke hulɗa	he and I have cut ties
yanzu	now	adverb			tafi yanzu	go now
yanzu-yanzu	immediately	adverb			yanke yanzu-yanzu	cut off immediately
yar-uwa	sister	noun			yar-uwata kaɗai	my only sister
yara	children	noun plural		plural form of 'child': zero children, one child, two children, three children.	yara uku	three children
Yarabanci	Yoruba	noun			yaren Yarabanci	Yoruba language
yarda	agree	verb			ka yarda da shi	do you agree?
yare	language	noun			yare da yawa	many languages
yarinya	girl	noun			doguwar yarinya	tall girl
yarinya	girl	noun				tall girl
yarinya	damsel	noun			wannan yarinyar kyakkyawa ce	this damsel is pretty
yaro	boy	noun			yaron ya zo	the boy is here
yaro 	boy	noun			yaro yana nan	the boy is here
yashi	sand	noun			yashin bakin kogi	beach sand
yau	today	adverb			ta zo yau	she arrives today
yaudara	deception	noun			yaudara da rashin jituwa	deception and discord
yaudara	trick	noun			daina yaudara	stop the tricks
yawa	quantity	noun			yawan abinci	quantity of the food
yawa	thrive	verb			tiruruwan su na da yawa	the ants are thriving
yawo	roam	verb			yi yawo a ko ina	roam everywhere
yaya	how	adverb			yaya za aci	how to eat
yaya ka ke	how are you	phrase			yaya ka ke?	how are you?
yayinda	when	conjunction		at the time	ya zo yayinda ka tafi	he came when you went
yi	do	verb		to make	ta yi wani abu	she is doing something
yi	make	verb			yi abinci	make food
yi ciyawa	overgrow	verb			bayan gida ya yi ciyawa	the backyard is overgrown
yinɓu	clay	noun			tukunyar yinɓu	clay vase
Yuni	June	noun			Watan Yuni yana da kwana 30	June has 30 days
ƴanci	liberty	noun			mu na da ƴanci	we have liberty
ƴar tsana	doll	noun				my doll
zaɓe	vote	verb			ka zaɓe ni	vote for me
zafi	hot	adjective			ruwan zafi	hot water
zagi	insult	noun			zagi mai yawa	many insults
zagi	insult	verb			daina zaginta	stop insulting her
zagon-ƙasa	sabotage	noun			wannan zagon-ƙasa ne	this is sabotage
zagon-ƙasa	sabotage	verb			yi mata zagon-ƙasa	sabotage her
zakara	cockerel	noun			zakara yana cara	a cockerel is crowing
zaki	lion	noun			zaki yana cin nama	a lion eats flesh
zaƙi	sweet	adjective			shayi yana da zaƙi	the tea is sweet
zama	sit	verb			domin zama a nan	to sit here
zama	settle	verb			zama a can	settle there
zaman lafiya	peace	noun			ina son zaman lafiya	I want peace
zara	star	noun				plenty of stars
zare	string	noun			zare da allura	string and needle
zinare	gold	noun			turare da zinare	fragrance and gold
ziyara	visit	verb			ka zo ka kawo min ziyara	do come and visit me!
zo	come!	verb conj			zo nan!	come here!
zubar	throw	verb			abincin ya lalace sabo da haka na zubar da shi	the food is spoilt so I have thrown it away
zubar	throw away	verb			zubar da ruwan	throw away the water
zubar jini	bleed	verb			yana zubar jini	he is bleeding
zubar jini	bleeding	noun			tsayar da zubar jini	stop the bleeding
zubarwa	shake	verb			zubar da gajiya	to shake the tiredness off
zuciya	mind	noun			zuciyarta	her mind
zuciya	spirit	noun			yana da ƙarfin zuciya	he has a strong spirit
zuciya	heart	noun			kyakkyawar zuciya	good heart
zurfi	volume	math		a quantity that represents the size of a container	zurfi(cube) = tsawo x faɗi x tsawo	volume(cube) = length x width x height
zuwa	to	preposition			daga nan zuwa can	from here to there
zuwa ban ɗaki		verb			domin zuwa ban ɗaki a ko wane mako	
