a	oh	exclamation			a aburo mi obinrin!	oh my sister!
aabo	protection	noun			da aabo bo mi	give me protection
aadọrun	ninety	adjective		the number 90	aadọrun igo	ninety bottles
aadọta	fifty	adjective		the number 50	aadọta igo	fifty bottles
aago	device	noun		gadget; widget	tẹlifonu ni aago	a phone is a device
aalọ	riddle	noun			pọsu ati aalọ	puzzles and riddles
aanu	empathy	noun			oni aanu lọkan	she has such empathy
Abamẹta	Saturday	noun		day of the week		Saturday children
abẹ	razor	noun			gbẹ abẹ	sharpen the razor
abẹẹrẹ	syringe	noun			abẹẹrẹ nọọsi	a nurse's syringe
abẹrẹ	needle	noun			abẹrẹ ati owu	string and needle
abẹrẹ	injection	noun			abẹrẹ ndun yan	an injection is painful
abiya	armpit	noun			abiya ti o run	smelly armpit
abọ	consequence	noun			nkan abọ	its consequences
abo	half	noun		one out of two equal divisions	eyo kan ati abo	one and half
abọ	plate	noun				wash your plate
abọ rugudu	vase	noun			abọ rugudu ti a fi amọ ṣe	clay vase
aburo baba	uncle	noun			aburo baba mi ti o njẹ kofi	uncle Kofi
aburo mi obinrin	sister	noun			aburo mi obinrin kan ṣoṣo	my only sister
ada	cutlass	noun			fun mi ni ada yẹn	give me the cutlass
adaba	dove	noun			adaba funfun	white dove
adajọ	judge	noun			adajọ meje	seven judges
adayeba	history	noun			kọ aṣa adayeba	learn history
adirẹ	indigo	adjective			aṣọ adirẹ	indigo cloth
adirẹ	tie-and-dye	noun			adirẹ ni o wọ	she is wearing a tie-and-dye dress
adiyẹ	chicken	noun			eran adiyẹ	chicken meat
adugbo	neighbourhood	noun			adugbo kanna ni a ngbe	we live in the same neighbourhood
adura	prayer	noun			adura dara	prayer is good
afẹfẹ	wind	noun			afẹfẹ nfẹ lẹlẹ	the wind is blowing
afikun	addition	noun			eni pẹlu eni jẹ meji, eyi jẹ afikun	1 + 1 = 2; this is addition
afipe	title	noun			afipe ni 'Mighty One'	"Mighty One" is a title
aga	chair	noun			to awon aga naa	arrange the chairs
agba	elder	adjective			ọmọ ti o dagba	my elder sibling
agba	barrel	noun			jẹki agba yẹn kun	fill up the barrel
agbado	corn	noun			agbado ati ẹpa	corn and groundnuts
agbagba	plantain	noun			agbagba ati paki	plantain and cassava
agbalagba	adult	noun			agbalagba ni	he is an adult
agbami	sea	noun			odo ma nṣan si inu agbami	a river goes into a sea
agbara	power	noun			okun ati agbara	strength and power
agbarigo	lorry	noun			da agbarigo duro	lorry stop
agbaye	world	noun			ọmọ agbaye	children of the world
agbẹ	farmer	noun			agbẹ ni ọmọbinrin yẹn	she is a farmer
agbẹnusọ	spokesperson	noun			agbẹnusọ fun ijoye	the chieftain's spokesperson
agbero	porter	noun			agbero gbe apoti	the porter carries a box
agbọn	chin	noun			di agbọn ẹ mu	hold your chin
Agẹmọ	July	noun				July has 31 days
agọ	folly	noun			agọ ni	it is just folly
ago	coop	noun			ago adiẹ	hen coop
agunfọn	giraffe	noun				a giraffe is an animal
aguntan	sheep	noun			ẹran aguntan	sheep meat (i.e. mutton)
ahun	miserly	adjective			ahun ni	he is miserly
aida	evil	noun			iru aida wo ni eyi?	which evil is this?
aidirogini	hydrogen	noun			ọkọ aidirogini	hydrogen car
Aiku	Sunday	noun				Kwasi and Akosua are Sunday children
aimojukuro	covetuousness	noun			aimojukuro ko dara	covetuousness is not good
aimore	unappreciativeness	noun			ma fi iwa aimore han	do not show your unappreciativeness
aja	dog	noun			aja ma ngbo ni	a dog barks
ajagun	soldier	noun			awọn ajagun n maaṣi	the soldiers are marching
ajakalẹ	plague	noun			kosi ajakalẹ nibẹ	no plagues there
ajẹ	witchcraft	noun			o sẹ iṣẹ ajẹ	practise witchcraft
Aje	Monday	noun				Monday children
ajẹ	witch	noun			ajẹ ni	she is a witch
ajeji	foreigner	noun			awọn ajeji yẹn ti de	the foreigners have arrived
ajẹku	waste	noun			da ajẹku nu	the work has been a waste
ajẹku	wasted	adjective			ohunjẹ ajẹku	wasted food
ajinde	resurrection	noun			ajinde Jesu	the resurrection of Christ
Akaani	Akan	noun		a language group originating from West Africa	mo le sọ Akaani	I speak Akan
akaba	ladder	noun			akaba ti o gun	long ladder
akan	crab	noun			ọbẹ akan	crab soup
akẹkọ	student	noun			ogun akẹkọ	twenty students
akinkanju	brave	adjective			akinkanju ọkunrin	brave man
akọ	paddle	noun			ọkọ ati akọ	canoe and paddle
akọ	male	noun			akọ ni Mandela	Mandela is male
akọgba	fence	noun			lẹyin akọgba	behind a fence
akojọpọ ọjọ ori	age group	noun			akojọpọ ọjọ ori rẹ	your age group
akọkọbẹrẹ	preface	noun			akọkọbẹrẹ iwe	book preface
akori	heading	noun			akori inu iwe	book headings
akọsori	memorization	noun			awọn akọsori kan dara	some memorization is good
akukọ	cockerel	noun			akukọ nko	a cockerel is crowing
alaafia	peace	noun			mo fẹ alaafia	I want peace
alaalẹ	evening	noun			alaalẹ ohunje	evening meal; dinner
alaaye	living	adjective			Ọlọrun alaaye	living god
alafia	comfort	noun			funmi ni alafia	give me comfort
alailopin	infinity	noun		the number ∞	ti o ba fi nọmba kankan pin oodo, ohun alailopin ni o ma ri	if you divide any number by zero, you get infinity
alainikanṣe	indigent	noun		a person who lacks	alainikanṣe ko ki ni nkankan	an indigent has nothing
alainironu	dimwit	adjective			ọdẹ! alainironu!	Fool! Dimwit!
alaisan	patient	noun			ibi ni awọn alaisan ma nsun	the patients sleep here
alangba	lizard	noun			koriko ni alangba njẹ	a lizard eats grass
alara ẹran	humankind	noun			eniyan alara ẹran niwa	we are humankind
alẹ	night	noun			ago mẹjọ ni alẹ	8 o'clock in the night
ale	concubine	noun			ale mi ni Yaa	Yaa is my concubine
alegba	alligator	noun			alegba ni iru	an alligator has a tail
alejo	guest	noun			alejo ni mi	I am a guest
Algeria	Algeria	noun		a country in Africa	lọ si ile Algeria	go to Algeria
alọọ ẹlẹtan	fable	noun			eniya kiigbaa alọọ ẹlẹtan gbọ	one does not believe fables
ami	sign	noun			ami iforiti	a sign of hope
ami idanimọ	logo	noun			ami idanimọ ile ijọsin onigbagbọ	church logo
amii	symbol	noun			amii agbara	symbol of power
amọ	mud	noun			fọ amọ yẹn	wash the mud
amohunmaworan	television	noun			tan ẹrọ amohunmaworan	switch on the television
amọn	clay	noun			ikoko amọn	clay vase
ana	yesterday	adverb			ana ni o de	she arrived yesterday
ana	inlaw	noun			ana wa	our inlaws
anti	aunt	noun		female relative of your mother	anti Ama	Aunt Ama
apa	arm	noun			gbe apa re soke	lift up your arm
apa	philanderer	noun			o ti sọ ara rẹ di apa	you have made yourself a philanderer
apaniyan	murderer	noun			apaniyan ni	he is a murderer
apẹja	fisherman	noun			apẹja ni ọkunrin yẹn	he is a fisherman
apẹrẹ	basket	noun			gbe apẹrẹ	carry a basket
apo	sack	noun			ko si nkankan ninu apo mi	sack of charcoal
apo	pocket	noun			kosi nkankan ni apo mi	nothing inside my pocket
apo	bag	noun			wo apo yi	look at the bag
apoti	stool	noun			joko si ori apoti	sit on the stool
apoti	box	noun			apoti A tobi ju apoti B	box A is bigger than box B
ara	thunder	noun			atẹgun lile ati ara	storm with thunder
ara	self	noun			ara mi, ara rẹ	myself, yourself
ara ẹ	yourself	pronoun			tọju ara ẹ	look after yourself well
ara ẹ	herself	pronoun			o pọn ara ẹ le	she respects herself
ara ẹ	himself	pronoun			o pọn ara ẹ le	he respects himself
ara ẹran	flesh	noun			ara ẹran ati ẹjẹ	flesh and blood
ara wọn	themselves	pronoun			wọn ma ntọju ara wọn	they look after themselves well
ara yin	yourselves	pronoun			ẹ tọju ara yin	look after yourselves well
arakunrin	brother	noun			arakunrin mi kan soso	my only brother
arami	myself	pronoun			mo ni ifẹ arami	I love myself
aran	worm	noun			aran, ibo lo da?	worm, where are you going?
arawa	ourselves	pronoun			fun arawa	for ourselves
arin	centre	noun			wa ni arin	be in the centre
ariwa	north	noun			lọ si ariwa	go north
ariwo	noise	noun			dakẹ ariwo	stop making noise
arọ	morning	noun			arọ kutu	early morning
arọ kutu	wee hours	noun			arọ kutu	1am
arugbo	old	adjective			awopẹtẹ arugbo	old pan
arun	disease	noun			wo arun	heal disease
arun	five	adjective		The number 5	igo marun	Five bottles
arun	sickness	noun			iru arun wo ni oni?	what sickness have you?
arundinlogun	fifteen	adjective		the number 15	igo arundinlogun	fifteen bottles
asadi	refuge	noun			asadi wa	our refuge
aṣalẹ	nightfall	noun			idaji ati aṣalẹ	daybreak and nightfall
asaro	porridge	noun			asaro ọka baba	millet porridge
asẹ	collander	noun			fi asẹ gbe irẹẹsi yẹn	use the collander to drain the rice
aṣẹ	will	noun			aṣẹ Ọlọrun	God's will
aṣemale	muslim	noun			onigbagbọ ati aṣemale	a Christian and a Muslim
aṣeyọri	victory	noun			aṣeyọri ati ijakulẹ	victory and defeat
asia	flag	noun			asia yẹlo	yellow flag
asiko	time	noun			asiko ti to	the time is up
asiko	duration	noun			ogoji asiko	forty-hour duration
asiko	moment	noun			asiko yẹn ti to	the moment is up
asiko ọgbẹlẹ	dry season	noun			asiko ọgbẹlẹ ti de	the dry season has arrived
aṣiṣe	mistake	noun			gbogbo eniyan ni o ma nṣe aṣiṣe	everyone makes mistakes
aṣọ	dress	noun			aṣọ buulu	blue dress
aṣọ	garment	noun			wọ aṣọ	wear a garment
aṣo	attire	noun			aṣo re rẹwa	your attire is beautiful
aṣọ	cloth	noun			wọ aṣọ si ara	wear cloth
aṣọ ibora	blanket	noun			aṣọ ibora tutu	wet blanket
aṣọ inura	towel	noun				wet towel
asọrọmagbesi	radio	noun			tan ẹrọ asọrọmagbesi	switch on the radio
asun	khebab	noun			asun ati bọti biya	khebabs and beer
ata	pepper	noun			ata yẹn ta	the pepper burns
atẹgun lile	storm	noun			atẹgun lile ati ara	storm with thunder
atẹlẹsẹ	heel	noun			ika ẹsẹ ati atẹlẹsẹ	toe and heel
ati	with	conjunction			kofi ati Ama	Kofi with Ama
ati	and	conjunction			Bọla ati Kọla	Kofi and Ama
ati bamu	be fitting	verb			o bamu	it is fitting that
ati jina	be cooked	verb			onjẹ ti jina	food is cooked
ati jowu	be jealous	verb			lati jowu lorin ọkọ rẹ	be jealous over her husband
ati kẹyin	be last	verb			iwọ lo kẹyin	you are last
ati rẹ eyan	be ill	verb			o rẹ mi	I am ill
ati ṣe ibi	be evil	verb			lilo ogun nilokulo ni ibi	abusing drugs is evil
ati ṣe pataki si	be relevant to	verb			Tunde ṣe pataki si mi	it is not about me
ati tobi	be big	verb			O tobi o si ga	you are big and you are high
atikuaki	earthquake	noun			atikuaki ni	big earthquake
Atofarati	dependable	adjective		a tree which does not bend when leaned upon	ọlọrun ti atofarati	dependable god
atotonu	proclamation	noun			atotonu fun ẹtọ awọn eniyan	proclamation of the rights of humankind
atupa	lantern	noun			tan atupa	turn on the lantern
awa	we	pronoun		used to indicate oneself and others	awa jẹun	we eat
awa	ours	pronoun			emi ati Kofi, awa lani kini yi	I and Kofi, this thing is ours
awakọ	driver	noun			awakọ tẹ bireeki	the driver has braked
awo eeru	brown	adjective			eiye alawo eeru	brown bird
awọ eweko	greenish	adjective			ile ti o fi ara pẹ awọ eweko	greenish house
awọ eweko	green	adjective			eweko ti o ni awọ eweko	green leaf
awọ oju ọrun	blue	adjective			aṣọ awọ oju ọrun	blue dress
awọn	the	determiner			ile awọn	the house
awọn aṣọ	clothes	noun			ra awọn aṣọ	buy clothes
awọn era	ants	noun			awọn era ni gbiyanju	the ants are thriving
awon ewe koko	cocoyam leaves	noun			obe awon ewe koko	cocoyam leaves stew
awọn jagunjagun	warriors	noun			awọn jagunjagun ti nbọ	the warriors are coming
aworan	photograph	noun			ya aworan	take a photograph
aworan	picture	noun			aworan ibi ti o lẹwa	beautiful picture
aya	chest	noun			irun aya	chest hair
aya	missus	noun			aya Clinton	Missus Clinton
aya	chest	noun			irun aya	chest hair
ayafi	except	conjunction			ayafi Ọlọrun	except God
ayan	cockroach	noun		also known as a roach (American English)	mo ri ayan	I see a cockroach
ayanfẹ	lover	noun			ayanfẹ mi ti tan mi	my lover has tricked me
ayaworan	camera	noun			jigi inu ayaworan	lens of a camera
aye	life	noun			gbe igbe aye ẹ	live your life well
ayelujara	link	noun			ẹrọ ayelujara	Internet link
ayẹyẹ	party	noun			mo nlọ si ayẹyẹ	I am going to a party
ayẹyẹ	event	noun			ayẹyẹ yẹn ti bẹrẹ	the event has started
baaṣi	waache	noun			baaṣi ati pọnmọ	waache and cowhide
baba	father	noun			ọbakan ni ọmọ baba mi jẹ simi	my father's child is my sibling
baba	father	noun				my father's child is my sibling
baba arugbo	old man	noun			baba arugbo ni	he is an old man
bata	squeeze drum	noun			lu bata	play the squeeze drum
bata	shoe	noun		footwear that covers all of the foot		wear your shoes
bawo	how	adverb			bawo jẹ	how to eat
bayi	now	adverb			lọ bayi	go now
bẹẹ	so	conjunction			o ṣe jẹ bẹẹ?	why so?
bẹẹni	yes	exclamation			mo sọ wipe bẹẹni	I say yes
Belu	November	noun				November has 30 days
Benin	Benin	noun		A country in Africa	lọ si Benin	go to Benin
bẹrẹ	begin	verb			bẹrẹ si jẹun 	start eating
bere	ask	verb			bere lowo Tunde	to ask Kofi
bi	just	preposition			bi o ṣe de ibẹ	just as he got there
bi	as	adverb			bi o ṣe wa	as it is
bọlẹkaja	van	noun			wọ bọlẹkaja	board a van
bọọlu	ball	noun			gba bọọlu	play ball
bọọlu	soccer	noun			idije bọọlu	football competition
boya	maybe	adverb			boya ni o ma wa	maybe he will come
buburu	bad	adjective			aja buburu	bad dog
burẹdi	bread	noun			burẹdi rirọ	soft bread
burẹwa	gaudy	adjective			gbẹdẹ ọrun ti o burẹwa	gaudy necklace
Burkina Faso	Burkina Faso	noun			lọ si Burkina Faso	go to Burkina Faso
buru	wicked	adjective			o buru gan	you are very wicked
ceedi	cedi	noun		currency of Ghana	ogorun pesewasi ni ceedi kan	hundred pesewas make one cedi
da	kindle	verb			da ina	kindle a fire
da duro	inactive	noun			o da duro	he is inactive
dahun	answer	verb			dami lohun	answer me
dakẹ	silence	noun			dakẹ, dakẹ	silence, silence!
dakẹ	quiet	adjective			gbẹnu dakẹ	be quiet
dakẹ	silent	adjective			dakẹ ẹnu ẹ	be silent
dalamu	bother	verb			o dami lamu	you are bothering me
dara	good	adjective			ẹbun ti o dara	a good gift
daradara	well	adverb			ṣe daradara	do it well
daya	toffee	noun			la daya	lick a toffee
de	arrive	verb			ti o ba de, pe mi	when you arrive, call me
di gbajumọ	become famous	verb			Obasanjo di gbajumọ	Nkrumah has become famous
diẹ	little	adjective			bu ọti diẹ	pour a little liquor
diẹ	some	determiner			ohunjẹ diẹ	some food
diẹ	some	pronoun			fun mi ni diẹ	give me some
diẹ diẹ	slowly	adverb			rin diẹ diẹ	walk slowly
dii	solid	adjective			omi ti o dii	solid water
dimọ	embrace	verb			dimọ mi	embrace me
dingi	mirror	noun			dingi nla	big mirror
dojuti	dishonour	noun			o ti dojuti mi	you have dishonoured me
dudu	black	adjective			aṣọ dudu	black cloth
dudu	dark	adjective			alẹ dudu	dark night
duro	wait	verb			lati duro fun igba	to wait a bit
duro	wait	verb			lati duro kekere kan	to wait a bit
ẹ	yous	pronoun		Also written as "you". second person plural subject. Used to indicate people being addressed.	ẹ je (un)	yous eat
ẹbi	relative	noun			ẹbi ni	he is a relative
ẹbi	sibling	noun			iyekan mi ẹbi mi ni	my mother's child is my sibling
ebi	hunger	noun			ebi ati ohungbẹ	hunger and thirst
ẹbi	family	noun			ẹbi titun	new family
Ẹbibi	May	noun				May has 31 days
ẹbọ	sacrifice	noun			gbe ẹbọ	offer a sacrifice
ebu	insult	noun			ebu ti o pọ	many insults
ẹbun	award	noun			fun ni ẹbun	give her an award
ẹbun	gift	noun			ẹbun ti o dara	a good gift
ẹda	creation	noun			awọn ẹda	all creation
ede	language	noun			ede ti o pọ	many languages
ede ayede	quarrel	noun			ede ayede ti o pọ	a big quarrel
ede Gẹẹsi	English	noun			mo le sọ ede Gẹẹse	I speak English
ede Luwo	Luwo	noun		modern written form of the Acholi and Dholuo language	mo le ka ede Luwo	I can read Luwo
eebi	vomit	noun			eebi aja	dog's vomit
ẹẹdan	falsification	noun			irọ ati ẹẹdan	lies and falsifications
eedu	charcoal	noun			apo eedu	sack of charcoal
eefin	smoke	noun			ru eefin	belch smoke
ẹẹjọ	eight	adjective		The number 8	igo mẹẹjọ	Eight bottles
ẹfa	six	adjective		The number 6	igo mẹfa	six bottles
ẹgbẹ	association	noun			wa si ipade ẹgbẹ awọn ọkurin	come to the men's association meeting
ẹgbẹ	group	noun			ẹ jẹ ki a ṣe ẹgbẹ	let us found a group
ẹgbẹrun kan	thousand	adjective		the number 1000	ẹgbẹrun kan igo	thousand bottles
ẹgbin	filthy	adjective			ẹgbin kun ibẹyẹn	the place is filthy
egbo	sore	noun			aja nla egbo rẹ	the dog is licking its sore
ege	cassava	noun			ogede ati ege	plantain and cassava
ẹiyẹ	bird	noun				a bird flies
ẹja	fish	noun				fried fish
ẹjẹ	blood	noun			omi ati ẹjẹ	water and blood
eje	seven	adjective		The number 7	igo meje	seven bottles
ẹjẹ	oath	noun			ẹjẹ kanka	great oath
eji	two	adjective			igo meji wa ni ori ogiri	There are two bottles on the wall
ejo	snake	noun			ejo ko ni ẹsẹ	a snake has no legs
ẹkọ	education	noun			ẹkọ ati ilera ara	health and education
eku ile	mouse	noun			eku ile ti o tobi	a big mouse
ẹkun	leopard	noun			ẹkun ni iru	a leopard has a tail
ekurọ	palmnut wool	noun			owu ekurọ manjo daada	palmnut wool burns well
ẹlasitiki	elastic	adjective			okun ẹlasitiki	elastic string
ẹlẹda	creator	noun			ọlọrun ẹlẹda	creator god
ẹlẹdẹ	pig	noun			awọn ẹlẹdẹ miran ma n pọn	some pigs are pink
elo	how much	adjective			elo ni	how much is it?
elubọ	flour	noun			elubọ agbado	corn flour
ẹmi	spirit	noun			o ni ẹmi	he has a strong spirit
ẹmi	soul	noun			ẹmi mi ti lọ	my soul exults
emi	me	pronoun			emi ati iwọ	me and you
eni	today	adverb			eni ni o ma de	she arrives today
ẹni	mat	noun			tẹ ẹni	spread out a mat
ẹni akọkọ darukọ	aforementioned person	pronoun		the previously named person	boya ẹni akọkọ darukọ ti ran ni iṣẹ	maybe the aforementioned person has sent him
ẹni yẹn	that person	pronoun			ẹni yẹn lo sọ bẹ	that person said it
ẹnikan	one	pronoun			ẹnikan kii gba fabu gbọ	one does not believe fables
ẹnikan	one person	noun			ẹnikan ni o nbọ	one person is coming
ẹnikankan	each and everyone	pronoun			ẹnikankan ninu wa lowa	each and everyone came
eniyan	human	noun			eniyan ni wa	we are humans
eniyan	person	noun			eniyan pataki	important person
eniyan kan	someone	pronoun			eniyan kan nbọ	someone is coming
ẹnjinia	engineer	noun			awọn ẹnjinia onirinṣẹ	an engineer makes tools
enle o	hello	exclamation			enle ogbeni	hello sir
ẹnu	mouth	noun			ẹnu mi	my mouth
ẹnu	lip	noun				red lips
ẹpa	groundnut	noun			ẹpa ati agbado	corn and groundnuts
epo pupa	palm kernel oil	noun		oil from the seeds of the palm-nut tree	epo pupa da fun irun	palm kernel oil is good for hair
era	ant	noun			ẹgbẹrun era	thousands of ants
ẹran	beef	noun			jẹ ẹran	eat beef
ẹran	meat	noun			ẹran ewurẹ	goat meat
ẹran ẹlẹdẹ	pork	noun			ẹran ẹlẹdẹ ati ẹran maalu	pork and beef
ere	profit	noun			jẹ ere	make profit
ere	doll	noun				my doll
ere	race	noun			sa ere	run a race
ere	play	noun			wo ere	watch a play
ere idaraya	game	noun			ṣe ere idaraya	play a game
ere idije	competition	noun			ere idije alafẹsẹgba	football competition
Erele	February	noun				February has 28 or 29 days
Ẹrẹna	March	noun				March has 31 days
erin	elephant	noun			erin tobi gan ni	an elephant is very big
ẹrin	four	adjective		The number 4	igo mẹrin wani ori ogiri	There are four bottles on the wall
ẹrinla	fourteen	adjective		the number 14	igo mẹrinla	fourteen bottles
ẹrọ	machine	noun			ẹrọ ti o ṣi tuntun	new machine
ẹrọ	tap	noun			si ẹrọ	open the tap
ẹrọ	pipe	noun			omi ẹrọ	pipe water
ero	crowd	noun			ero ti o npariwo	noisy crowd
ẹrọ ayilujara	internet	noun			ọna ẹrọ ayilujara	internet link
ẹrọ ibanisọrọ	telephone	noun			ẹrọ ibanisọrọ tile	house telephone
ero ọkan	thought	noun			ero ọkan rẹ	your thoughts
ero ọkan	disposition	noun			ero ọkan eniyan	a person's disposition
ẹru	fear	noun			ẹru ti gba ọkan rẹ	fear has filled her heart
eru	ash	noun			edu igi ati eru	charcoal and ashes
erupẹ	sand	noun			erupẹ eti ọsa	beach sand
ẹsan	nine	adjective		The number 9	igo mẹsan	Nine bottles
ẹsẹ	leg	noun			ẹsẹ ti o wu	swollen leg
ẹsẹ ẹlẹdẹ	pigfeet	noun			ọbẹ ẹsẹ ẹlẹdẹ	pigfeet soup
ẹṣin	horse	noun			ẹṣin funfun	white horse
eṣinṣin	housefly	noun			eṣinṣin ma ko arun kiri	a housefly can carry disease
eso	fruit	noun			ka eso	pluck fruit
ẹṣọ	ivory	noun			ẹṣọ ọrun	ivory necklace
ẹṣọ ọrun	necklace	noun			ohun ẹṣọ ọrun	ivory necklace
esuke	hiccups	noun			o ni esuke	he has got the hiccups
ẹsun	accusation	noun	ki won da eyan lẹbi		fi ẹsun kan	lay an accusation
ẹta	three	adjective		The number 3	igo mẹta	three bottles
ẹtan	deception	noun			ẹtan ati inunibini	deception and discord
ẹtan	trick	noun			dawọ ẹtan	stop the tricks
ete	lip	noun			ete pupa	red lips
Ẹti	Friday	noun				Friday children
eti	ear	noun			eti ati imu	ear and nose
eti okun	beach	noun			yẹpẹ eti okun	beach sand
eti tente	ledge	noun			sun ni eti tente	sleep on the ledge
eto	table	noun				chair and table
ẹtọ	rights	noun			ẹtọ awọn eniyan	rights of humankind
eto ẹbi	genealogy	noun			eto ẹbi awọn Nkruma	the genealogy of Nkruma
ẹtu	deer	noun			kinihun fẹran ẹtu	a lion likes deer meat
ẹwa	bean	noun			irẹsi ati ẹwa	rice and beans
ẹwa	beauty	noun			ẹwa ati ife	beauty and love
ewe	leaf	noun				green leaf
ewe koko	cocoyam leaves	noun			ọbẹ ewe koko	cocoyam leaves stew
eweko	plant	noun			eweko pupa	red plant
ẹwọn	jail	noun			lọ si ẹwọn	go to jail
ẹwọn	prison	noun			lọ si ẹwọn	go to prison
ewu	cloth	noun			wọ ewu	wear cloth
ewura	water yam	noun			se ewura	cook the water yam
ewurẹ	goat	noun			ewurẹ ati agutan	a goat and a sheep
ẹya	version	noun			ẹya wo?	which version?
ẹya aṣọ	fabric	noun			ra ẹya aṣọ fun mi	buy fabric for me
ẹyawo	loan	noun			mo fẹ ṣe ẹyawo	I need a loan
ẹyẹ	bird	noun			ẹyẹ fo	a bird flies
eyin	tooth	noun			eyin funfun	white tooth
ẹyin	egg	noun			ẹyin adiyẹ	chicken egg
ẹyin oju	eyeball	noun			oju ati ẹyin oju	eye and eyeball
ẹyin ọla	future	noun			mo ri ifọkanbalẹ ni ẹyin ọla ẹ	I see luxury in your future
ẹyin ti ẹ ngbọ wa	listener	noun			ẹnlẹ ẹyin ti ẹ ngbọ wa	hello listeners
ẹyin-kule	backyard	noun			koriko ẹyin-kule it pọju	the backyard is overgrown
fa	barb	verb			farun	barb hair; cut hair
fa irora	painful	adjective			aisan ma fa irora	illness is painful
faamu	soaked	adjective			aṣọ ti faamu	soaked cloth
fadaka	coin	noun				four coins
Faranse	France	noun		A country in Europe		go to France
fayolẹẹti	violet	adjective			ododo fayolẹẹti	violet flowers
fẹ	blow	verb			fẹ afẹfẹ	blow air
fẹẹrẹ	dawn	noun			a ma kuro ni ibi ni fẹẹrẹ	we will leave here at dawn
fere	whistle	noun			fun fere	play the whistle
fere	balloon	noun			fere meji	two balloons
fere ija	warhorn	noun			fun fere ija	blow the warhorn
ferese	window	noun			ṣi ferese	open the windows
ferese	window	noun				open the windows
feti	listen	verb			lati feti si orin	to listen to music
fi ... fun	give	verb			fi omi fun u	give the water to him
fi-ajẹ-mu	bewitch	verb			ifẹ rẹ ti fi-aje-mu me	your love has bewitched me
fideo	video	noun			wo fideo	watch the video
fiimu	film	noun			oṣere inu fiimu	cast of a film
fila	hat	noun			o de fila	he is wearing a hat
fimọ	attach	verb			fimọ okiri	attach to wall
finusọkan	agree	verb			ṣe o finusọkan pẹlu ẹ	do you agree?
firegiransi	fragrance	noun			ori ni firegiransi yẹn	the fragrance of sheabutter
fo	clean	verb			fo eyin re	clean your teeth
fo	fly	noun			eṣinṣin ma n fo	a fly flies
fọlumu	volume	noun			yi fọlumu si oke	turn up the volume
fulutu	flute	noun			fun fulutu	play the flute
fun	for	preposition			fun arawa	for ourselves
funfun	white	adjective			ile funfun	white house
gan gan	gong gong	noun			lu gan gan	play the gong gong
Gana	Ghana	noun		a country in Africa	ara Gana ni ama npe awọn ti o wa lati Gana	people from Ghana are called Ghanaians
gangan	talking drum	noun			gangan mẹrin	four talking drums
gba	accept	verb	ki eyan gba fun nkan tabi ọrọ		gba a	accept her
gba	collect	verb			lati gba owo	to collect money
gbagbọ	believe	verb			gbagbọ Tunde	believe Kofi
gbangba	public	noun			a ki darukọ 'obo' ni gbangba	you don't say 'vagina' in public
gbaradi	ready	adverb			mo ti gbaradi	I am ready
gbe	live	verb			awa gbe nibi	we live here
gbe	carve	verb			gbe igi 	carve the wood
gbeborun	gossip	noun			gbeborun o dara	gossip is not good
gbese	debt	noun			gbese pọ ni ọrun ọkunrin yẹn	he has many debts
gbigbẹ	dry	adjective			ilẹ gbigbẹ	dry land
gbo	hear	verb			ohun gbo fere	she heard the whistle
gbo	old	adjective			abọ ti o ti gbo	old pan
gbọ	hear	verb			o gbọ ketadinlogbon	she heard the whistle
gbobgo ẹ	everything	pronoun			gbobgo ẹ ti lọ daada	everything has gone well
gbogbo	all	determiner			gbogbo wọn lo ile iwe	all things
gbogbo	entire	adjective			gbogbo ile	the entire house
gbogbo eniyan	everyone	pronoun			gbogbo eniyan ni o ma wa	everyone will come
gbona	hot	adjective			omi gbona	hot water
gbọọrọ	straight	adjective			ọna gbọọrọ	straight road
ge	cut	verb			lati ge awọn keki ni meji	to cut the cake in two
ge-jẹ	bite	verb			aja le ge-jẹ	the dog can bite
gege	pen	noun			ọda inu gege	ink in a pen
gele	headgear	noun			we gele rẹ	put on headgear
goolu	gold	noun			firegiransi ati goolu	fragrance and gold
gọta	gutter	noun			omi wa ninu gọta	there is water in the gutter
gufẹ	belch	verb			jẹun ko si gufẹ	eat then belch
gun	climb	verb			lati gun oke	to climb mountains
gun	long	adjective			irungbọn ti o gun	long beard
guusu	south	noun			lọ si guusu	go south
haba	wow	exclamation			haba! oṣe pupọ!	wow! thank you!
halahala	groin	noun			halahala abẹ okunrin	groin of a man
Hausa	Hausa	noun			ede Hausa	Hausa language
ibadi	waist	noun			ibadi ẹ	your waist
ibagbepọ	unity	noun			ibagbepọ alaafia	unity and peace
ibeere	question	noun			mo ni ibeere	I have a question
ibi	here	noun		this place or this position	lọ lati ibi	go from here
ibi gbobgo	everywhere	pronoun			ibi gbobgo ni o gbona	everywhere is hot
ibikan	somewhere	pronoun			a fẹ lọ si ibikan	we are going somewhere
ibiṣẹ	office	noun			ibiṣẹ iya mi	the office of my mother
ibo	where	adverb			ibo ni o ngbe?	where do you live?
ibo	place	noun			ibo ni?	which place?
iboji	shade	noun			mo joko si iboji	I am sitting under the shade
ibori pelebe	headscarf	noun			we ibori pelebe	tie a headscarf
ibudo ilẹ arin omi	island	noun			ibudo ilẹ arin omi Seychelles	Seychelles island
ibugbe	habitat	noun			ibugbe awọn ẹranko	habitat of animals
ibugbe	lodge	noun			gbe ibugbe yẹn fun igba diẹ	stay at the lodging for a while
ibukun	blessing	noun			ibukun Oluwa	God's blessing
ibusun	bed	noun			sun lori ibusun	sleep on the bed
ida	spear	noun			wọn fi ida gun	they pierced him with a spear
idaduro	sabotage	noun			ṣe idaduro	this is sabotage
idajọ	justice	noun			itusilẹ ati idajọ	freedom and justice
idajọ	judgement	noun			idajọ wo?	which judgement?
idamu	worry				idamu ti o pọ	many worries
idana	stove	noun			idana oni gaasi	gas stove
idanwo	exam	noun			idanwo yẹn rọrun	the exam is easy
idanwo	test	noun			idanwo yẹn le	the test is difficult
idariji	forgiveness	noun			ifẹ, gbigba mọ ra ati idariji	love, acceptance and forgiveness
idẹ	gallon	noun			idẹ omi kan	a gallon of water
idi	reason	noun			gbogbo ohun ni o ni idi	everything has a reason
idi	bum	noun			idi nla	large bum
idorogun	rivalry	noun			ẹ dawọ idorogun duro	stop the rivalry
idọti	rubbish	noun			da idọti nu	throw away the rubbish
idọti	trash	noun			da idọti nu	throw away the trash
idun 	louse	noun			idun ara adiyẹ	chicken lice
idunnu	happiness	noun			idunnu ti de	happiness has arrived
idupẹ	thanksgiving	noun			isin idupẹ	thanksgiving service
iduro	stand	verb			lati duro takuntakun	to stand slowly
ifẹ	love	noun			ifẹ ati alaafia	love and peace
ife	cup	noun				tea cup
ifihan	revelation	noun			o ri ifihan	he had a revelation
ifiyin fun	exultation	noun			orin ifiyin fun	songs of exultation
ifọkansi	determination	noun			a ma ṣe pẹlu ifọkansi	we will do it with determination
ifọnu	toothpaste	noun			ifọyin ati ifọnu	toothbrush and toothpaste
iforiti	hope	noun			moni iforiti	I have hope
ifọyin	toothbrush	noun			ifọyin ati ifọnu	toothbrush and toothpaste
iga	height	noun			iga ati ifẹ	height and width
igba	garden egg	noun			ọbẹ igba	garden egg stew
igbagbe	forgetfulness	noun			igbagbe ẹ	her forgetfulness
igbagbo	Christian	noun			igbagbo kan ati musulumi kan	a Christian and a Muslim
igbagbọ	faith	noun			igbagbọ ati ifọkanbalẹ	faith and peace
igbalẹ	broom	noun			igbalẹ ati ikolẹ	broom and dustpan
igbalẹ	grove	noun			igbalẹ awọn orisa	grove of spirits
Igbe	April	noun				April has 30 days
igbega	glory	noun			igbega awọn eniyan	glory of humankind
igbejo	umbrella	noun			joko si abẹ igbejo	sit under the umbrella
igbeyawo	wedding	noun			a nlọ si ibi igbeyawo	we are going to a wedding
igbeyawo	marriage	noun			igbeyawo gidi	good marriage
igbin	snail	noun			mo ma njẹ igbin	I eat snails
igbiyanju	effort	noun			igbiyanju ti o dara	a good effort
Igbo	Igbo	noun			ede Igbo	Igbo language
igbo	bush	noun			losi inu igbo	go into the bush
igbọkọsi	garage	noun			ibi igbọkọsi fun mọto	car garage
igboro	town	noun			lọ si igboro	go into town
ige	cut	verb			lati ige keki na si meji	to cut the cake in two
igi	stick	noun			kan igi	break the stick
igi	plank	noun			igi ati iṣo	plank and nail
igi	tree	noun				plant a tree
igi idana	firewood	noun			ko igi idana	pickup firewood
igi ifoyin	toothbrush	noun				toothbrush and toothpaste
igo	bottle	noun			igo marun	five bottles
igun	length	noun			iga, ifẹ ati igun	height, width and length
igun	vulture	noun			ẹyẹ ni igun	a vulture is a bird
iho	hole	noun			iho kekere	small hole
ijakulẹ	defeat	noun			aṣeyọri ati ijakulẹ	victory and defeat
ijapa	tortoise	noun			ijapa ma nyọ rin ni	a tortoise walks slowly
ijaya	scary	adjective			o mu ijaya ba eniyan	it is scary
ijiṣẹ	testament	noun			ijiṣẹ titun	new testament
ijiya	suffering	noun			ibẹru ati ijiya	fear with suffering
ijiyan	argument	noun			ijiyan pupọ	many arguments
ijo	dance	verb			lati ijo pelu idunu	to dance with joy
ijọba	government	noun			ijọba Nkrumah	Nkrumah's government
ika	finger	noun			fi ika rẹ han mi	show me your finger
ika	wickedness	noun			iwa ahun ati ika ẹ	your stinginess and your wickedness
ika ẹsẹ	toe	noun			ika ẹsẹ ati gigirisẹ	toe and heel
ikarahun	shell	noun			ikarahun alakan	shell of a crab
ike	bucket	noun			ike naa njo	the bucket leaks
ikebe	buttocks	noun			ikebe nla	big buttocks
ikede	announcement	noun			ka ikede	read the announcement
ikilọ	warning	noun			gbọ ikilọ	listen to the warning
ikoko	pot	noun			ikoko irin	metal pot
ikolẹ	dustpan	noun			igbalẹ ati ikolẹ	broom and dustpan
ikọlu ara ẹni	friction	noun			ikọlu ara ẹni de si arin wa	friction came between us
ikoni	teach	verb			lati koni ni masi	to teach mathematics
ikorira	disgusting	adjective			ibi ti o fa ikorira	the place is disgusting
ikọṣẹ	pencil	noun			ikọṣẹ ati gege	pencil and pen
ikun	abdomen	noun	ibi ti ounje ma nlo ti a ba jeun tan		Ikun aja	abdomen of a dog
ila	line	noun			balu naa ti koja ila na	the ball has crossed the line
ila oorun	east	noun			lọ si ila oorun	go east
ila oorun	sunset	noun			lati iwọ oorun de ila oorun	from sunrise to sunset
ilara	hatred	noun			ilara ko ni iwosan	hatred has no cure
ile	house	noun			ile naa	the house
ilẹ	land	noun			ra ilẹ	buy land
ilẹ	floor	noun			ni ilẹ	on the floor
ile 	home	noun			ile rẹ	your home
ilẹ Afrika	Africa	noun			be-wo ilẹ Afrika	visit Africa
ile ifiweranṣẹ	post office	noun			mo fẹ lọ si ile ifiweranṣẹ	I am going to the post office
ile ifowopamọsi	bank	noun			owo mi wa ni ile ifowopamọsi	my money is at the bank
ile ijosin	church	noun			lati lo si ile ijosin	go to church
ile itura	hotel	noun			ile itura ni o nsun	she sleeps at a hotel
ile iwẹ	bathroom	noun			lo sinu ile iwẹ	go to the bathroom
ile iwe giga	university	noun			ile iwe giga ti Legon	Legon University
ile iwosan	hospital	noun			lọ si ile iwosan	go to a hospital
ile ọmọ	womb	noun			ile ọmọ inu obinrin	female's womb
ile-iwe	school	noun		a place where learning happens		I learn to read at school
ilẹkun	door	noun			ti ilẹkun	close the door
ilera	health	noun			ohunjẹ am nfunni ni ilera	food gives health
ileri	promise	noun			ṣe ileri fun mi	promise me
ilu	drum	noun			mo ngbọ ilu yẹn ti o ndun	I hear the drums
ilu	nation	noun			ilu ẹ	your nation
ilu ọgbẹlẹ	desert	noun			omi ṣanwọn ni ilu ọgbẹlẹ	water is scarce in the desert
imeeli	email	noun			ṣe adakọ imeeli yẹn	print the email
imọ	knowledge	noun			gbogbo imọ agbaye	all knowledge in the world
imọ	know	verb			emi imọ	I know her
imọran	advice	noun			alufa kan ni imọran	a priest has advice
imọtaraẹninikan	selfishness	noun		want-to-be-the-only-one-who-gets	imọtaraẹninikan ko dara	selfishness is not good
imu	nose	noun			eti ati imu	ear and nose
imu	select	verb		make a selection	imu iwe kan	to select a book
ina	fire	noun			da ina	light the fire
inu	inside	adverb			lọ si inu	go inside
inu	stomach	noun			inu titobi	big stomach
inunibini	discord	noun			irọ ati inunibini	lies and discord
inunibini	enmity	noun			inunibini to o lagbara	great enmity
ipaniyan	murder	noun			ofofo ṣiṣe ati ipaniyan	gossip and murder
ipayinkeke	wailing	noun			ẹkun ati ipayinkeke	crying and wailing
ipe 	message	noun			bi ipe yẹn ṣe de	when the message arrived
ipejọpọ	meeting	noun		a gathering of a group to talk about something	mo fẹ lọ si ibi ipejọpọ kan	cancel the meeting
ipilẹ	foundation	noun			ipilẹ ile	foundation of the house
ipin	share	noun			ipin mi da	where is my share?
ipo	state	noun			wo ipo ti o wa	look at our pitiful state
iranwọ	help	noun			gbogbo eniyan ni o nilo iranwọ	everyone needs help
irawọ	star	noun				plenty of stars
irẹ	porcupine	noun			iho irẹ	porcupine hole
irẹẹsi	rice	noun			irẹẹsi ati ẹwa	rice and beans
irẹjẹ	oppression	noun			iru irẹjẹ	such oppression!
irẹlẹ	humility	noun			o fi iwa irẹlẹ han	you show humility
irin	walk	verb			lati irin kelekele	to walk slowly
irin	metal	noun			fila irin	hat of metal
irọ	lie	noun			irọ ati ẹtan	lies and discord
irọlẹ	evening	noun			ohunjẹ irọlẹ	evening meal; dinner
irora	pain	noun			irora yi de	the pain is here
irọri	pillow	noun			irọri ati ibusun	pillow and bed
iroyin	news	noun			iroyin lorefe	news of the realm
iru	tail	noun			ologbo ni iru	a cat has a tail
irun	hair	noun			irun aya	chest hair
irun gbọn	beard	noun			irun gbọn gigun	long beard
irun oju	eyebrow	noun			oju ati irun oju	eye and eyebrow
iṣalejo	entertaining	adjective			o ṣe fiṣalejo	it is entertaining
iṣẹ	poverty	noun			iṣẹ ati ọrọ	poverty or wealth
isẹ	blow	noun			fun ni isẹ	give him a blow
ise	work	verb			lati se ise takuntakun	to work hard
iṣẹ	work	noun			mo fẹ iṣẹ ti mo leṣe	I want work I would do
iṣe 	act	noun			iṣe kan	Act 1 of the play
iṣẹ	manner	noun			iṣẹ rẹ pani lẹrin	his manner is amusing
iṣẹ ṣiṣe	working	noun			iṣẹ ṣiṣe ko pọndandan	working is not trivial
Isẹgun	Tuesday	noun				Tuesday children
iṣejọba	governance	noun			iṣejọba ti o dara	good governance
iṣẹju	minute	noun			iṣẹju marun	five minutes
iṣẹju	second	noun			iṣẹju mẹwa	ten seconds
iṣere	swing	noun			ṣe ere ni ibi iṣere	play on a swing
iṣeyun	abortion	noun	pipa omo ninu ikun ko to jade		Dokita ṣe iṣe ṣeyun	the doctor performs abortion
isin	service	noun			isin idupẹ	thanksgiving service
isinku	funeral	noun			mo nlọ fun isinku	I am going to a funeral
iṣiro	accounts	noun	ki eyan ṣe alaye ara ẹ tabi owo		o ṣe iṣiro	she made accounts
iso	fart	noun			iso ọmọbinrin yẹn nrun	her fart smells badly
iṣo	nail	noun			igi ati iṣo	plank and nail
isọdọmọ	adoption	noun			filẹ fun isọdọmọ	give her up for adoption
isọji	revival	noun			isọji ti de ilu	revival has come to town 
isọrọsi	squabbles	noun			isọrọsi ati eebu	squabbles and insults
iṣu	yam	noun			se iṣu	cook the yam
iṣuju	mist	noun			iṣuju arọ	morning mist
ita	outdoors	noun			lọ si ita	go outdoors
ita gbangba	outside	noun			lọ si ita gbangba	go outside
itan	story	noun			sọ itan kan fun mi	tell me a story
itanran	compensation	noun			sẹ o ti gba owo itanran rẹ?	have you received your compensation?
itẹwọgba	acceptance	noun			ifẹ, itẹwogba ati iforijin	love, acceptance and forgiveness
itiju	shyness	noun			ko ni itiju	he has no shyness
itiju	disgrace	noun			ẹsin ati itiju	shame and disgrace
itiju	shame	noun			ẹsin ati itiju	shame and disgrace
itosi	near	adverb		at a short distance	sun mọ itosi mi	pull near to me
itusilẹ	freedom	noun			itusilẹ ati idajọ	freedom and justice
iwa	find	verb			iwa oro na	find the word
iwa	habit	noun			iwa ibajẹ	bad habit
iwa	character	noun			iwa re	her character
iwaju	in front	preposition			lọ si iwaju	go in front
iwaju ori	forehead	noun			wo iwaju ori ẹ	look at her forehead
iwe	paper	noun			iwe oni	today's paper
iwe	book	noun			iwe eyi	this book
iwe	book	noun			iwe yi	this book
iwe itumọ-ọrọ	dictionary	noun			aworan iwe itumọ-ọrọ	picture dictionary
iwe-eri	certificate	noun			nigbati oba pari ni ile-iwe ogba iwe-eri 	when you complete school you get a certificate
iwọ	you	pronoun		second person singular subject pronoun. Used to indicate one person being addressed	iwọ jẹ (un)	you eat
iwọ oorun	sunrise	noun			lati iwọ oorun de ila oorun	from sunrise to sunset
iwọ oorun	west	noun			lọ si iwọ oorun	go west
iwoju	mirror	noun			iwoju nla	big mirror
iwọn	measure	noun			iwọn irẹẹsi mẹta	three measures of flour
iwọn giramu	gramme	noun			iwọn giramu mewa	ten grammes
iya	mother	noun			iyekan mi ni ọmọ iya mi	my mother's child is my sibling
iya afin	madam	noun			iya afin Mary	madam Mary
iya arugbo	old lady	noun			iya arugbo mi	my old lady
iyanju	encouragement	noun			iyanju ati inu didun	encouragement and joy
iyanu	wonder	noun			iyanu ati ifẹ	wonder and love
iyara	activity	noun			Awọn iyara ko nibẹ	there are many activities there
iyara	room	noun			o nsun ninu iyara	she is sleeping in the room
iyara ibusun	bedroom	noun			ile na ni iyara ibusun meji	the house has two bedrooms
iyara idana	kitchen	noun			mo wa ni inu iyara idana	I am in the kitchen
iyara ijoko	hall	noun			a joko si iyara ijoko	we are sitting in the hall
iyarun	comb	noun			fi iyarun ya irun ori rẹ	use a comb to comb your hair
iyarun	comb	noun			lati lo iyarun ya irun re	use a comb to comb your hair
iyasọtọ	special	adjective			ọjọ iyasọtọ	special day
iyasọtọ	favouritism	noun			ye ṣe iyasọtọ	stop the favouritism
iyawo	wife	noun			iyawo ati ọmọ mi	my wife and my children
iyawo	bride	noun			ọkọ iyawo	bride's husband; groom
iye	price	noun			kinni iye ẹ?	how much is the price?
iyẹ	feather	noun			iyẹ ẹyẹ	bird's feathers
iyẹ	wing	noun			ẹyẹ adaba ni iyẹ	a dove has wings
iyẹpẹ	stone	noun			iyẹpẹ ati sọmọnti	stones and cement
iyin	praise	noun			iyin yẹ	she deserves praise
ja	clear	verb			ja ona ofun re	clear your throat
jabọ	report	noun			jabọ	make a report
jaganjagan	junk	noun			jaganjagan kun iyara yẹn	there is junk in the room
jagun	battle	verb			ama ba wọn jagun	we are going to battle them
jagunjagun	warrior	noun			jagunjagun ti o gbona	warrior of antiquity
jale	burgle	verb			won jami lole	they burgled me
jaluu	bump into	verb			oko ayokele naa jalu nkan	the car has bumped into something
jama	jama	noun			kọ jama	sing jama
jẹ	eat	verb			lati jẹ gbogbo (re)	to eat everything
je	chew	verb			lati je awon epa	to chew groundnuts
jinde	rise	verb			lati jinde ni mefa ni owuro	to rise at six in the morning
jiyan	argue	verb			jiyan pelu e	argue with him
jọ	dance	verb			lati jo pẹlu ayọ	to dance with joy
jo	incinerate	verb			jo gbogbo awon iwe naa	incinerate all the papers
jo	burn	verb		set alight with fire	jo awon iwe	burn papers
jọju	nice	adjective			jẹ ki o jọju	make it nice
joko	sit	verb			lati joko sibi	to sit here
jọlọfu	jollof	noun		rice cooked in tomato stew	jọlọfu dara	jollof is food
ju	than	conjunction			o ga ju mi lọ	he is taller than me
ka	read	verb			lati ka iwe kan	to read a book
kaabọ	welcome	exclamation			kaabọ, kaabọ!	welcome welcome!
kaaka	raucously	adverb			rẹrin kaaka	to laugh raucously
kaaki	khakhi	noun			ṣokoto penpe ti kaaki	khakhi shorts
kaanu	pitiful	adjective			mo kaanu ọmọ yẹn	pitiful child
Kamẹrun	Cameroon	noun		A country in Africa	lọ si Kamẹrun	go to Cameroon
kan	a	determiner				a man and a woman
kede	announce	verb			kede yẹn	announce that
kedere	clearly	adverb			o ri kedere	you see it clearly
kẹkẹ	bicycle	noun				new bicycle
kekere	small	adjective			nkan kekere	a small thing
kekere	smaller	adjective			ile ti o tun ṣe kekere si	smaller house
keki	cake	noun			a maajẹ awọn keki	we will eat the cake
keki	cake	noun			awa ma je keki naa	we will eat the cake
kẹlẹbẹ	phlegm	noun			nu kẹlẹbẹ	wipe the phlegm
Kenya	Kenya	noun		A country in Africa	lọ si Kenya	go to Kenya
kiakia	quickly	adverb			rin ni kiakia	you walk quickly
kibọọdu	keyboard	noun			tẹ "k" ni ori kibọọdu	press "k" on the keyboard
kilomita	kilometer	noun		(km)	kilomita mẹwa	ten kilometers
kilomita	kilometre	noun			kilomita mẹwa	ten kilometres
kinihun	lion	noun			ẹran ni kinihun njẹ	a lion eats flesh
kinkini	tiny	adjective			nkan kinkini	tiny thing
kinni	what	pronoun			kinni yẹn	what is that?
kọ	teach	verb			lati kọ mathimatiki	to teach mathematics
ko	build	verb			ko ile kan	build a house
ko pọndandan	unnecessary	adjective			eebu ti ko pọndandan	unnecessary insults
kobaramu	undesirable	adjective			kini yẹn kobaramu	it is undesirable
koko	cocoa	noun			igi koko 	cocoa tree
koko ọrọ	issue	noun			koko ọrọ titun	new issue
kọkọrọ	key	noun			ilẹkun ati kọkọrọ	door and key
kọmpiyuta	computer	noun			kọmpiyuta kibọọdu	computer keyboard
kọnga	well	noun			omi kọnga	well water
Kongo	Congo	noun			lọ si Kongo	go to Congo
kooṣi	coach	noun			kooṣi awọn ti o ngba bọọlu alafẹsẹ gba	a football team coach
kootu	court	noun			mo nlọ si kootu	I am going to court
koriko	grass	noun			koriko ni maalu ma n jẹ	a cow chews grass
korin	sing	verb			lati korin orin adun	to sing a sweet song
korin	sing	verb			lati korin to dun lenu	to sing a sweet song
koto	pit	noun			gbẹ koto	dig a pit
ku iṣẹ	well done	exclamation			ku iṣẹ gidi!	job well done!
kunan	fine	adjective			lọ kunan	grind it finely
kuru	short	adjective			ọkunrin ti o kuru	short man
kurukuru	fog	noun			kurukuru dudu	dark fog
kurukuru	cloud	verb			kurukuru ti bo oju ojo	the sky has clouded
labalaba	butterfly	noun			labalaba kan lewa	a butterfly is beautiful
ladun	sweet	adjective			tii yẹn ladun	the tea is sweet
lagbara	powerful	adjective			wooli ti o lagbara	powerful prophet
lailai	forever	adverb			o wa laye titi lailai	she lives forever
lasan	mere	adjective			ọdẹ lasan	mere fool
lasiko	early	adjective			arọ lasiko	early morning
lasiko	early	adverb			wa lasiko	come early
lati	from	preposition			lọ lati ibi	go from here
lati ṣe iṣiṣe	be wrong	verb			ṣe mo ṣiṣe	am I wrong?
lawọ	generosity	noun			li lawọ ẹ	your generosity
le	chase	verb			ko seni tonle e	no one is chasing him
le	hard	adjective			o le	it is hard
lẹ lọwọ	soft	adjective			burẹdi ti o lẹ lọwọ	soft bread
lẹhin	behind	preposition			lọ si eyin	go behind
lẹhin odi	abroad	noun			o lo lẹhin odi	she goes abroad
lẹkankan	often	adverb			o ma nwa si ibi lẹkankan	she often comes here
lẹkansi	again	adverb			ri lẹkansi	see her again
lẹnsi	lens	noun			lẹnsi kamẹra	lens of a camera
lile	hard	adverb			lati ṣiṣẹ lile	to work hard
lọ	go	verb			lati lọ si ile-iwe	to go to school
lojiji	suddenly	adverb			o wa lojiji	it came suddenly
lọjọlori	outdated	adjective			agabrigo yi ti lọjọlori	outdated lorry
lori	on	preposition			sun lori tabili	sleep on the table
lọsiwa lọsẹyin	to-and-fro	adverb			o lọsiwa lọsẹyin	the swing goes to-and-fro
lu	beat	verb			lu eyan kan	beat someone
Luganda	Luganda	noun			ede Luganda	Luganda language
ma le	be able to	verb			Mo ma le gun igi	I am able to climb a tree
maa	still	adverb			maa ṣe lọ	still doing
maalu	cow	noun			ẹran maalu; ara ẹran	cow meat; beef
maapu	map	noun			ka maapu yẹn	read the map
maili	mile	noun			maili mẹwa	ten miles
Malagasi	Malagasy	noun		a language of Madagascar	ede Malagasi	Malagasy language
mangoro	mango	noun			mangoro yẹn ti pọn	the mango has ripened
mejidinlogun	eighteen	adjective		the number 18	igo mejidinlogun	eighteen bottles
mejila	twelve	adjective		the number 12	igo mejila	twelve bottles
mẹrindinlogun	sixteen	adjective		the number 16	igo mẹrindinlogun	sixteen bottles
mẹtadinlogun	seventeen	adjective		the number 17	igo mẹtadinlogun	seventeen bottles
mẹtala	thirteen	adjective		the number 13	igo mẹtala	thirteen bottles
mẹwa	ten	adjective		the number 10	igo mẹwa	ten bottles
mi	my	possessive			ile mi	my house
mi	breathe	verb			mi pẹlẹpẹlẹ	breathe a little; take a breather
miliọnu	million	adjective		the number 1,000,000	igo miliọnu	a million bottles
mimọ	holy	adjective			iwe mimọ	holy book
mimọyi	pleasure	noun			fi mimọyi re han	show your pleasure
minimini	fresh	adjective			ewe minimini	fresh leaves
mita	meter	noun			mita mẹwa	ten meters
mita	metre	noun		length metric; meter (American English)	mita mẹwa	ten metres
mo	I	pronoun		used to indicate oneself	mo jẹ	I eat
mọ	know	verb			mo mọ rẹ	I know her
mọ	light	noun			ofurufu mọ nẹnẹ	light of the sky
mọkandinlogun	nineteen	adjective		the number 19	igo mọkandinlogun	nineteen bottles
mọtipilikaṣan	multiplication	noun			2 x 1 = 2; mọtipilikaṣan ni eleyi	2 x 1 = 2; this is multiplication
mọyi	appreciate	verb			o mọyi eleyi	you do not appreciate this
mu	drink	verb			mu omi	to drink water
muh	catch	verb			muh boolu 	catch the ball
muṣere	diss	noun			ki ṣe ohun a muṣere	it is not a diss
na-oja	bargain	verb			na-oja lori nkan	bargain over price
naa	the	determiner			ile naa	the house
Naijiria	Nigeria	noun		A country in Africa	lọ si Naijiria	go to Nigeria
nẹgatiifu	negative	adjective			nẹgatiifu ni	negative one
ni	at	preposition			ba mi ni ile	meet me at home
ni	just	adjective			agọ lasan ni	it is just folly
ni bayibayi	immediately	adverb			ja kuro ni bayibayi	cut off immediately
ni tori	because	conjunction			ni tori mo fẹran rẹ 	because I like you
nifẹ	love	verb			mo nifẹ re	I love you
nigba	then	adverb			nigba yẹn ni o wa sun	then he slept
nigbati	when	conjunction		at the time	owun wa nigbati iwo lo	he came when you went
nikan	only	adjective			iwọ nikan	only you
ninu	in	preposition			o wa ninu ile	it is in the house
nipa	about	preposition			mo ronu nipa rẹ	I think about you
nkan	something	noun			di nkan mu ṣinṣin	to hold something firmly
nkan	something	pronoun			fi nkan han mi	show me something
nkan	thing	noun		a reference to an unnamed object	nkan yẹn, awọn nkan yẹn	the thing; the things
nkan yẹn	that thing	pronoun			nkan yẹn ni mo gba	that thing is what I got
nkan yẹn	the thing	pronoun			nkan yẹn ti o ma nṣe	the thing she does
nla	big	adjective			Tọla nla	Big Adae
nọmba	number	noun			nọmba 5	number 5
nọọsi	nurse	noun			nọọsi ni	she is a nurse
nọsẹ	stroll	noun			nọsẹ lọ	take a stroll
nọwonọwo	philanthropist	noun			nọwonọwo ni	she is a philanthropist
nṣẹjẹ	bleeding	noun			da ẹjẹ yen duro	stop the bleeding
o	it	pronoun		subject pronoun used to indicate one thing previously mentioned	o jabọ	it falls
o	you	pronoun		second person singular subject pronoun. Used to indicate one person being addressed	o je (un)	you eat
o ṣe	why	adverb			o ṣe jẹbẹ	why so?
o to wun ni	desirable	adjective			ohun ti o to wun ni	it is desirable
ọba	king	noun			ọba ni	he is a king
ọbẹ	stew	noun			se ọbẹ	make stew
ọbẹ	knife	noun				sharpen a knife
ọbẹ	soup	noun			ọbẹ ẹyin	palm nut soup
obi	parents	noun			obi rẹ	his parents
ọbinrin	woman	noun			ọbinrin ti o rẹwa	a pretty woman
ọbọ	monkey	noun			ọbọ a ma fẹran ọgẹdẹ	a monkey likes bananas
obo	vagina	noun			a ki npe 'obo' ni ita gbangba	you don't say 'vagina' in public
ọda	ink	noun			ọda inu gege ikọwe	ink in a pen
odabo	goodbye	exclamation			so wipe odabo	say goodbye
ọdẹ	fool	noun			ọdẹ! arindin!	Fool! Dimwit!
odo	mortar	noun			odo ati ọmọ odo	pestle and mortar
odo	lake	noun			odo yẹn ti kun	the lake has overflowed
odo	pestle	noun			Yoruba Dictionary	pestle and mortar
odo	river	noun			odo ma nṣan si inu agbami	a river goes into a sea
ododo	flower	noun				pretty flower
ọdọkunrin	young man	noun			ọdọkunrin bi ti ẹ	a young man like you
ọdun	year	noun			ọdun titun ti de	a new year has come
ọfa	arrow	noun			itẹriba ko ọfa	bow and arrow
ofin	law	noun		rules by the government	ofin wipe	the law says
ofo	nothing	noun			ofo ni mo ni	I have nothing
ọfun	throat	noun			họ ọfun rẹ	clear your throat
ọga	master	noun			ọga Kofi	Master Kofi
ọgba	yard	noun			ọgba fifẹ	big yard
ọgbẹ ọkan	grief	noun			ọgbẹ ọkan n pa mi lọ	grief is killing me
ọgbọn	thirty	adjective		the number 30	ọgbọn igo	thirty bottles
ọgbọn	wisdom	noun			ọgbọn ati okun	strength and wisdom
ọgẹdẹ	plantain	noun			ọgẹdẹ ati ege	plantain and cassava
ọgẹdẹ wẹrẹ	banana	noun			ọbọ fẹran ọgẹdẹ wẹrẹ	a monkey likes bananas
ogiri	wall	noun			joko le ori ogiri	sit on the wall
ogoji	forty	adjective		the number 40	ogoji igo	forty bottles
ọgọrin	eighty	adjective		the number 80	ọgọrin igo	80 bottles
ọgọrun	hundred	adjective		the number 100	ọgọrun igo	hundred bottles
ọgọta	sixty	adjective		the number 60	ọgọta igo	sixty bottles
ọgọta ati abọ	seventy	adjective		the number 70	igo ọgọta ati abọ	seventy bottles
ogun	twenty	adjective		The number 20	ogun igo	twenty bottles
ogun	battle	noun			a nlo si ogun	we are going to battle
ogun	inheritance	noun			gba ogun ẹ	claim your inheritance
Ogun	August	noun				August has 31 days
ohun	he	pronoun		used to indicate one male person previously mentioned	ohun njẹun	he eats
ohun	him	pronoun			fi han ohun	show him
ohun	voice	noun			rẹ ohun ẹ silẹ	soften your voice
ohun	she	pronoun		used to indicate one female person previously mentioned	ohun ma njẹun	she eats
ohun ankibọ eti	earpiece	noun			ohun ankibọ eti tuntun	new earpiece
ohun meremere	luxury	noun			mori ohun meremere ni igbe aye rẹ	I see luxury in your future
ohun ojiji	surprise	noun			ohun ojiji ti o lagbara	great surprise
ohungbẹ	thirst	noun			ohungbẹ ati ebi	I feel thirst (I am thirsty)
ohunjẹ	food	noun			jẹ ohunjẹ	eat food
ohunka	reading	noun			tun ohunka ka	repeat the reading
ohunworan	spectator	noun			awọn ohunworan	the spectators
ọja	market	noun			lọ si ọja	go to market
ọjẹpe	messenger	noun			awọn ọjẹpe ti de	the messengers arrived
ọjọ	date	noun			ọjọ wo ni oni?	which date is today?
ọjọ ibi	birthday	noun			eni ni ọjọ ibi mi	today is my birthday
ọjọ mẹjọ	eight days	noun			duro ọjọ mẹjọ	wait eight days
Ọjọbọ	Thursday	noun				Thursday children
ojoojumọ	daily	adverb			ojoojumọ ni o nwa sibi	he comes here daily
Ọjọru	Wednesday	noun				Wednesday children
oju	face	noun			wo oju mi	look at my face
oju	eye	noun			oju ati irun oju	eye and eyebrow
oju ọgbẹ	scar	noun			o ni oju ọgbẹ lara	her cheek has a scar
oju ọjọ	daybreak	noun			oju ọjọ ati aṣalẹ	daybreak and nightfall
ojumọ	day	noun			ojumọ ti mọ	the day has arrived
ojuṣe	responsibility	noun			ojuṣe rẹ ni	it is your responsibility
ọka baba	millet	noun			adalu ọka baba	millet porridge
ọkan	each	adjective			ọkan kan	each thing
ọkan	mind	noun			ọkan rẹ	her mind
ọkan	one	adjective			ẹyọkan ni igo ti o wa ni ori ile yẹn	There is one bottle standing on top of the house
ọkan	heart	noun			ọkan ti o dara	good heart
oke	hill	noun			oke gegere	hill top
oke	up	adverb			wo oke	look up
oke	mountain	noun			oke gegere	mountain peak
ọkọ	boat	noun				red boat
ọkọ	hoe	noun			ọkọ ati ada	hoe and cutlass
ọkọ	husband	noun			mo nifẹ ọkọ mi	I love my husband
oko	penis	noun			a ki pe 'oko' ni ita gbangba	you don't say 'penis' in public
oko	farm	noun			oko koko	cocoa farm
ọkọ ayọkẹlẹ	car	noun				drive a car
ọkọ iyawo	groom	noun			awọn ọrẹ ọkọ iyawo	groom's friends
ọkọ ofurufu	aeroplane	noun			ọkọ ofurufu meji	two aeroplanes
ọkọ ofurufu	plane	noun		aeroplane, airplane	ọkọ ofurufu meji	board a plane
oko oju omi	canoe	noun			oko oju omi ati obele	canoe and paddle
oku	corpse	noun		body of a dead human being	oku yẹn ti njẹra	the corpse is rotting
oku	ghost	noun			mo ri oku	I see a ghost
Okudu	June	noun				June has 30 days
okun	strength	noun			okun ati agbara	strength and power
okun alantakun	web	noun			okun alantakun	the web of a spider
okunkun	darkness	noun			okunkun ṣu ni alẹ	night brings darkness
ọkunrin	man	noun				a tall man
ọkunrin opo	widowed	adjective			ọkunrin opo	widowed man
ọla	tomorrow	adverb			a de ni ọla	she will arrive tomorrow
ole	burglary	noun			ole npo si	burglary is increasing
ọlẹ	lazy	adjective			ọlẹ ọkunrin	lazy man
Olimpiiki	Olympics	noun			ere idije Olimpiiki	Olympics competition
ologbo	cat	noun			ologbo naa ni iru kan	a cat has a tail
olomi ọsan	orange	adjective			de fila olomi ọsan yen	wear the orange cap
olori	queen	noun			olori ni	she is a queen
olori	leader	noun		someone who shows the way	olori wa ni eleyi	this is our leader
olori awọn alufa	bishop	noun			olori awọn alufa ni	she is a bishop
olori ilu	president	noun			olori ilu ti de	the president has arrived
olu	mushroom	noun			ọbẹ olu	mushroom soup
olukọ	teacher	noun			olukọ ni mi	I am a teacher
omi	water	noun			mu omi	you drink water
omi ọsan	yellow	adjective			asia olomi ọsan	yellow flag
omidan	miss	noun		damsel; young lady	omidan agba ati omidan kekere	lady and young lady
omidan	lady	noun			omidan danso	Lady Danso
omije	tear	noun			omije su si oju mi	my eyes filled with tears
omije	teardrop	noun			omije diẹ	a few teardrops
ọmikin	grease	noun			ọmikin inu abọ	grease in a pan
ominira	independence	noun			ọjọ ominira	independence day
ọmọ	child	noun			ọmọ ti iya mi ba bi, ọmọ ye mi ni	my mother's child is my sibling
omo Afrika	African	noun			omo Afrika ni emi	I am an African
ọmọ ẹgbọn lobinrin	niece	noun			awọn ọmọ ẹgbọn lobinrin fun mi	my nieces
ọmọ ẹgbọn lọkunrin	nephew	noun			ọmọ ẹgbọn lọkunrin ti baba mi	my father's nephew
ọmọ ẹlẹdẹ	piglet	noun			awọn ọmọ ẹlẹdẹ	piglets
ọmọ ile iwe	student	noun			ogun ọmọ ile iwe	twenty students
ọmọ orilẹ ede	citizen	noun		a member of a country community	ọmọ orilẹ ede yi ni mi	I am a citizen
ọmọ-ọwọ	baby	noun			mo ni ọmọ-ọwọ	I have a baby
ọmọbinrin	girl	noun			ọmọbinrin ti o ga	tall girl
ọmọbinrin	daughter	noun		female child	ọmọbinrin mi	my daughter
ọmọde	toddler	noun			ọmọde, ibo lo n lọ?	toddler, where are you going?
ọmọdekunrin	young boy	noun			ọmọdekunrin yi, wa nibi!	young boy, come here!
ọmọdọ	maid	noun			ọmọdọ ni	she is a maid
ọmọge	damsel	noun			ọmọge yi rẹwa	this damsel is pretty
ọmọkunrin	boy	noun			ọmọkunrin na wa nibiyi	the boy is here
ọmọkunrin	son	noun		male child	ọmọkunrin mi	my son
omonilu	citizen	noun		a member of a country community	mo je omo nilu onile	I am a citizen
ọna	way	noun			ọna yẹn	the way
onigbagbo	Christianity	noun			onigbagbo ati onimole	Christianity and Islam
onigbagbọ	Christian	noun			onigbagbọ ati ẹlẹsin musulumi	a Christian and a Muslim
onilo	user	noun			awọn onilo melo?	how many users?
oninufunfun	upright	adjective			oninufunfun	upright person
onipanle	valiant	adjective			onipanle obinrin	valiant woman
onirẹlẹ okunrin	gentleman	noun			onirẹlẹ okunrin ti o dagba	senior gentleman
oniroyin	journalist	noun			oniroyin ni wa	we are journalists
oniṣegun	doctor	noun			oniṣegun ni obinrin yẹn	she is a doctor
oniṣekuṣe	pedophile	noun			oniṣekuṣe ni	he is a pedophile
onkọwe	writer	noun			onkọwe ni mi	I am a writer
ontaja	trader	noun			ontaja ni mi	I am a trader
oodo	zero	adjective		A number that indicates nothingness; 0	lati oodo de ẹẹsan	From zero to nine
oogun	medicine	noun			oogun ti o koro	bitter medicine
ọọkanla	eleven	adjective		the number 11	igo mọọkanla	eleven bottles
ọọni	crocodile	noun			ọọni fẹran omi	a crocodile likes water
oorun	smell	noun			mo ngbọ oorun	I sense a smell
ọpa	staff	noun			ọpa onigi	wooden staff
Ọpẹ	December	noun				December has 31 days
ọpẹ oyinbo	pineapple	noun			oje ọpẹ oyinbo	pineapple juice
opin	end	noun			opin ti de	the end has come
ọpọ	plenty	adjective			ọpọ ikunsinu	plenty of issues
ọpọ	cheap	adjective			gba ọpọ	be cheap
ọpọ ẹgbẹrun	thousands	adjective			ọpọ ẹgbẹrun ẹka	thousands of ants
opo lobinrin	widow	noun			opo lobinrin ni	she is a widow
opo lọkunrin	widower	noun			opo lọkunrin ni	he is a widower
ọpọlọ	frog	noun	ọpọlọ wun omi			a frog likes water
ọpọlọpọ	several	adjective			ọpọlọpọ ni o wa	several people came
opurọ	liar	noun			opurọ mẹta	three liars
ọrẹ	friend	noun			ọrẹ mi	my friend
ọrẹ	present	noun		see 'gift'		
ori	head	noun			ori ẹ rigidi	your big head
ori ewe	page	noun			ṣi ori ewe kejilelogun	open page twenty-two
ori fifọ	headache	noun			ogun ori fifọ	headache medicine
origun	joint	noun			na gbogbo origun ara ẹ	stretch your joints
origun	corners	noun			origun mẹrẹẹrin agbaye	all corners of the world
origun	angle	noun		the length of turn between two straight lines that meet	origun meji	two angles
origun-mẹrin	rectangle	noun			origun-mẹrin ni origun mẹrin	a rectangle has four angles
origun-mẹta	triangle	noun			origun-mẹta ni origun origun mẹta	a triangle has three angles
orii	sheabutter	noun			oorun orii	the fragrance of sheabutter
oriire	congratulations	noun			mo ki ẹ ku oriire ati iṣẹ takuntakun ti o ṣe	congratulations and well done
orilẹ aye	earth	noun			awọn eniyan orilẹ aye	people of the earth
orilẹ ede	continent	noun			orilẹ ede afrika	African continent
orilẹ ede	country	noun		a community of people living in a place with full self-government	orilẹ ede ti o ti wa	your country
orin	music	noun			ṣe orin	play music
oriṣa	god	noun			oriṣa ti o se fi ọkan tan	dependable god
ọrọ	word	noun			mo mọ ọrọ 100	I know 100 words
ọrọ	prosperity	noun			alaafia ati ọrọ	peace and prosperity
orogun	rival	noun			orogun mi ni	she is my rival
Oromo	Oromo	noun			ede Oromo	Oromo language
ororo	vegetable oil	noun			fi ororo din ẹja	use vegetable oil to fry fish
orukọ	name	noun			orukọ mi	my name
ọrun	neck	noun			tai yẹn duro ni ọrun rẹ	the tie hangs on his neck
orun	sun	noun				the sun is shining
ọrun ọwọ	wrist	noun			di ọrun ọwọ rẹ mu	hold her wrist
orunkun	knee	noun			orunkun mi	my knees
ọsan	afternoon	noun			mo ma wa ni ọsan	I will come in the afternoon
ọsan	orange	noun			ọsan mẹta	three oranges
ọsan wẹwẹ	lime	noun			omi ọsan wẹwẹ	lime juice
ọṣẹ	soap	noun			peeli ati ọṣẹ	pail and soap
ọsẹ	week	noun			ọsẹ yi	this week
oṣe	thank you	exclamation				thank you very much
ọsẹ ifoyin	toothpaste	noun				toothbrush and toothpaste
oṣelu	politics	noun			o fẹran oṣelu	you like politics
osi	left	adjective			lọ si osi	go left
oṣo	wizard	noun			oṣo ni	he is a wizard
oṣu	month	noun			oṣu kan	one month
oṣukpa	moon	noun				moon and stars
oṣuwọn	quantity	noun			oṣuwọn ohunjẹ	quantity of the food
ọta	enemy	noun			irẹwẹsi a de ba awọn ọta	enemies will tire
ọti	liquor	noun			bu ọti diẹ	pour a little liquor
otidaru	dishevelled	adjective			ṣeẹfu ti otidaru	dishevelled self
otitọ	truth	noun		state or quality of being true to someone or something	o sọrọ otitọ	she spoke the truth
ọtun	right	adjective			lọ ọtun	go right
Ọwara	October	noun				October has 31 days
Owewe	September	noun				September has 30 days
owiwi	owl	noun			ẹyẹ ni owiwi	an owl is a bird
owo	money	noun			owo ṣe iranwọ	money helps
ọwọ	hand	noun				lift up your hand
ọwọ	respect	noun			fi ọwọ wọ	show respect
ọwọ	hand	noun			gbe ọwọ rẹ si oke	lift up your hand
owo	fees	noun			owo ile iwe	school fees
owo ori	levy	noun			san owo ori	pay a levy
ọwọn	scarcity	noun			ọwọn omi	scarcity of water
owu	string	noun			owu ati abẹẹrẹ	string and needle
oye	chief	noun			o je oloye	she is a chief
oyin	honey	noun			oyin dun	honey is sweet
ọyọkẹrẹ	sluggard	noun			ọyọkẹrẹ yẹn ti sun	the sluggard is asleep
ọyọn	breast	noun			wara ọyọn	breast milk
pa	kill	verb			lati pa ewurẹ	to kill a goat
paalara	caress	verb			owo re npaalara	her hand caresses it
paki	cassava	noun			agbaba ati paki	plantain and cassava
palẹmọ	preparation	noun			ṣe palẹmọ	make preparation
paliamẹnti	parliament	noun			ẹ dibo fun lati lọ si paliamẹnti	elect her to go to parliament
pari	finish	verb			wọn maapari ohunjẹ	they will finish the food
pasiwọọdu	password	noun			paarọ pasiwọọdu	change password
patewon	clap	verb				to clap for Yaa
pe	call	verb			lati pe ọkunrin	to call the boy
peeli	pail	noun			peeli ati ọṣẹ	pail and soap
pẹjuri	perjury	noun			pẹjuri ni ile ẹjọ	perjury in court
pẹlẹbẹ	flat	adjective			tabili pẹlẹbẹ	flat table
pẹnculu	pencil	noun			pẹnculu ati gege	pencil and pen
pẹpẹ	parched	adjective			ara ti o di pẹpẹ	parched skin
pẹtẹẹsi	storey building	noun			mo n kọ ile pẹtẹẹsi	I am building a storey building
pinpin	division	noun			2/1 = 2; pinpin ni yi	2/1 = 2; this is division
po	cheap	adjective			je opo	be cheap
pọ	very	adverb			o ti gbiyanju pu pọ	you have done very well
pọju	too much	adverb			ẹkẹ eebu ẹ pọju	he insults too much
pọn	pink	adjective			awọn ẹlẹdẹ miran ma n pọn	some pigs are pink
pondoro	jar	noun			pondoro meje	seven jars
pọnmọ	cowhide	noun		cooked skin of a cow	waache ati pọnmọ	waache and cowhide
pọpu	purple	adjective			odod pọpu	purple flower
pọsu	puzzle	noun			pọsu ati aalọ	puzzles and riddles
pu pọ	very much	adverb			o ṣe pu pọ	thank you very much
pupa	red	adjective			ete pupa	red lips
pupọ	many	adjective			ọkọ pupọ	many vehicles
ra	buy	verb			lati ra ohun kan	to buy something
ran	help	verb			o nran gbogbo eniyan	you are helping everyone
rara	no	exclamation			mo so wipe rara	I say no
raurau	totally	adverb			o ti jona raurau	it is totally burnt
rẹ	your	pronoun		2nd person singular possessive pronoun		your house
rẹ	her	possessive			ile rẹ	her house
rẹ	weak	adjective			o rẹ ra	I am weak
rẹẹmu	realm	noun			iroyin ti o wa ni rẹẹmu	news of the realm
reluwe	train	noun				new train
rẹwa	pretty	adjective			obinrin ti o rẹwa	a pretty woman
rẹwa	be beautiful	verb			labalaba rẹwa	a butterfly is beautiful
rẹwa	beautiful	adjective			o rẹwa	it is beautiful
ri	find	verb			lati ri awọn ọrọ	find the word
rin	walk	verb			rin diẹ diẹ	to walk slowly
rinlẹ	great	adjective			orukọ ti o rinlẹ	a great name
rirẹ	weakness	noun			ninu rirẹ ẹ	in her weakness
ronu	think	verb			mo ronu pe ...	I think that ...
rọrun	easy	adjective			idanwo yẹn rọrun	the exam is easy
ru bi ẹfin	belch	verb			bi ẹfin	belch smoke
sa	sir	noun			ẹṣe sa	I thank you sir
ṣa	just	adverb			ṣa wo!	just see!
ṣaanu	pitiable	adjective			ọmọ yẹn ṣaanu	pitiable child
ṣaayan	pungently	adverb			o ṣaayan	smell pungently
ṣalanga	toilet	noun			lọ si ṣalanga	go to the toilet
salubata	slippers	noun				you are wearing slippers
sanmọ	sky	noun			fo lọ si sanmọ	to fly into the sky
sayilofoonu	xylophone	noun			tẹ sayilofoonu	play a xylophone
ṣẹ	break	verb			ṣẹ igi	break the stick
ṣe	make	verb			ṣe ohunjẹ	make food
se	cast	noun			se ere sinima	cast of a film
sẹ giri	goosebumps	noun			ara mi sẹ giri	I have got goosebumps
ṣẹjẹ	bleed	verb			o nṣẹjẹ	he is bleeding
sekeseke	chain	noun			oti ja sekeseke mi	she has broken my chains
Ṣẹrẹ	January	noun				January has 31 days
sere	drop	noun			sere sere ni akukọ nmu omi	drop by drop a chicken drinks water
Shoona	Shona	noun			mo le sọ Shoona	I speak Shona
si	to	preposition				from here to there
ṣibi	spoon	noun			ṣibi mẹrindinlogun	sixteen spoons
siga	cigarette	noun			mu siga kan	smoke a cigarette
siga	cigarette	noun			mu siga	smoke a cigarette
silẹ	down	adverb			kọ oju silẹ	go down
simbali	cymbal	noun			lu simbali	play the cymbals
simenti	cement	noun			awon okuta ati simenti	stones and cement
singba	liberty	noun			a ko ba wọn singba	we have liberty
sinima	cinema	noun			mo n lọ si sinima	I am going to a cinema
sinki	sink	noun			yọ omi inu sinki	drain the sink
ṣiṣẹ	work	verb			lati ṣiṣẹ lile	to work hard
sisọọsi	scissors	noun			mu sisọọsi yẹn fun mi	give me the scissors
ṣiyemeji	doubt	noun			obinrin yẹn ṣiyemeji	she has doubts
sọ	tell	verb				he is telling the story
sọ	say	verb			mo sọ wipe bẹẹni	I say yes
sọ di ofo	annul	verb			so igbeyawo di ofo	annul a marriage
so oro	talk	verb			lati so oro ju	to talk too much
sọhun	there	noun		that place	ibi sọhun	here and there
ṣokoleeti	chocolate	noun			ṣokoleeti yẹn ti gba ọpọ	the chocolate has become cheap
Somali	Somali	noun			ede Somali	Somali language
ṣọọsi	church	noun			ma lọ si ṣọọsi	go to church
sọrọ	speak	verb			lati sọrọ otitọ	to speak the truth
sugbon	but	conjunction			mo feran re, sugbon	I like it, but
suuru	patience	noun			ifẹ ati suuru	love and patience
Suwayili	Swahili	noun			ede Suwayili	Swahili language
ta	burn	verb		cause a stinging feeling	ata naa nta	the pepper burns
taba	tobacco	noun			mu taba	smoke tobacco
tabi	or	conjunction			Kofi tabi Ama	Kofi or Ama
tah	sell	verb			lati tah ile	to sell houses
taisi	taxi	noun			da taisi duro	call me a taxi
tani	who	pronoun			tani ohun	who is he?
taya	tyre	noun			yi taya	roll a tyre
tayi	tie	noun		a necktie	o so tayi mọ ọrun	the tie hangs on his neck
tẹẹrẹ	slim	adjective			eniyan tẹẹrẹ	slim person
tẹlifonu	phone	noun				her phone
temi	mine	pronoun			temi ni kini yi	this thing is mine
tente	summit	noun			oke tente	mountain summit
tẹwe	printer	noun			eni ti o n tẹwe	book printer
ti	of	preposition		expresses possession	ede ti Afrika	language of Africa
ti ẹ	his	possessive			ile ti ẹ	his house
ti ẹ	hers	pronoun			ti ẹ ni kini yẹn	this thing is hers
ti o ba jẹ bẹ	in that case	adverb			ti o ba jẹ bẹ ma bọ	in that case come
ti o bajẹ	if	conjunction			ti o bajẹ eniyan ni ifẹ rẹ	if someone loves you
ti o ṣan	liquid	adjective		flows and has constant volume	omi ti o ṣan	liquid water
tii	tea	noun			tii yẹn ladun	the tea is sweet
tikẹẹti	ticket	noun			wo tikẹẹti mi	look at my ticket
timtim	pillow	noun				pillow and bed
tirẹ	your	possessive		2nd person singular possessive pronoun	ile tirẹ	your house
tirẹ	yours	pronoun			kofi, nkan yi tirẹ ni	Kofi, this thing is yours
tirin	thin	adjective			igi tirin	thin stick
tiwọn	their	possessive			ile tiwọn	their house
tiwọn	theirs	pronoun			tiwọn ni kini yẹn	this thing is theirs
to lẹsẹsẹ	arrange	verb			to awọn aga 	arrange the chairs
Togo	Togo	noun		A country in Africa	lọ sì Togo	go to Togo
tomati	tomato	noun			tomati meji	two tomatoes
tu asiri	betray	verb			ma tu asiri mi	do not betray me
tuntun	new	adjective			ẹbi tuntun	new family
tutu	cold	adjective			omi tutu	cold water
ukulele	ukelele	noun			lu ukulele	play the ukelele
un	thing	noun		a reference to an unnamed object		the thing; the things
Ururimi	Ururimi	noun		the modern written form of the Kinyarwanda and Kirundi language. Ururimi means "language" in Kinyarwanda and Kirundi	mo le ko iwe ede Ururimi	I write Ururimi
wa	be	verb		used to indicate state of being. Has different forms depending on the subject person: I am, you are, she/he/it is, we are, they are	Mo ma wa nibe	You are an important person
wa	us	pronoun			fi han wa	show us
wa	our	possessive			ile wa	our house
wa 	come	verb			lati wa sibiyi	to come here
wa	search	verb		to look for something	wa ile rẹ	search his house
wa 	come!	verb			wa sibi	come here!
wahala	bother	noun			wahala ti pọju	too much bother
wakati	hour	noun			wakati mẹwa	ten hours
wẹ	wash	verb			lati wẹ awọn igo	to wash the bottles
wẹ	bath	verb			lati wẹ ni arọ akọ	to bath each morning
wẹbusaiti	website	noun			ṣe wẹbusaiti fun mi	make a website for me
weefu	wave	noun			weefu ti gbera	the waves are breaking
wi	talk	verb			lati wi pupo ju	to talk too much
wiwo	heavy	adjective			o wiwo	it is heavy
wo	which	determiner			ọmọ wo	which child?
wo	watch	verb			lati wo awọn bọọlu	to watch football
woli	priest	noun			woli ni imọran	a priest has advice
Wolof	Wolof	noun			ede Wolof	Wolof language
wọn	them	pronoun			fi han wọn	show them
wọn	they	pronoun		used to indicate people, or things, previously mentioned	wọn jẹun	they eat
wonu	calm	verb			fi owo wonu	calm your anger
wọnyi	these	pronoun			awọn wọnyi wa	these people came
wooli	prophet	noun			wooli ti o lagbara	powerful prophet
woṣẹ	sorcery	noun			ma woṣẹ	practise sorcery
wun	like	verb			ọpọlọ wun omi	a frog likes water
wun ni	very desirable	adjective			o wun ni pu pọ	it is very desirable
ya	borrow	verb			ya owo	borrow money
yan	select	verb		make a selection	yan iwe	to select a book
yan	bake	verb			yan burẹdi	bake bread
yanmuyanmu	mosquito	noun			yanmuyanmu ti jẹ mi	a mosquito has bitten me
yara ikeko	class	noun		academic stage in a school	owa ni yara ikeko	he is in class 2
yarun	comb	verb			lati lo iyarun ya irun re	use a comb to comb your hair
yatọ	distinguished	adjective			ọpọlọ ti o yatọ	a distinguished frog
yeepa	ouch	exclamation			Yeepa! odun mi o	Ouch! It hurts
yẹn	that	conjunction			mo sọ yẹn	I say that
yẹn	that	pronoun			ẹyẹ yẹn	that bird
yi	tough	adjective			ẹran ti o yi	tough meat
yii	this	determiner			ya mi ni iwe yii	lend me this book
yọ eso	bear fruit	verb			igi yọ eso	the tree has borne fruit
yọnda	allow	verb			yọnda wọn	allow them
Yoruba	Yoruba	noun			ede Yoruba	Yoruba language
yuka	yuca	noun			ọgẹdẹ ati yuka	plantain and yuca
