aada	habit	noun			aada bu baaxul	bad habit
aar	protect	verb			aar ñu	protect us
abal	lend	verb			abal ma téere bii	lend me this book
adduna	world	noun			xaley adduna bi	children of the world
Afrig	Africa	noun			Dem Afrig	visit Africa
afrikin	African	noun			ab afrikin laa	I am an African
ajaa	missus	noun			ajaa Clinton	Missus Clinton
ajaa	lady	noun			ajaa Danso	Lady Danso
ajaratu	miss	noun			ajaa ak ajaratu	lady and young lady
àjjuma	Friday	noun			xale yu judd àjjuma	Friday children
ak	and	conjunction			Kofi ak Ama	Kofi and Ama
ak	with	conjunction			Kofi ak Ama	Kofi with Ama
Akan	Akan	noun		a language group originating from West Africa	Damay làkk Akan	I speak Akan
aksidaan	accident	noun			aksidaan ndaamar	car accident
alal	prosperity	noun			jàmm ak alal	peace and prosperity
àlarba	Wednesday	noun			xale yu judd àlarba	Wednesday children
aligatoor	alligator	noun			aligatoor am na geen	an alligator has a tail
all	forest	noun			mala yi ci biir all bi	animals in the forest
alluwa kër	keyboard	noun			bësal "k" ci alluwa kër gi	press "k" on the keyboard
almiñëm	aluminium	science			almiñëm (Al) amna fukk ak ñetti feppsaal	aluminium (Al) has 13 protons
altine	Monday	noun			xale yu judd altine	Monday children
alxames	Thursday	noun			xale yu judd alxames	Thursday children
Alzeri	Algeria	noun			dem Alzeri	go to Algeria
am	have	verb			am xaalis	she has money
am	get	verb			am téere bi	get the book
am	have	verb			amna xaalis	she has money
am	his	possessive			kër am	his house
am	its	possessive			kër am	its house
am solo	important	adjective			nit ku am solo nga	you are an important person
ameel	owe	verb			dama la ameel	I owe you
amul dara	empty	adjective			siwo bu amul dara	empty bucket
ananaas	pineapple	noun			ndoxu ananaas	pineapple juice
angale	English	noun			damay wax angale	I speak English
anterenëer	coach	noun			anterenëeru ekib fudbal	a football team coach
are	stop	noun			are kaar	bus stop
argoŋ	argon	science			argoŋ (Ar) amna fukk ak juróom ñetti feppsaal	argon (Ar) has 18 protons
arminaat	calendar	noun			arminaat bu bees	a new calendar
arteer	artery	noun		arteries carry blood away from the heart	arteer bu yaatu	a large artery
artu	warn	verb			artu kenn	warn someone
asalaam alékum	good morning	exclamation			asalaam alékum Kofi	good morning Kofi
asamaan	sky	noun			naaw ci asamaan ci	to fly into the sky
asot	nitrogen	science			asot (N) amna 7 feppsaal	nitrogen (N) has 7 protons
at	age	noun			say at	your age
at	year	noun			at bu bees dikk na	a new year has come
ataaya	tea	noun			ataaya ji neex na	the tea is sweet
atekat	lawyer	noun			ñeenti atekat	four lawyers
atekat	judge	noun			juróom ñaari atekat	seven judges
atome	atom	science			ab atome amna ab noyau ak ay electron	an atom has a nucleus and electrons
atte	judgement	noun			ban atte?	which judgement?
awril	April	noun			Awril amna 30 fan	April has 30 days
Awsa	Hausa	noun			làkku Awsa	Hausa language
ayrapoor	aeroplane	noun			ñaari ayrapoor	two aeroplanes
ayropoor	airport	noun			mangui dem ca ayropoor ba	I'm going to the airport
ayubés	week	noun			ayubés bii	this week
ayyà	ouch	exclamation			Ayyà! Dafay métti	Ouch! It hurts
ba beneen	goodbye	exclamation			waxal ba beneen	say goodbye
baaraam	finger	noun			won ma sa baaraam	show me your finger
baaraamu dëy	thumb	noun			jëfandikool sa baaraamu dëy nguir woote	use your thumb to vote
baat	voice	noun			wacceel sa baat	soften your voice
baat	neck	noun			karawaat bi mingi ci baat bi	the tie hangs on his neck
baat	sentence	noun			ay kaddu ñoy indi baat	words join to make sentences
baatukaay	dictionary	noun			baatukaayu nataal	picture dictionary
baax	good	adjective			ab kado bu baax	a good gift
baax	well	adverb			def ko bu baax	do it well
baax	right	adjective			dem bu baax	go right
baax na	well done	exclamation			liggéey bi baax na!	job well done!
baay	father	noun			sama doomu baay sama ràkk mbaa mag la	my father's child is my sibling
bakkan	nose	noun			nopp ak bakkan	ear and nose
bàl	ball	noun			fowee bàl	play ball
bala	before	preposition			lékk bala (nga) nelaw	eat before (you) sleep
bale	broom	noun			bale ak ànukaay	broom and dustpan
bañ	hate	verb			bañ ku tayal	to hate laziness
bàn	mud	noun			raxasal bàn bi	wash the mud
ban	which	determiner			ban xale?	which child?
banaana	plantain	noun			banaana ak ñambi	plantain and cassava
banaana	banana	noun			golo bëgg na banaana	a monkey likes bananas
bang	stool	noun			toogal ci kaw bang bi	sit on the stool
bànk	bank	noun			sama xalis mu ngi ci bànk bi	my money is at the bank
bann	clay	noun			ndaa wu bann	clay vase
bant	stick	noun			dammal bant bi	break the stick
bantu balé	broomstick	noun			fukki bantu balé	ten broomsticks
banxaas	branch	noun			banxaas u njaboot	family branch
baraamu tànk	toe	noun			baraamu tànk ak suufu tànk	toe and heel
barab	area	math		a quantity that represents the size of a surface	barab (nàttu koñ) = gudaay x yaatuwaay	area (rectangle) = length x width
bare	many	adjective			oto yu bare	many vehicles
barigo	barrel	noun			fecalil barigo bi	fill up the barrel
bàsang	mat	noun			lalal ab bàsang	spread out a mat
bataaxal	letter	noun			bind bataaxal	to write a letter
bataaxal	message	noun			bi bataaxal bi dikkée	when the message arrived
batañse	eggplant	noun			suppu batañse	eggplant stew
batari	battery	noun			batari bu bees	a new battery
bax	boil	noun			ab bax-bax métina	a boil is painful
bayi	leave	verb			bayi ko ginaaw	leave it behind
baykat	farmer	noun			ab baykat la	she is a farmer
bayyi	cancel	verb			bayyi ndaje mi	cancel the meeting
bàyyi	stop	verb			bàyyi def briwi	stop making noise
bé	to	preposition			fii bé fëlé	from here to there
bees	new	adjective			njàbóot bu bees	new family
bég	happy	adjective			tay bësu mbégté la	today is a happy day
bëgg	like	verb			mbott dafa bëgg ndox	a frog likes water
bëgg	want	verb			bëgg na ñeenti téere	I want four books
bëlé	that	determiner			xaj bëlé	that dog
bëñ	tooth	noun			bëñ bu weex	white tooth
Benee	Benin	noun		A country in Africa	dem Benee	go to Benin
benn	one	adjective			Amna benn biteel bu nekk ci kaw kër gi	There is one bottle standing on top of the house
bennoo	unity	noun			bennoo ak jamm	unity and peace
bérëp	place	noun			ban bérëp?	which place?
bériliëm	beryllium	science			bériliëm (Be) amna ñeentti feppsaal	beryllium (Be) has 4 protons
bës	click	verb			bësal fii	click here
bët	eye	noun			bët ak yeel	eye and eyebrow
bèy	goat	noun			ab bèy ak ab xàr	a goat and a sheep
bi	the	determiner			kër bi	the house
bi nga	when	conjunction		at the time	ñëwoon bi nga demee	he came when you went
bidiw	star	noun			ay bidiw yu bari	plenty of stars
bii	goal	noun			dugal bii	score a goal
biir	abdomen	noun			biiru xaj	abdomen of a dog
biir	stomach	noun			biir bu rey	big stomach
biis	bus	noun			are biis	bus stop
bind	write	verb			bind ab bataaxal	to write a letter
bind kat	creator	noun			Yalla bind kat	creator god
bindkat	writer	noun			Ab bindkat laa	I am a writer
biro	office	noun			sama biro yaay	the office of my mother
bis	date	noun			tey la bàn bis	which date is today?
bis	day	noun			bis bi jot na	the day has arrived
bisnes	business	noun			bisnes ak politig	business and politics
bisu jajëfël	thanksgiving	noun			liggéeyu jajëfël	thanksgiving service
bisu-judd	birthday	noun			tey mooy sama bisu-judd	today is my birthday
biteel	bottle	noun			juróomi biteel	five bottles
biti	outdoors	noun			dem ca biti	go outdoors
biti	outside	noun			dem ca biti	go outside
bitik	store	noun			dinaa jënd ñam ci bitik bi	I will buy food from the store
bitim rew	abroad	noun			dafay dem bitim rew	she goes abroad
biyolosi	biology	noun		the study of living things	ñun ñu ngui jang biyolosi	we are learning biology
bolog	blog	noun			bologu ñàm	food blog
bón	bad	adjective			xàc bu bón	bad dog
bool	bowl	noun			bool bu xonk	a red bowl
booloo	join	verb			kaddù yi ñoy booloo nekk baat	words join together to make sentences 
bóom	murder	noun			wax ak bóom	gossip and murder
boppa	self	noun			sama boppa, sa boppa	myself, yourself
boppë	head	noun			sa boppë bu rëy	your big head
borom	owner	noun			borom ndaamar bi	the owner of the car
borom	proprietor	noun			moom borom la	she is a proprietor
borom xam-xam	savant	noun			ay borom xam-xam la ñu	they are savants
borosu bëñ	toothbrush	noun			borosu bëñ ak pàtt	toothbrush and toothpaste
boroŋ	boron	science			boroŋ (B) amna 5 feppsaal	boron (B) has 5 protons
borr	debt	noun			amna ay borr yu bari	he has many debts
bosam	hise	pronoun		his	lii basam la	this thing is his
boyet	box	noun			boyet A moo gën a rey boyet B	box A is bigger than box B
bu	of	preposition		expresses possession	làkk bu Afrik	language of Africa
bu baax	fine	adjective			dëmb ko bu baax	grind it finely
bu ci nekk	each	adjective			lëf bu ci nekk	each thing
bukki	wolf	noun			ñaari bukki	two wolves
bulo	blue	adjective			yére bu bulo	blue dress
bum	tie	noun		a necktie	bum gi mingi ci baatam	the tie hangs on his neck
bùm	chain	noun			dagg na samay bùm	she has broken my chains
bunt	door	noun			tëjal bunt bi	close the door
Burkina Faso	Burkina Faso	noun			dem Burkina Faso	go to Burkina Faso
butit	kidney	noun			muus am na butit	a cat has a kidney
buumi	queen	noun			ab buumi la	she is a queen
buur	king	noun			ab buur la	he is a king
ca	at	preposition			fekk ma ca kër ga	meet me at home
ca kanam	forward	preposition			dem ca kanam	go forward
caabi	lock	noun			juróomi caabi	five locks
caabi	key	noun			buntu ak caabi	door and key
cacao	cocoa	noun			garabou cacao	cocoa tree
càkk	necklace	noun			càkku iwaar	ivory necklace
càmmoñ	left	adjective			dem ci sa càmmoñ	go left
carax	slippers	noun			ay carax nga sol	you are wearing slippers
carax	slippers	noun			ya ngi sol say carax	you are wearing slippers
caso	jail	noun			dem caso	go to jail
caso	prison	noun			dem caso	go to prison
cax	riddle	noun			firndé ak cax	puzzles and riddles
ceeb	rice	noun			ceebu ñebe	rice and beans
céet	wedding	noun			céet lanu jëm	we are going to a wedding
cër	respect	noun			jox cër	show respect
Chewa	Chewa	noun			làkk Chewa	Chewa language
ci biir	in	preposition			mingi ci biir kër gi	it is in the house
ci biir	inside	adverb			dem ci biir	go inside
ci kanam	later	adverb			dinañu lekk ci kanam	they will eat later 
ci kanam	future	noun			gis na mbekte ci sa kanam	I see luxury in your future
ci kanam	soon	adverb			dina ñëw ci kanam	she is coming soon
ci suuf	under	preposition			dina fomp ci suufu taabal bi	she will sweep under the table
cof	peck	verb			genaar gi mingi cof mbokk	the chicken is pecking corn
coñ	angle	noun		the length of turn between two straight lines that meet	ñaari coñ	two angles
coono	suffering	noun			ragal ak coono	fear with suffering
coow	noise	noun			bayyil coow li	stop making noise
cu	stew	noun			togg cu	make stew
daa	ink	noun			daa ci xalima	ink in a pen
daan	win	verb			daan ab jongante	to win a competition
daan	defeat	noun			ndam ak daan	victory and defeat
daanu	fall	verb		move downward	ab bum daanu na ci mbaaru kër gi	a rope fell from the roof of the house
daara	school	noun		a place where learning happens	ci daara ji la mënee jàng	I learn to read at school
dafay	he	pronoun		used to indicate one male person previously mentioned	dafay lékk	he eats
dafay	it	pronoun		subject pronoun for non-humans	dafay daanu	it falls
dàgg	cut	verb			dàgg gato bi ñaari pàcc	to cut the cake in two
daje	meet	verb			nañu daje kër ga	meet me at home
dàl	comfort	noun			mey ma ab dàl	give me comfort
dal	favour	noun			dal ak mbaax	favour and kindness
dalal ak jàmm	welcome	exclamation			dalal ak jàmm	welcome welcome!
dàll	shoe	noun		footwear that covers all of the foot	solal say dàll	wear your shoes
damay	I	pronoun		used to indicate oneself	Damay lékk	I eat
damm	break	verb			dammal bant bi	break the stick
dangay	you	pronoun		second person plural pronoun	dangay lékk	you eat
dañuy	they	pronoun		used to indicate people, or things, previously mentioned	dañuy lékk	they eat
dara	something	noun			téeyé dara bu baax	to hold something firmly
dara	something	pronoun			won ma dara	show me something
dara	nothing	noun			amuma dara	I have nothing
darap	blanket	noun			darap bu weex	wet blanket
daw	run	verb			daw ni ñomboor	to run like a hare
dawal	drive	verb			dawal oto	drive a car
dee	death	noun			bérëp u dee	place of death
dee	die	verb			dee ci bi ngay ndaw ci po	to die young in the play
déet	no	exclamation			neena déet	I say no
def	do	verb		to make	mu ngi def dara	she is doing something
defar	create	verb			defar lu bees	create something new
dëgër	hard	adjective			dafa dëgër	it is hard
dégg	hear	verb			dégg na mbiip bi	she heard the whistle
dëgg	truth	noun		state or quality of being true to someone or something	waxna dëgg	she spoke the truth
dëgg	true	adjective			dëgg la	it is true
dëggëntaan	truly	adverb			Yalla dafa baax dëggëntaan	truly God is good
déglu	listen	verb			déglu wor	to listen to music
déglukaay	earpiece	noun			déglukaay bu bees	new earpiece
déglukat	listener	noun			salamalekum déglukat yi	hello listeners
dëj	funeral	noun			dëj laa jëm	I am going to a funeral
dëkaale	citizen	noun		a member of a country community	ab dëkaale laa	I am a citizen
dëkk	city	noun			dëkk bu yaatu	a large city
dëkk	live	verb			fii lañu dëkk	we live here
dëkk	town	noun			dem dëkk ba	go into town
dëkk	village	noun			damay dem sama dëkk	I am going to my village
dekki	resurrection	noun			dekkib Christ bi	the resurrection of Christ
dekki	revival	noun			dekki amna ci dëk bi	revival has come to town 
dëkkuwaay	address	noun			sa dëkkuwaay	your address
dëkkuway	lodge	noun			toogal ci dëkkuway bi tuuti	stay at the lodging for a while
dëkkuway	habitat	noun			dëkkuwayu mala yi	habitat of animals
dellu	return	verb			dellu kër ga	to return home
dem	go	verb			dem ci daara ji	to go to school
demb	yesterday	adverb			demb la ñëw	she arrived yesterday
dëmm	witch	noun			ab dëmm la	she is a witch
dëmm	devil	noun			bul ragal dëmm yi	don't fear devils
deñcc	save	verb			deñcc ko	save it
dëng tànk	bow-legged	adjective			goor gu dëng tànk	bow-legged man
dënn	chest	noun			kawaru dënn	chest hair
der	hide	noun			der u mala	animal hide
deret	blood	noun			ndox ak deret	water and blood
derr	skin	noun			derr bu wow	dry skin
Desambar	December	noun			Desambar amna 31 fan	December has 31 days
dèx	lake	noun			dèx bi fees na	the lake has overflowed
dex	river	noun			dex ci géej gi la jëm	a river goes into a sea
dibéer	Sunday	noun			Kwasi ak Akosua ci bisu dibéer lañu judd	Kwasi and Akosua are Sunday children
dig	promise	noun			dig ma dara	give me a promise
digal	advice	noun			ab pretar dafay digale	a priest has advice
digël	advise	verb			Samia mingi digël Olu	Samia advises Olu
diiplom	certificate	noun			bo paree daara dinga am diiplom	when you complete school you get a certificate
diir	duration	noun			diiru ñéent fukki waxtu	forty-hour duration
diis	heavy	adjective			dafa diis	it is heavy
dimbali	help	verb			ya ngi dimbali ñépp	you are helping everyone
dindi	remove	verb			dindi dàll yi fii	to remove the shoes from here
diwlin	vegetable oil	noun			jëfandikoo diwlin ŋir saaf jën	use vegetable oil to fry fish
dof	folly	noun			yëfu dof rek la	it is just folly
dof	fool	noun			dof! ñàkk xel!	Fool! Dimwit!
doj	rock	noun			doj wu màg	a big rock
doktor	doctor	noun			ki ab doktor la	she is a doctor
doktor	nurse	noun			ab doktor la	she is a nurse
dolli	add	verb			dolli suukar	add sugar
dong	just	adjective			lii ab ndof dong la	it is just folly
doole	power	noun			doole ak kattan	strength and power
doole	strength	noun			doole ak ndëgërlaay	strength and power
doom	baby	noun			Am na doom	I have a baby
dóom	ash	noun			këriñ ak dóom	charcoal and ashes
doom	child	noun			sama doomu yaay sama ràkk la	my mother's child is my sibling
doom bu goor	son	noun		male child	sama doom bu goor	my son
doom bu jigeen	daughter	noun		female child	sa doom bu jigeen	my daughter
doomu tubaab	doll	noun			sama doomu tubaab	my doll
dóor	beat	verb			dóor kenn	beat someone
door	bum	noun			door bu mak	large bum
door	start	verb			door ci teel	to start early
dóor	hit	verb			bul ma dóor	do not hit me
dox	walk	verb			dox ndànk	to walk slowly
doxal	plan	verb			benn bopp du doxal	one head does not plan
doxalin	manner	noun			doxalinam dafa reetaanlu	his manner is amusing
doxantu	stroll	noun			dem doxantu	take a stroll
doxot	fart	noun			doxotam dafa xasaw	her fart smells badly
dugg	enter	verb			dugg ci neeg bi	enter into the room
dugg	application	noun			dugg ci liggéey	job application
dugùb	millet	noun			ruyu dugùb	millet porridge
dun	island	noun			dunu Seychelles	Seychelles island
dund	life	noun			dundal sa dund bu baax	live your life well
dund	supply	noun			ñaan ak dund	demand and supply
dùnk	feather	noun			dùnkku picc	bird's feathers
ebola	ebola	noun			ebola ab feebar la	ebola is a disease
Ecopi	Ethiopia	noun		A country in Africa	dem Ecopi	go to Ethiopia
elektron	electron	science			ab elektron maas -1 la am	an electron has a charge of -1
eliyëm	helium	science			eliyëm (He) amna 2 feppsaal	helium (He) has 2 protons
empeer	odd	mathadj			1 nimero empeer la	1 is an odd number
ëpp	blow	verb			ëpp ngélaw	blow air
Eritéré	Eritrea	noun			dem Eritéré	go to Eritrea
estaasiong	station	noun			estaasiong otoraay	train station
ëtt	yard	noun			ëtt bu mag	big yard
ëtt	backyard	noun			ëtt bi dafa fes ak ñax	the backyard is overgrown
ëtu atekaay	court	noun			ma ngi dem ci ëtu atekaay bi	I am going to court
ëw	oh	exclamation			ëw sama rakk	oh my sister!
faaw	infinity	noun		the number ∞	lim bo séddëlé ak neen mu jox la faaw	if you divide any number by zero, you get infinity
fàj	heal	verb			fàj feebar	heal disease
fàjar	dawn	noun			fàjar lañ fiy joge	we will leave here at dawn
fàjar	daybreak	noun			fàjar ak timis	daybreak and nightfall
fakastalu	stumble	verb			dafa fakastalu	she stumbled
fàn	where	adverb			fàn nga dëkk?	where do you live?
fanu weer	thirty	adjective		the number 30	fanu weeri biteel	thirty bottles
fànuweer	ninety	adjective		the number 90	fànuweeri biteel	ninety bottles
fas	horse	noun			fas bu weex	white horse
fasu àll	zebra	noun			juróom ñaari fasu àll	seven zebras
fàtaliku	remember	verb			ya ngi may fàtaliku?	you remember me?
faté	forget	verb			dama faté	I have forgotten
fatte	forgetfulness	noun			fatteem	her forgetfulness
fay	compensation	noun			jot nga sa fay?	have you received your compensation?
fay	pay	verb			dinaa fay	I will pay
fay	inactive	noun			dafa fay	he is inactive
fécc	dance	verb			fécc ak kontaan	to dance with joy
feebar	weak	adjective			dama feebar	I am weak
feebar	sickness	noun			bàn féébar nga ame?	what sickness have you?
feebar	disease	noun			fàj feebar	heal disease
feeñal	this	determiner			feeñal dëgg bi	lend me this book
feeñal	reveal	verb			feeñal dëgg bi	reveal the truth
feeñal	revelation	noun			dafa amoon ab feeñal	he had a revelation
fees	full	adjective			siwo bu fees	full bucket
feet	party	noun			mangi dem feet	I am going to a party
feewriye	February	noun			Feewriye amna 28 fan mbaa 29 fan	February has 28 or 29 days
fégukaay	fence	noun			ci ganaw ab fégukaay	behind a fence
fèl	louse	noun			fèlu ginaar	chicken lice
fel	louse	noun			fellu ganaar	chicken lice
fëlé	there	noun		that place	fii ak fëlé	here and there
fëlé	there	adverb			dina dem fëlé	she will go there
fen	lie	noun			ab fen la	it is a lie
fenkat	liar	noun			ab fenkat la	she is a liar
feppsaal	proton	science			ab feppsaal maas +1 lay am	a proton has a charge of +1
féwëló	friction	noun			féwëló amna sunu diganté	friction came between us
féwëloo	discord	noun			fen ak féwëloo	lies and discord
fii	here	noun		this place or this position	dem luko dalee fii	go from here
fii	here	adverb			bësal fii	click here
firndé	puzzle	noun			firndé ak cax	puzzles and riddles
fisée	file	noun			fisée ordinaatër	computer file
fisik	physics	noun		the study of the laws of the universe	ñun ñu ngui jang fisik	we are learning physics
fitna	worry	noun			ay fitna yu bare	many worries
fluyoor	fluorine	science			fluyoor (F) amna 9 feppsaal	fluorine (F) has 9 protons
fo	play	verb			ñun ñu ngi fo	we are playing
fokkole	covetuousness	noun			fokkole baaxul	covetuousness is not good
foolu	entertaining	adjective			dafa foolu	it is entertaining
fóon	kiss	verb			fóon sama tuñ	kiss my lips
foos	gutter	noun			foos bi amna ndox	there is water in the gutter
fóot	wash	verb			fóot ay yere	wash clothes
fosfoor	phosphorus	science			fosfoor (P) amna 15 feppsaal	phosphorus (P) has 15 protons
fukk	ten	adjective		the number 10	fukki biteel	ten bottles
fukk ak benn	eleven	adjective		the number 11	fukk ak benni biteel	eleven bottles
fukk ak juróom	fifteen	adjective		the number 15	fukk ak juróomi biteel	fifteen bottles
fukk ak juróom benn	sixteen	adjective		the number 16	fukk ak juróom benn biteel	sixteen bottles
fukk ak juróom ñaar	seventeen	adjective		the number 17	fukk ak juróom ñaari biteel	seventeen bottles
fukk ak juróom ñeent	nineteen	adjective		the number 19	fukk ak juróom ñeenti biteel	nineteen bottles
fukk ak juróom ñett	eighteen	adjective		the number 18	fukk ak juróom ñetti biteel	eighteen bottles
fukk ak ñaar	twelve	adjective		the number 12	fukk ak ñaari biteel	twelve bottles
fukk ak ñeent	fourteen	adjective		the number 14	fukk ak ñeenti biteel	fourteen bottles
fukk ak ñett	thirteen	adjective		the number 13	fukk ak ñetti biteel	thirteen bottles
fukki-coñ	decagon	noun			ab fukki-coñ fukki coñ la am	a decagon has ten angles
ful	multiplication	noun			2x1=2; loolu mooy ful	2 x 1 = 2; this is multiplication
furno	stove	noun			furno gaas	gas stove
furset	fork	noun			furset ak paaka	fork and knife
furwi	fruit	noun			witt furwi	pluck fruit
futbal	soccer	noun			jonganté ci futbal	football competition
fuur	bake	verb			mburu fuur	bake bread
gaal	canoe	noun			gaal ak jow	canoe and paddle
gaal	ship	noun			gaal gu mag	a big ship
gaal	boat	noun			gaal gu xonk	red boat
gaaras	garage	noun			gaaras oto	car garage
gaaw	quickly	adverb			sa doxiin dafa gaaw	you walk quickly
Gaawu	Saturday	noun		day of the week	xale yu judd Gaawu	Saturday children
gacce	disgrace	noun			rus ak gacce	shame and disgrace
gacce	shame	noun			gacce ak rùs	shame and disgrace
GaDangme	GaDangme	noun		Ga. A West African people; their language	damay lakk GaDangme	I speak GaDangme
gaïnde	lion	noun			gaïnde yapp lay lekk	a lion eats flesh
gal-gal	encourage	verb			gal-gal ko	encourage her
gal-gal	encouragement	noun			gal-gal ak mbégté	encouragement and joy
galoŋ	gallon	noun			galoŋu ndox	a gallon of water
gan	guest	noun			ab gan laa	I am a guest
gàn	foreigner	noun			gàn yi ñëw nañu	the foreigners have arrived
Gana	Ghana	noun		a country in Africa	Nit ñi dëkk Gana ay Gana-gana lañ leen di woowee	people from Ghana are called Ghanaians
ganaar	chicken	noun			yàppu ganaar	chicken meat
ganaaw	behind	preposition			demal ci ganaaw	go behind
ganaaw	back	noun		rear or reverse surface of a thing	ganaaw buntu bi	the back of the door
ganaay	arm	noun			yëkëtil sa ganaay	lift up your arm
ganar	cockerel	noun			ganar guy sap	a cockerel is crowing
gàñcax	plant	noun			gàñcax gu xonxa	red plant
gandax	wave	noun			gandax yangi tass	the waves are breaking
gannàw	buttocks	noun			gannàw gu rëy	big buttocks
garab	tree	noun			saxal garab	plant a tree
garam	gramme	noun			fukki garam	ten grammes
gato	cake	noun			dinanu lekk gato bi	we will eat the cake
gato	pie	noun			ñetti gato	three pies
gàtt	short	adjective			góor gu gàtt	short man
Gbe	Gbe	noun			làkkum Gbe	Gbe language
géej	sea	noun			dex ci géej gi la jëm	a river goes into a sea
geen	tail	noun			muus am na geen	a cat has a tail
gëm	believe	verb			gëmal Kofi	believe Kofi
gemeñ	mouth	noun			sama gemeñ	my mouth
gënaatle	favouritism	noun			dakkal gënaatle bi	stop the favouritism
gënn	mortar	noun			cuur ak gënn	pestle and mortar
génne	withdraw	verb			dina génne xaalis	she will withdraw money
gént	dream	verb			gént lu bare	to dream a lot
gerees	grease	noun			gerees ci biir poll	grease in a pan
gerte	groundnut	noun			mbokk ak gerte	corn and groundnuts
giiñ	oath	noun			giiñ wu mag	great oath
giléem	camel	noun			juroóm benni giléem	six camels
Giné	Guinea	noun		A country in Africa	dem Giné	go to Guinea
gis	see	verb			gis ay bey	to see ghosts
gis	find	verb			gis baat bi	find the word
gitim	widower	noun			ab gitim la	he is a widower
gitim	widow	noun			gitim la	she is a widow
godorong	coaltar	noun			godorong bu tàng	hot coaltar
golo	monkey	noun			golo dafa bëgg banana	a monkey likes bananas
gong gong	gong gong	noun			fo gong gong	play the gong gong
góom	sore	noun			xaj bi mingi marr góomam	the dog is licking its sore
goor	man	noun			goor gu njool	a tall man
góor	male	noun			Mandela góor la	Mandela is male
góor gi	sir	noun			mangi lay sant góor gi	I thank you sir
goro	inlaw	noun			sunuy goro	our inlaws
gox	continent	noun			goxu Afrik	African continent
gox	neighbourhood	noun			ci benn gox bi lanu dëkk	we live in the same neighbourhood
gox	realm	noun			xibaaru gox bi	news of the realm
gudaay	height	noun			gudaay ak yatuwaay	height and width
guddi	night	noun			juróom ñetti waxtu ci guddi	8 o'clock in the night
guddu	large	adjective		very big	segg bu guddu	a large tiger
guddu	long	adjective			sikkim bu guddu	long beard
guwernëer	governor	noun			moom moy guwernëer bi	she is the governor
hallelujah	hallelujah	exclamation		means "God be praised"	woy hallelujah	sing hallelujah
idorosen	hydrogen	science			idorosen (H) amna 1 feppsaal	hydrogen (H) has 1 proton
Igbo	Igbo	noun			làkku igbo	Igbo language
ilif	command	verb			ilif ab soldaar	to command a soldier
imeel	email	noun			bindal imeel bi	print the email
indaale	carry	verb			indaale téere bi	carry the book
indi	bring	verb			dina indi ab téere	he will bring a book
indi	carry	verb			indil téere bi	carry the book
indigoo	indigo	adjective			yére bu indigoo	indigo cloth
iniwersité	university	noun			Iniwersité Legon	Legon University
inseñër	engineer	noun			ab inseñër dafay defar ay jumtukaay	an engineer makes tools
intere	interest	noun			intereb bor	loan interest
internet	internet	noun			yoonu internet	internet link
ipopotaam	hippopotamus	noun		also called a hippo	ipopotaam biir bu rey la am	a hippopotamus has a big stomach
jaajëf	congratulations	noun			jaajëf baax na	congratulations and well done
jaal	gap	noun			moom amna jaal bu rafet ci digënté bëñ yi	she has a beautiful gap between her teeth
jaam	slave	noun			sama jaam	my slave
jaan	snake	noun			jaan amul tank	a snake has no legs
jaanggakat	student	noun			ñaar fukki jaanggakat	twenty students
jaar	squirrel	noun			jaar dafa bëgg doomu tiir	a squirrel likes palm nuts
jaasi	cutlass	noun			joxma jaasi bi	give me the cutlass
jaasiir	barren	adjective			jigeen bu jaasiir	barren woman
jaaxal	amazing	adjective			leeb buy jaaxalaate	amazing story
jaay	sell	verb			jaay ay kër	to sell houses
jaay dole	oppression	noun			bii jaay dole!	such oppression!
jaba	market	noun			dem jaba	go to market
jàbar	wife	noun			sama jàbar ak samay doom	my wife and my children
jafe	difficult	adjective			jongante bi dafa jafe	the exam is difficult
jafe	difficult	adjective			xayma bii jafe na	the exam is difficult
jafe-jafe	worry	noun			Ay jafe-jafe yu bari	many worries
jam-jam	injection	noun			ab jam-jam dafa metti	an injection is painful
jambaar	warrior	noun			jambaaru démbë	warrior of antiquity
jambaar	warriors	noun			jambaar yaangi ñew	the warriors are coming
jambaar	brave	adjective			goor gù jambaare	brave man
jàmm	peace	noun			dama bëgg jàmm	I want peace
jàng	read	verb			jàng ab téere	to read a book
jàng	learn	verb			dañuy jàng ab làkk	they learn a language
jangal	train	verb			dina ma jangal	he will train me
jangale	teach	verb			jangale xam-xamu xayma	to teach mathematics
jàngalekat	teacher	noun			ab jàngalekat la	I am a teacher
jàngu	church	noun			dem ci jàngu bi	go to church
jàpp	catch	verb			jàpp bal bi	catch the ball
jappaleway	assistant	noun			sama jappaleway	my assistant
jarag	patient	noun			jarag yi fii lañuy nelawee	the patients sleep here
jarbaat	nephew	noun			sama jarbaatu baay	my father's nephew
jarbaat	niece	noun			samay jarbaat	my nieces
jàrgoñ	spider	noun			lëngu jàrgoñ	spider's web
jasit	crocodile	noun			jasit dafa bëgë ndox	a crocodile likes water
jaxaay	eagle	noun			ñaari jaxaay	two eagles
jaxase	mix	verb			jaxase tamaate ak kaani	to mix tomatoes and pepper
jë	forehead	noun			xoolal jë wam bi	look at her forehead
jébaane	gossip	noun			jébaane baaxul	gossip is not good
jeexal	finish	verb			dinañu jeexal ñam wi	they will finish the food
jeexital	end	noun			jeexital bi dikk na	the end has come
jëfandikoo	use	verb			nii nga koy jëfandikoo	you will use it like that
jëfandikukat	user	noun			ñaatà jëfandikukat	how many users?
jéggal	forgiveness	noun			mbëgél, nangu ak jéggal	love, acceptance and forgiveness
jéggi	cross	verb			jéggi dex gi	cross the stream
jëkër	husband	noun			bëgg naa sama jëkër	I love my husband
jekkal	arrange	verb			jekkal siis yi	arrange the chairs
jël	take	verb			jël garab	to take medicine
jëm	to	preposition			bawoo fii jëm fële	from here to there
jém-jém	effort	noun			jém-jém bu baax	a good effort
jëmm	character	noun			jëmmam	her character
jën	fish	noun			jën bunu saaf	fried fish
jënd	purchase	verb			jënd lu néew	purchase a few things
jënd	buy	verb			jënd lènn	to buy something
jërëjëf	thank you	exclamation			jërëjëf bu baaxa baax	thank you very much
jigeen	woman	noun			jigeen ju taaru	a pretty woman
jigéen	female	noun		the gender that has the egg in making offspring	lëfu jigéen	female's womb
jiin	jeans	noun			jiin bu bulo	blue jeans
jiit	scorpion	noun			ab jiit bu ñuul	a black scorpion
jiité	govern	verb			jiité Gana	govern Ghana
jinax	mouse	science			jinaxu ordinaatër	computer mouse
jinax	mouse	noun			jinax bu mag	a big mouse
jingeer	ginger	noun			suppu jingeer	ginger soup
jinné	ghost	noun			gisnaa ab jinné	I see a ghost
jitël	bodice	noun			dafa sol jitël	she wears a bodice
jog	stand	verb			jog taxaw temb	to stand slowly
jolof	jollof	noun			jolof ñam la	jollof is food
jongante	exam	noun			jongante bi dafa yomb	the exam is easy
jongante	competition	noun			jongante ci fùtbal	football competition
joolooli	bell	noun			joolooli daara	school bell
joow	paddle	noun			gaal ak joow	canoe and paddle
jooy	cry	verb			jooy saa su nekk	to cry each time
jottali kat	spokesperson	noun			jottali katu njiit bi	the chieftain's spokesperson
jox	deliver	verb		send to someone	jox ma xaalis	deliver money to me
jox	give	verb			jox ko ndox mi	give the water to him
jùb	straight	adjective			yoon wu jùb	straight road
julë	trader	noun			ab julë laa	I am a trader
jullit	muslim	noun			ab krecen ak ab jullit	a Christian and a Muslim
juni	thousand	adjective		the number 1000	juniy biteel	thousand bottles
junkob	crab	noun			supp junkob	crab soup
jur	birth	verb			jur ay seex	to birth twins
juróom	five	adjective		The number 5	juróomi biteel	Five bottles
juróom benn	six	adjective		The number 6	juróom benni biteel	six bottles
juróom fukk	fifty	adjective		the number 50	juróom fukki biteel	fifty bottles
juróom ñaar	seventy	adjective		the number 70	juróom ñaar biteel	seventy bottles
juróom ñaar	seven	adjective		The number 7	juróom ñaari biteel	seven bottles
juróom ñeent	nine	adjective		The number 9	juróom ñeenti biteel	Nine bottles
juróom ñett	seventy	adjective		the number 70	juróom ñetti biteel	seventy bottles
juróom ñett	eight	adjective		The number 8	Juróom ñett biteel	Eight bottles
juróom ñett fukk	eighty	adjective		the number 80	juróom ñett fukki biteel	80 bottles
juróom-benni-coñ	hexagon	noun		a polygon with six angles	ab juróom-benni-coñ juróom benni coñ la am	a hexagon has six angles
juróom-coñ	pentagon	noun			ab juróom-coñ juróom coñ la am	a pentagon has five angles
juróom-ñaari-coñ	heptagon	noun			ab juróom-ñaari-coñ juróom ñaari coñ la am	a heptagon has seven angles
juróom-ñenti-coñ	nonagon	noun			ab juróom-ñenti-coñ juróom ñenti coñ la am	a nonagon has nine angles
juroom-ñetti-coñ	octagon	noun			ab juroom-ñetti-coñ juroom ñetti coñ la am	an octagon has eight angles
juróombenn fukk	sixty	adjective		the number 60	juroómbenn fukki biteel	sixty bottles
juug	heap	noun			juug u téere	a heap of books
juuti	levy	noun			fay juuti	pay a levy
kaaf	coop	noun			kaafu ganar	hen coop
kaala	headscarf	noun			fass ab kaala	tie a headscarf
kaddù	word	noun			xamnaa téeméeri kaddù	I know 100 words
kafe	coffee	noun			dafay naan kafe	she drinks coffee
kaggu	library	noun			dinanu dem kaggu ba	we will go to the library
kaki	khakhi	noun			ay tubey kaki	khakhi shorts
kalaas	class	noun		academic stage in a school	kalaas 2 la nekk	he is in class 2
kalkil	computing	noun			ab ordinaatër dafay kalkile	a computer does computing
kalsiëm	calcium	science			kalsiëm (Ca) amna 20 feppsaal	calcium (Ca) has 20 protons
Kamerun	Cameroon	noun		A country in Africa	dem Kamerun	go to Cameroon
kamioŋ	van	noun			yéeg kamioŋ	board a van
kamiyong	lorry	noun			taxawal kamiyong	lorry stop
kan	who	pronoun			kii kan la?	who is he?
kaña	rat	noun			kaña gu màg	a big rat
kanaape	sofa	noun			juróomi kanaape	five sofas
kanaara	duck	noun			kanaara bu weex	white duck
kanam	face	noun			xoolal sa kanam	look at my face
kanam	front	noun			kanam u téere bi	the front of the book
karbon	carbon	science			karbon (C) amna 6 feppsaal	carbon (C) has 6 protons
karoot	carrot	noun			ñeenti karoot	four carrots
kart	map	noun			jangal kart bi	read the map
katolik	Christian	noun			ab katolik ak ab jullit	a Christian and a Muslim
kàttan	energy	science			mass mën nanu ko sopali kàttan	you can change mass into energy
kaw	summit	noun			kaw montaañ	mountain summit
kaw	up	adverb			xoolal ci kaw	look up
kawar	hair	noun			kawaru dënn	chest hair
kawas	sock	noun			dangay sol kawas	you are wearing socks
kawe	loud	adjective			mbiib bu kawe	loud siren
këeru	memorization	noun			këeru baax na	some memorization is good
Keña	Kenya	noun		A country in Africa	Dem Keña	go to Kenya
kenn	someone	pronoun			kenna ngi ñëw	someone is coming
këpp	pour	verb			këpp ndox	pour water
kër	home	noun			sa kër	your home
kër	house	noun			kër gi	the house
ker	shade	noun			mangi toog ci ker gi	I am sitting under the shade
kere	chalk	noun			kere bu weex	white chalk
kereyon	pencil	noun			kereyon ak bik	pencil and pen
këriñ	charcoal	noun			saaku këriñ	sack of charcoal
kersa	shyness	noun			amul kersa	he has no shyness
kewel	deer	noun			gaïnde dafa bëg yappu kewel	a lion likes deer meat
khebab	khebab	noun			khebab ak sangara	khebabs and beer
kiirangé	protection	noun			defal ma kiirangé	give me protection
kilifa	master	noun			kilifa Kofi	Master Kofi
kilimaa	weather	noun			kilimaa bu neex lanu am	we have good weather
kilometar	kilometre	noun			fukki kilometar	ten kilometres
ko	her	pronoun			won ko	show her
kololoŋ	owl	noun			ab kololoŋ ab picc la	an owl is a bird
kolorin	chlorine	science			kolorin (Cl) amna 17 feppsaal	chlorine (Cl) has 17 protons
kon	then	adverb			kon mu nelaw	then he slept
koñ	coin	noun			ñeenti koñ	four coins
koñ	street	noun			koñ bu bees	new street
Kongo	Congo	noun			dem Kongo	go to Congo
koom-koom	economy	noun			koom-koomu Afrik	the economy of Africa
kooy	penis	noun			kenn du tudd 'kooy' ci mboolo	you don't say 'penis' in public
kópp	cup	noun			kóppu ataaya	tea cup
kostim	suit	noun			dafa sol kostim	she wears a suit
Kot Diwaar	Cote d'Ivoire	noun			dem Kot Diwaar	go to Cote d'Ivoire
kourang	electricity	science			kourang moy maas bou joge fenn di dem faneen	electricity is when charges go from one place to a new place
kubéer	lid	noun			kubéeru kópp	lid of a cup
kudu	spoon	noun			juróom benni kudu	sixteen spoons
kujjé	rivalry	noun			dakkal kujjé bi	stop the rivalry
kuur	pestle	noun			kuur ak gënn	pestle and mortar
laaf	wing	noun			petax amna ay laaf	a dove has wings
laaj	question	noun			amnaa benn laaj	I have a question
laaj	ask	verb			laajal Kofi	to ask Kofi
laal	touch	verb			laala karawam	to touch her hair
labbe	priest	noun			ab labbe dafay digëlé	a priest has advice
labbe	bishop	noun			ab labbe la	she is a bishop
lajte	test	noun			lajte bi dafa jafe	the test is difficult
làkk	language	noun			ay làkk yu bari	many languages
làl	bed	noun			tëdd ci làl bi	sleep on the bed
lammiñ	tongue	noun			lammiñu xaj	dog's tongue
lampa	lantern	noun			taalal lampa bi	turn on the lantern
lan	what	pronoun			lii lan la?	what is that?
làyyi	mist	noun			làyyi suba teel	morning mist
leb	borrow	verb			leb xaalis	borrow money
lebale	loan	noun			dama soxla lebale	I need a loan
léeb	story	noun			léebal  ma	tell me a story
lééb	fable	noun			geumuñu lééb	one does not believe fables
leeb	tell	verb			mu ngi leeb	he is telling the story
léegui	now	adverb			dem léegui	go now
lëend	web	noun			lëendu jàrgoñ	the web of a spider
leer	bright	adjective			neeg bu leer	bright room
leer	light	noun			leeru asamaan si	light of the sky
leeral	explain	verb			leeral ma	to explain to me
lëf	womb	noun			lëf	female's womb
lëf	vagina	noun			kenn du tudd 'lëf' ci mboolo	you don't say 'vagina' in public
lëgét	scar	noun			lexam amna lëgét	her cheek has a scar
lékk	eat	verb			lékk lènn	to eat everything
lém	fold	verb			lém sama yere yaay	to fold mother's cloth
lem	honey	noun			lem dafa neex	honey is sweet
lëndëm	dark	adjective			guddi gu lëndëm	dark night
lëndëm	darkness	noun			gùddi dafay indi lëndëm	night brings darkness
lëndëm	deception	noun			gùddi dafay indi lëndëm	deception and discord
lëpaalëp	butterfly	noun			lëpaalëp dafa rafet	a butterfly is beautiful
lépp	all	determiner			lépp	all things
ligéey	job	noun			dama soxla ligéey	I need a job
ligéey	creation	noun			ligéey yëpp	all creation
liggéey	work	verb			liggéey bu baax	to work hard
liggéey	work	noun			dama bëgg liggéey bu may def	I want work I would do
liggéey	working	noun			liggéey du lu ñakk solo	working is not trivial
liggéeyukaay	company	noun			liggéeyukaay bu ndaw	a small company
lii	this	pronoun			lii sa téere la?	is this your book?
liit	flute	noun			liit	play the flute
lijënti	wield	verb			mingi lijënti paan bi	she is wielding the pan
limong	lime	noun			ndoxu limong	lime juice
Lingalaa	Lingala	noun			damay wax Lingalaa	I speak Lingala
lir	pedestrian	noun			juróom ñeenti lir	nine pedestrians
lislaam	Islam	noun			kristianism ak lislaam	Christianity and Islam
litiyëm	lithium	science			litiyëm (Li) amna 3 feppsaal	lithium (Li) has 3 protons
lool	very	adverb			defnga lu baax lool	you have done very well
loolu	so	conjunction			lu tax loolu?	why so?
lopitaal	hospital	noun			dem ci ab lopitaal	go to a hospital
lox	goosebumps	noun			damay lox	I have got goosebumps
loxo	wrist	noun			jàpp sama loxo	hold her wrist
loxo	hand	noun			yëkëtil sa loxo	lift up your hand
loxum suuf	earthquake	noun			loxum suuf la	it is an earthquake
Luganda	Luganda	noun			làkk Luganda	Luganda language
luko dalee	from	preposition			demal luko dalee fii	go from here
luko dalee	from	preposition			dem luko dalee fii	go from here
lutàx	why	adverb			lutàx lii?	why so?
luubë	falsification	noun			ay fen ak luubë	lies and falsifications
Luwo	Luwo	noun		modern written form of the Acholi and Dholuo language	Mën na jàng Luwo	I can read Luwo
luxuskat	wizard	noun			ab luxuskat la	he is a wizard
maam	grandfather	noun			sama maam	my grandfather
maam	grandmother	noun			sama maam	my grandmother
maam	ancestor	noun			samay maam	my ancestors
maas	charge	science			courang amna maas bou positif ak maas bou négatif	electricity has positive charge and negative charge
maf	hawk	noun			maf ak genaar	a hawk and a chicken
màg	elder	adjective			sama màg	my elder sibling
màg	big	adjective			Adae bu màg	Big Adae
mag	adult	noun			mag la	he is an adult
màgg	great	adjective			tur bu màgg	a great name
màgg	grow	verb			xale bi màgg na	the child has grown
maggat	old lady	noun			sama maggat	my old lady
maggat	old man	noun			ab maggat la	he is an old man
maggat	old	adjective			tund bu maggat	old pan
mala	animal	noun			xaj mala la	a dog is an animal
Malagasi	Malagasy	noun		a language of Madagascar	Malagasi bi	Malagasy language
man	me	pronoun			man ak yaw	me and you
mandarga	sign	noun			mandargay yaakaar	a sign of hope
mandarga	symbol	noun			mandargay doole	symbol of power
mandikat	drunkard	noun			ab mandikat la	he is a drunkard
mandute	wisdom	noun			doole ak mandute	strength and wisdom
mañesiyëm	magnesium	science			mañesiyëm (Mg) amna 12 feppsaal	magnesium (Mg) has 12 protons
mango	mango	noun			mango bi ñór na	the mango has ripened
mànk	balloon	noun			ñaari mànk	two balloons
marr	thirst	noun			dama marr	I feel thirst (I am thirsty)
màrs	March	noun			Màrs amna 31 fan	March has 31 days
marto	hammer	noun			marto ak pontur	hammer and nail
masin	machine	noun			masin bu bees	new machine
mass	mass	science			mass mën nanu ko sopali kàttan	you can change mass into energy
màtt	bite	verb			xàc mën na màtt	the dog can bite
matt	firewood	noun			taxañ matt	pickup firewood
matuwaay	disposition	noun			matuwaayu nitt	a person's disposition
may	allow	verb			may leen	allow them
maye	joke	noun			mayeel ma	tell me a joke
mbaa	or	conjunction			Kofi mbaa Ama	Kofi or Ama
mbaam xùux	pig	noun			amna ay mbaam xùux yu rooz	some pigs are pink
mbaar	roof	noun		the cover over the top of a building	kër gui am mbaar bu xonk bi	the house with the red roof
mbaax	good	noun			mbaax ak mbon	good and evil
mbagg	shoulder	noun			jappal sama mbagg	stand on my shoulders
mbalit	junk	noun			néeg bi amna mbalit	there is junk in the room
mbalit	rubbish	noun			sànnil mbalit mi	throw away the rubbish
mbalit	trash	noun			sànnil mbalit mi	throw away the trash
mbañ	hatred	noun			mbañ amul saafara	hatred has no cure
mbañ	enmity	noun			mbañ gu metti	great enmity
mbaxana	hat	noun			dafa sol mbaxana	he is wearing a hat
mbaxana	headgear	noun			sol mbaxana	put on headgear
mbébët	project	noun			fukki mbébët	ten projects
mbégé	bicycle	noun			mbégé bu bees	new bicycle
mbëgeel	love	noun			mbëgeel ak jàmm	love and peace
mbégté	happiness	noun			mbégté dikk na	happiness has arrived
mbégté	exultation	noun			wayu mbégté	songs of exultation
mbettel	surprise	noun			mbettel gu rëy	great surprise
mbiib	horn	noun		musical instrument with deep voice	woyu mbiib	horn music
mbiib	whistle	noun			mbiibal	play the whistle
mbind	reading	noun			baamtu mdind mi	repeat the reading
mbindaan	servant	noun			sama mbindaan	my servant
mbindaan	maid	noun			ab mbindaan la	she is a maid
mbokk	corn	noun			mbokk ak gerte	corn and groundnuts
mbokka	relative	noun			sama mbokka la	he is a relative
mbon	wickedness	noun			sa siis ak sa mbon	your stinginess and your wickedness
mbon	evil	noun			lii ban mbon la?	which evil is this?
mbonaat	tortoise	noun			mbonaat ndank lay dox	a tortoise walks slowly
mboolo	crowd	noun			mboolo mu xumb	noisy crowd
mboolo	group	noun			nanu sos ab mboolo	let us found a group
mboolo	public	noun			kenn du wax "lëf" ci biir mboolo	you don't say 'vagina' in public
mbóot	cockroach	noun		also known as a roach (American English)	gis na ab mbóot	I see a cockroach
mbootaay	association	noun			ñëwal ci ndajeb mbootaayu goor ñi	come to the men's association meeting
mboq	yellow	adjective			darapoo bu mboq	yellow flag
mbot	frog	noun			mbot dafa bëg ndox	a frog likes water
mbubb	shirt	noun			moom dafay sol mbubb	she is wearing a shirt
mburu	bread	noun			mburu mu nooy	soft bread
mee	May	noun			Mee amna 31 fan	May has 31 days
meetar	mile	noun			fukki meetar	ten miles
melax	thunder	noun			taw bu aand ak melax	storm with thunder
melentaan	ant	noun			ay juney melentaan	thousands of ants
mëlong	melon	noun			mëlong gu wert	green melon
mën	can	verb			mën na jàng	I can read
mënisé	carpenter	noun			ab mënisé la	he is a carpenter
mérloo	annoying	adjective			mu ngi lay mérloo	it is annoying to you
merr	anger	noun			dalal sa merr bi	calm your anger
metar	meter	noun			fukki metar	ten meters
mettit	pain	noun			mettit bi mingi fii	the pain is here
mettitu boppë	headache	noun			garabu mettitu boppë	headache medicine
miiraas	testament	noun			miiraas bu bees	new testament
montaañ	mountain	noun			ci kaw montaañ	mountain peak
montar	clock	noun		a free-standing device which tells the time	waxma waxtu wi jot ci montar bi	tell me the time on the clock 
montar	watch	noun		a wearable device for telling the time	montar bu ndaw	a small watch
móolukaay	printer	noun			móolukaayu téere	book printer
moom	she	pronoun		used to indicate one female person previously mentioned	moom dafay lekk	she eats
moom	him	pronoun			won ko moom	show him
moss	taste	verb			mosal ñàm bi	taste the food
mujjantal	consequence	noun			ay mujjantalam	its consequences
muñ	patience	noun			mbëgeel ak muñ	love and patience
musuwaar u wanag	toilet roll	noun			jënd musuwaar u wanag	to buy toilet roll
muus	cat	noun			muus amna geen	a cat has a tail
naaj	late	adverb			naajee ñëw	to come late
naaj	sun	noun			naaj baa ngi melax	the sun is shining
ñaan	demand	noun			ñaan ak dund	demand and supply
ñaan	pray	verb			ñaanal samay noon	to pray for my enemies
ñaan	request	verb			ñaan ñàm	to request food
naan	drink	verb			naan ndox	to drink water
ñaan	praise	noun			war nañ ko ñaanal	she deserves praise
ñaan	prayer	noun			ñaan dafa baax	prayer is good
ñaar	two	adjective			Amna ñaari biteel yu nekk ci kaw miir bi	There are two bottles on the wall
ñaar fukk	twenty	adjective		The number 20	ñaar fukki biteel	twenty bottles
ñaaro	even	mathadj			2 ab nimero bu ñaaro la	2 is an even number
naat	rich	adjective			réew bu naat	a rich country
naatangé	luxury	noun			gisnaa naatangé ci sa kanam	I see luxury in your future
ñaaw	ugly	adjective			dafa ñaaw	it is ugly
naaw	fly	verb			naaw ci asamaan si	to fly into the sky
nacc-nacc	bleeding	noun			taxawal nacc-nacc bi	stop the bleeding
nag	cow	noun			yàppu nag; yëkk	cow meat; beef
nàk	cow	noun			yàppu nàk	cow meat; beef
naka	how	adverb			naka lañuy lékkee	how to eat
ñakk	scarcity	noun			ñakkum ndox	scarcity of water
ñakk	poverty	noun			ñakk mbaa am-am	poverty or wealth
ñàkk xè	dimwit	adjective			Doff! ñàkk xèl	Fool! Dimwit!
ñàm	food	noun			lekk ñàm	eat food
ñàm	preparation	noun			togg ñàm	make preparation
ñàm	taste	verb			ñàm lékk bi	taste the food
ñamala	giraffe	noun			ñamala ab mala la	a giraffe is an animal
ñambi	cassava	noun			banaana ak ñambi	plantain and cassava
ñambi	yam	noun			togg ñambi bi	cook the yam
namm	miss	verb			dama namm kër ga	I miss home
nànd	understand	verb			nànd lenn bu baax	to understand something very well
nanga def	how are you	phrase			nanga def?	how are you?
nangu	agree	verb			nangu nga?	do you agree?
nangu	accept	verb			nangu ko	accept her
nañu	let	verb			nañu seet ab kureel	let us found a group
nappkat	fisherman	noun			nappkat la	he is a fisherman
naq	groin	noun			naq u goor	groin of a man
ñaqàri	disgusting	adjective			barab bi dafa ñaqàri	the place is disgusting
nataal	example	noun			nataal bu baax	a good example
nataal	draw	verb			nataal ab picc	draw a bird
nataal	picture	noun			nataal bu rafet	beautiful picture
nataalukaay	camera	noun			weeru nataalukaay	lens of a camera
nàtt	measure	verb			nàtt ñaari kudu yu fees	measure two spoonfuls
ñax	bush	noun			demal ci ñax mi	go into the bush
naxé	trick	noun			bayil naxé bi	stop the tricks
ñày	elephant	noun			ab ñay moo gën a màg	an elephant is very big
ndaa	jar	noun			juróom ñaari ndaa	seven jars
ndaamar	car	noun			dawal ab ndaamar	drive a car
ndaje	meeting	noun		a gathering of a group to talk about something	bayyi ndaje bi	cancel the meeting
ndam	victory	noun			ndam ak daan	victory and defeat
ndàm	glory	noun			ndàmu doomu adama	glory of humankind
ndaw	young	adjective			ndaw	young person
ndàw	flat	adjective			taabal bu ndàw	flat table
ndaw	youth	noun			ci sama ndaw, dama poŋkalon	in my youth, I was strong
ndaw	small	adjective			mbir bu ndaw	a small thing
ndax	because	conjunction			ndax dama laa bëgg	because I like you
ñdëg	price	noun			lan moy ñdëg gi?	how much is the price?
ndékki	breakfast	noun			dina ndékki	he will eat breakfast
ndigë	waist	noun			sa ndigë	your waist
ndigël	command	noun			jox ko ndigël	give him a command
ñdiit	president	noun			ñdiit gi tewna	the president has arrived
ndimbël	help	noun			ñëppë soxla ndimbël	everyone needs help
ndimo	fabric	noun			jënd ndimo ngir man	buy fabric for me
ndono	inheritance	noun			laajal sa ndono	claim your inheritance
ndóol	indigent	noun			ab ndóol amul dara	an indigent has nothing
ndox	oxygen	noun			ndox mu ngi ngelaw li	oxygen is in air
ndox	hydrogen	noun			ndàmar buy daw ak ndox	hydrogen car
ndox	water	noun			da ngay naan ndox	you drink water
nëb	rot	verb			mango ji mongui nëb	the mango is rotting
nëbbatuwaay	refuge	noun			sunu nëbbatuwaay	our refuge
ñebe	bean	noun			Ceeb ak ñebe	rice and beans
neeg	bedroom	noun			kër gui amna ñari neeg	the house has two bedrooms
neeg	room	noun			mu ngi nelaw ci neeg bi	she is sleeping in the room
neen	zero	adjective		A number that indicates nothingness; 0	bawoo ci neen ba ci juroom ñéent	From zero to nine
ñeent	four	adjective		The number 4	Amna ñetti ñeenti biteel yu nekk ci kaw miir bi	There are four bottles on the wall
ñéent fukk	forty	adjective		the number 40	ñéent fukki biteel	forty bottles
ñeenti-coñ	rectangle	noun			ab ñeenti-coñ ñeenti coñ la am	a rectangle has four angles
neer	vein	noun			deret ci neer yi lay jaare	blood passes through veins
nees	snow	noun			ci kaw montaañ bi amna nees	there is snow on the mountain
néew	corpse	noun			néew bi mungi nëb	the corpse is rotting
neew doole	poor	adjective			reew bu neew doole	a poor country
neex	sweet	adjective			attaaya bi neex na	the tea is sweet
ñeex	soup	noun			ñeexu tiir	palm nut soup
neexal	bribe	noun			dafa bëgg ab neexal	he wants a bribe
nékaale	concubine	noun			Yaa sama nékaale la	Yaa is my concubine
nekk	being	noun			nit/kou nekk	human being
nekk	be	verb		used to indicate state of being. Has different forms depending on the subject person: I am, you are, she/he/it is, we are, they are	Nekk nga nit ku am ñjariñ	You are an important person
nekkin	state	noun			xoola sunu nekkin wu yërëmtalu wi	look at our pitiful state
nelaw	sleep	verb			nelaw guddi	to sleep at night
nèn	egg	noun			nènu ganaar	chicken egg
neoŋ	neon	science			neoŋ (Ne) amna 10 feppsaal	neon (Ne) has 10 protons
ñëpp	everyone	pronoun			ñëpp dinañu ñëw	everyone will come
nësër	aim	noun			nësër u aduna	life's aim
nëtron	neutron	science			ab nëtron maas 0 la am	a neutron has a charge of 0
ñett	three	adjective		The number 3	ñetti biteel	three bottles
ñetti-coñ	triangle	noun			ab ñetti-coñ, ñetti coñ la am	a triangle has three angles
ñëw	come	verb			ñëwal fii	to come here
nexal	award	noun			jox ko ab nexal	give her an award
ngaatigé	chief	noun			ab ngaatigé la	she is a chief
ngelaw	air	noun			ngelaw bi mu ngi jall	the air is blowing
ngélaw	wind	noun			ngélaw ba ngi naaw	the wind is blowing
ngëm	faith	noun			ngëm ak jamm	faith and peace
ngir	for	preposition			ngir ñùn	for ourselves
ngir Yalla	please	adverb			wax 'ngir Yalla	to say 'please'
ngoon	evening	noun			lékku ngoon; reer	evening meal; dinner
ngoon	noon	noun			ngoon jot na	noon has arrived
ngooñ	grass	noun			nak day lekk ngooñ	a cow chews grass
nguur	governance	noun			nguur gu jaar yoon	good governance
nguur	government	noun			nguuru Nkrumah	Nkrumah's government
ni	as	adverb			ni mu mel	as it is
niir	cloud	noun			niir bu weex	a white cloud
niiyu	greet	verb			niiyu Ama	greet Ama
nijaay	uncle	noun			nijaay Kofi	uncle Kofi
nimoró	number	noun			nimoró 5	number 5
Niseriya	Nigeria	noun		A country in Africa	Dem Niseriya	go to Nigeria
nit	human	noun			ay nit lañu	we are humans
nité	humankind	noun			danu nité	we are humankind
nitt	person	noun			nitt ku am solo	important person
Nizer	Niger	noun		A country in Africa	dem Nizer	go to Niger
njaay	trade	noun		the exchange of products and services	njaay mu dox	a good trade
njaboot	family	noun			njaboot gu bees	new family
njambaar	courage	noun			dafa am njambaar	she has courage
njàng	education	noun			werug-yaram ak njàng	health and education
njaqqare	grief	noun			njaqqare sonal na më	grief is killing me
njegenaay	pillow	noun			njegenaay ak làl	pillow and bed
njiit	manager	noun			njiit bu baax	a good manager
njiit	leader	noun		someone who shows the way	kii moy sunu njiit	this is our leader
njiit	chief	noun			moom ab njiit la	she is a chief
njoowaan	swing	noun			fo ci njoowaan	play on a swing
njuréef	profit	noun			amal ay njuréef	make profit
njuumté	mistake	noun			ñëppay def njuumté	everyone makes mistakes
ñombor	rabbit	noun			ñombor bu weex	a white rabbit
ñoom	them	pronoun			won leen ñoom	show them
noon	enemy	noun			noon yi dinañu sonnë	enemies will tire
noopp	ear	noun			noop ak bakkan	ear and nose
noor	dry season	noun			noor bi dikk na	the dry season has arrived
nooyi	soft	adjective			mburu mu nooyi	soft bread
nópp	love	verb			Dam la nópp	I love you
noppi	silence	noun			noppi, noppi!	silence, silence!
nowambar	November	noun			Nowambar amna 30 fan	November has 30 days
noyi	breath	noun			jëlal sa noyi; dalal	collect your breath; rest
ñùn	we	pronoun		used to indicate oneself and others	ñùn danuy lekk	we eat
ñun	us	pronoun			won ñu	show us
ñuul	black	adjective			mbuba bu ñuul	black cloth
ŋoos-ŋoos	hoe	noun			ŋoos-ŋoos ak jaasi	hoe and cutlass
oh	oh	exclamation			oh sa ràkk bu jigeen	oh my sister!
oksisen	oxygen	science			oksisen (O) amna 8 feppsaal	oxygen (O) has 8 protons
oktoobar	October	noun			Oktoobar amna 31 fan	October has 31 days
oŋkë	wailing	noun			jooy ak oŋkë	crying and wailing
óom	knee	noun			samay óom	my knees
oow	wow	exclamation			oow! jërëjëf!	wow! thank you!
ordinaatër	computer	noun			arafukaayu ordinaatër	computer keyboard
otel	hotel	noun			ci ab otel lay fanaan	she sleeps at a hotel
oto	vehicle	noun			oto bu bees	a new vehicle
otoraay	train	noun			otoraay bu bees	new train
oyof	lightweight	adjective			téere bi dafa oyof	the book is lightweight
paaka	knife	noun			ñawal ab paaka	sharpen a knife
paan	pan	noun			paan bu maggat	old pan
paasu dugg	password	noun			soppi paasu dugg	change password
palaat	plate	noun			fompal sa palaat	wash your plate
palanteer	window	noun			ubbi palanteer	open the windows
palastik	plastic	adjective			kóoppu palastik	plastic cup
pañe	basket	noun			yenu ab pañe	carry a basket
papaaya	pawpaw	noun			papaaya ak banaana	pawpaw and banana
parasol	umbrella	noun			toogal ci suufu parasol bi	sit under the umbrella
paré	ready	adverb			paré naa	I am ready
pàs-pàs	determination	noun			dinanu ko def ak pàs-pàs	we will do it with determination
pata	fat	adjective			lèx yu pata	fat cheeks
pataas	sweet potato	noun		<i>Ipomoea batatas</i>	dama bëgg pataas	I like sweet potato
pàtt	toothpaste	noun			borosu bëñ ak pàtt	toothbrush and toothpaste
pàx	hole	noun			pàx mu ndaw	small hole
pay	fees	noun			payùm daara	school fees
pedofil	pedophile	noun			ab pedofil la	he is a pedophile
peel	dustpan	noun			bale ak peel	broom and dustpan
peexte	freedom	noun			peexte ak yoon	freedom and justice
peñe	comb	noun			jëfandikool ab peñe ngi peñe sa kawar	use a comb to comb your hair
pénku	east	noun			dém ci pénku	go east
péŋk	sunrise	noun			péŋk ba soow	from sunrise to sunset
peru bët	eyeball	noun			bët ak peru bët	eye and eyeball
petax	dove	noun			petax bu weex	white dove
picc	bird	noun			picc dafay naaw	a bird flies
pié	wall	noun			toogal ci kaw pié bi	sit on the wall
pikiir	syringe	noun			pikiiru doktoor	a nurse's syringe
pitsaa	pizza	noun			juróomi pitsaa	five pizzas
po	play	noun			setaan am po	watch a play
po	game	noun			fo am po	play a game
pokhotaan	armpit	noun			pokhotaan bu xasaw	smelly armpit
politig	politics	noun			danga bëgg politig	you like politics
polomb	lead	science			polomb (Pb) amna 82 feppsaal	lead (Pb) has 82 protons
pono	wheel	noun			sama oto amna ñeenti pono	my car has four wheels
pónó	tyre	noun			dawal pónó	roll a tyre
poŋkal	strong	adjective			jeeg bu poŋkal	a strong woman
poobar	pepper	noun			poobar bi mingi lakk	the pepper burns
poon	cigarette	noun			tux poon	smoke a cigarette
poon	tobacco	noun			tux poon	smoke tobacco
poos	pocket	noun			sama poos amul dara	nothing inside my pocket
post	post office	noun			ma ngi dem ci post bi	I am going to the post office
pot	vase	noun			pottu bàn	clay vase
pot	pot	noun			potu weñ	metal pot
potaasiëm	potassium	science			potaasiëm (K) amna 19 feppsaal	potassium (K) has 19 protons
pusó	needle	noun			wëñ ak pusó	string and needle
pusó	pointer	noun		(Computing) a graphical image on the computer monitor or other display device that echoes movements of the pointing device, commonly a mouse or touchpad.	jëfandikool pusó bi	use the pointer
pùt	throat	noun			raxasal sa pùt	clear your throat
puus	push	verb			puus kamiyoŋ bi	to push the lorry
puwa	weight	noun			puwa bu diis	a heavy weight
raam	crawl	verb			xalé bi mingui raam	the child is crawling
raaya	logo	noun			raaya jàngu	church logo
raaya	flag	noun			raaya bu mboq	yellow flag
raazuwaar	razor	noun			daas raazuwaar bi	sharpen the razor
rafet	beautiful	adjective			rafet na	it is beautiful
ragal	fear	noun			dafa ragal lool	fear has filled her heart
rajo	radio	noun			taalal rajo bi	switch on the radio
ràkk	sibling	noun			sama doomu yaay sama ràkk la	my mother's child is my sibling
ràkk mbaa mag bu goor	brother	noun			sama ràkk mbaa mag bu goor kott	my only brother
ràkk mbaa mag bu jigeen	sister	noun			sama ràkk mbaa mag bu jigeen kott	my only sister
raññee	distinguished	adjective			mbót bunu raññee	a distinguished frog
raxas	clean	verb			raxas say bëñ	clean your teeth
raykat	murderer	noun			raylat la	he is a murderer
réccu	remorse	noun			wane wul benn réccu	he showed no remorse
rëdd	line	noun			bàl bi romb na rëdd bi	the ball has crossed the line
ree	smile	verb			ree tuuti	to smile a bit
réeral	lose	verb		to not have something	réerna ci yoonu kër ga	He lost his way home
reetaan	laugh	verb			mu ngi reetaan	he is laughing
reetaanlu	funny	adjective			léeb bu reetaanlu	funny story
réew	country	noun		a community of people living in a place with full self-government	sa réew	your country
réew	nation	noun			sa réew	your nation
rès	liver	noun			xàj am na rès	a dog has a liver
resó	network	noun			resó leer gi mi ngi dox	the network light is on
restorang	restaurant	noun			restorang bu bees	a new restaurant
rey	kill	verb			rey bey bi	to kill a goat
reyaay	volume	math		a quantity that represents the size of a container	reyaay (kip) = gudaay x yaatuwaay x ndjoolaay	volume(cube) = length x width x height
riir	sound	noun			riir gu foor	loud sound
riir	volume	noun			yokkal riir gi	turn up the volume
robine	tap	noun			ubbil robine bi	open the tap
rongoñ	tear	noun			samay gët fees ak rongoñ	my eyes filled with tears
rongoñ	teardrop	noun			tuuti rongoñ	a few teardrops
roplaan	plane	noun		aeroplane, airplane	wàccee ab roplaan	board a plane
rukk	corners	noun			rukku adduna bi yëpp	all corners of the world
ruux	soul	noun			sama ruux dafa bég	my soul exults
ruy	porridge	noun			ruyu dugùb	millet porridge
saabu	soap	noun			siwo ak saabu	pail and soap
saafara	medicine	noun			saafara su wéx	bitter medicine
saaga	insult	noun			saaga yu bari	many insults
saaga	injure	verb			dañuma saaga	I am injured
saak	bag	noun			xoolal saak bi	look at the bag
saaku	sack	noun			saaku këriñ	sack of charcoal
saal	hall	noun			ñongi ci biir saal bi toog	we are sitting in the hall
saan	worm	noun			saan, fo jëm?	worm, where are you going?
saanni	throw	verb			ñàm bi dafa yakku ma saanni ko	the food is spoilt so I have thrown it away
sacc	thief	noun			nekul sacc	he is not a thief
sacc	burglary	noun			sacc dafay yokk	burglary is increasing
sàcc	steal	verb			sàcc te yàq	steal and destroy
safara	fire	noun			taalal safara si	light the fire
salam alekum	good afternoon	exclamation			salam alekum Esi	good afternoon Esi
salam alekum	good evening	exclamation			salam alekum Kofi	good evening Kofi
salamelekoum	hello	exclamation			salamalekum sama càmmiñ	hello sir
sama	my	possessive			sama kër	my house
sampiñoo	mushroom	noun			ñeexu sampiñoo	mushroom soup
samwiye	January	noun			Samwiye amna 31 fan	January has 31 days
sañcc	foundation	noun			sañccu kër gi	foundation of the house
sangara	wine	noun			sangara bu neex lanuy naan	we are drinking sweet wine
sangara	beer	noun			ñongui naan sangara	we are drinking beer
sangu	bath	verb			sangu suba su nekk	to bath each morning
sànni	throw	verb			ñàm bi dafa yàqu loolo tax ma sànni ko	the food is spoilt so I have thrown it away
sànt	thank	verb			sànt sa Baay	to thank your Father
sarax	sacrifice	noun			joxe sarax	offer a sacrifice
sàrbet	towel	noun			sàrbet bu tooy	wet towel
sart	rule	noun			dafay topp sart yi	she follows the rules
sàttumbar	September	noun			Sàttumbar amna 30 fan	September has 30 days
sèdd	cold	adjective			ndox mu sèdd	cold water
seddale	share	verb			seddale ñàm wi	share the food
séddëlé	cast	noun			séddëléb sinemaa	cast of a film
séed	cold	adjective			ndox bou séed	cold water
seel	ladder	noun			seel bu guddë	long ladder
seen	their	possessive			seen kër	their house
seen	your	possessive		2nd person singular possessive pronoun	seen kër	your house
seen bopp	yourselves	pronoun			topator leen seen bopp bu baax	look after yourselves well
seer	expensive	adjective			dafa seer	it is expensive
séét	groom	noun			ay xaritu séét bi	groom's friends
sëet	bride	noun			jëkëru sëet; sëet bu goor	bride's husband; groom
seetaan	watch	verb			seetaan futbal	to watch football
seetaan kat	spectator	noun			seetaan kat yi	the spectators
seetsi	visit	verb			ñëwal seetsi ma	do come and visit me!
seetu	mirror	noun			seetu bu mag	big mirror
segg	leopard	noun			segg dafay am geen	a leopard has a tail
segg	tiger	noun			segg bu mag	a large tiger
séggukaay	collander	noun			jëfandikul séggukaay bi ngir ségg ceeb bi	use the collander to drain the rice
sek	cheque	noun			bindal ab sek	write a cheque
seku	parrot	noun		a parrot is a bird	ñaari seku	two parrots
sèll	holy	adjective			téere bu sèll	holy book
sëngéem	sad	adjective			kanam gu sëngéem	a sad face
sentiir	belt	noun			sentiir bu ñuul	black belt
sëqët	sneeze	verb			sëqët bu baax	to sneeze loudly
sëricë	gift	noun			sëricë bù baax	a good gift
serwëer	waiter	noun			ab serwëer la	he is a waiter
sew	thin	adjective			bànt bu sew	thin stick
sëy	mate	verb			mala yi danùy sëy	the animals are mating
sëy	marriage	noun			sëy bu baax	good marriage
sibirù	malaria	noun			sibirù bi ab febar la	malaria is a disease
siis	selfishness	noun			siis baaxul	selfishness is not good
siis	chair	noun			toftale siis yi	arrange the chairs
siiw	famous	adjective			nit ku siiw	famous person
sikim	beard	noun			sikim bu gudd	long beard
sikim	chin	noun			teyel sa sikim	hold your chin
sikki-sakka	doubt	noun			amna sikki-sakka	she has doubts
silfiir	sulfur	science			silfiir (S) amna 16 feppsaal	sulfur (S) has 16 protons
silikon	silicon	science			silikon (Si) amna 14 feppsaal	silicon (Si) has 14 protons
simbal	cymbal	noun			fo simbal yi	play the cymbals
simi	chemistry	noun			jang nañu simi	we learned chemistry
simili	second	noun			fukki simili	ten seconds
simili	minute	noun			juróomi simili	five minutes
simoŋ	cement	noun			xeer ak simoŋ	stones and cement
sindax	lizard	noun			sindax ñax lay lékk	a lizard eats grass
sinema	cinema	noun			ma ngi dem sinema	I am going to a cinema
sinemaa	film	noun			séddëléb sinemaa	cast of a film
sipp	skirt	noun			sipp bu gàtt	short skirt
siso	scissors	noun			jox ma siso bi	give me the scissors
sit web	website	noun			defaralma sit web	make a website for me
siwó	pail	noun			siwó ak saabu	pail and soap
siwo	bucket	noun			siwo bi mu ngi sènn	the bucket leaks
siyaan	stream	noun		small body of flowing water	jéggui siyaan gui	cross the stream
soccet	grasshopper	noun			melentaan ak soccet	ant and grasshopper
sofoor	driver	noun			sofoor bi jàdd na	the driver has braked
sojëm	sodium	science			sojëm (Na) amna 11 feppsaal	sodium (Na) has 11 protons
sokola	brown	adjective			picc bu sokola	brown bird
sokolaa	chocolate	noun			sokolaa dafa yomb (léegi)	the chocolate has become cheap
sol	wear	verb			sol yéré	wear clothes
soldaar	soldier	noun			soldaar yi ño ngi dox	the soldiers are marching
Somaali	Somalia	noun		A country in Africa	dem Somaali	go to Somalia
Sona	Shona	noun			Damay làkk Sona	I speak Shona
sonnë	suffer	verb			yaangi sonnë	you are suffering
soow	sunset	noun			péŋk ba soow	from sunrise to sunset
soppe	lover	noun			sama soppe nax nama	my lover has tricked me
soppeeku	change	noun			am nga soppeeku?	do you have change?
soraas	orange	adjective			solal mbaxana bu soraas bi	wear the orange cap
sorãs	orange	noun			ñetti sorãs	three oranges
soriwaay	length	noun			gudaay, yatuwaay ak soriwaay	height, width and length
sox	blow	noun			sox ko	give him a blow
soxla	need	verb			soxla njabóot	to need family
soxna	madam	noun			soxna Mary	madam Mary
su	if	conjunction			su la kenn bëggee	if someone loves you
suba	morning	noun			suba teel	early morning
suba	tomorrow	adverb			Dina ñëw suba	she will arrive tomorrow
sudee ... suboba	if ... then	conjunction			sudee A suboba B	if A then B
Sulet	July	noun			Sulet amna 31 fan	July has 31 days
sunguf	flour	noun			sungufu mbokk	corn flour
sunu	our	possessive			sunu kër	our house
supome	cabbage	noun		a leafy vegetable	suppu supome	cabbage stew
surnal	paper	noun			surnalu tay	today's paper
suuf	land	noun			jënd suuf	buy land
suuf	earth	noun			nitu suuf si	people of the earth
suuf	floor	noun			ci suuf si	on the floor
suuf	sand	noun			suufu tefes	beach sand
suuf	down	adverb			wàcc ci suuf	go down
suux	sink	noun			génnée li suux	drain the sink
Suwayili	Swahili	noun			Kalama Suwayili	Swahili language
suwe	June	noun			Suwe amna 30 fan	June has 30 days
taabal	table	noun			siis ak taabal	chair and table
taabi	fill	verb			taabi ko	fill it
taambali	begin	verb			taambali lekk	start eating
taar	beauty	noun			taar ak mbëgeel	beauty and love
taariix	history	noun			jang taariix	learn history
tabax	build	verb			tabax ab kër	build a house
tàkk	blazing	adjective			Safara bu tàkk	blazing fire
tàkk	marry	verb			tàkk ma	marry me
tàkk	gaudy	adjective			càq buy tàkk	gaudy necklace
takku jara	wrist	noun			téeyél takku jaraam	hold her wrist
taksi	taxi	noun			wool ma taksi	call me a taxi
talaata	Tuesday	noun			xale yu judd talaata	Tuesday children
tama	drum	noun			mangi dégg tama yi	I hear the drums
tama	talking drum	noun			ñeenti tama	four talking drums
tamaate	tomato	noun			ñaari tamaate	two tomatoes
tamit	also	adverb			moom dina ñëw tamit	he will also come
tan	vulture	noun			tan ab picc la	a vulture is a bird
tàng	hot	adjective			ndox mu tàng	hot water
tàngal karamel	toffee	noun			màr ab tàngal karamel	lick a toffee
tangat	fever	noun			dafa am i tangat	she has a fever
tànk	leg	noun			tànk bu neewi	swollen leg
tank	foot	noun			sama tank	my foot
tank	footstep	noun			toppal ci say tanku yaay	follow in your mother's footsteps
tann	select	verb		make a selection	tann ab téere	to select a book
tànnéef	option	noun		a thing you can choose	juróomi tànnéef	five options
tanta	aunt	noun		female relative of your mother	Tanta Ama	Aunt Ama
tapi	carpet	noun			tapi bu bees	new carpet
tapp	paste	verb			tapp ko ci miir bi	to paste it on the wall
tas	spread	verb			dafa tas ci adduna bi	spread it
taskatu xibaar	journalist	noun			ay taskatu xibaar lanu	we are journalists
taw	storm	noun			taw bu aand ak melax	storm with thunder
taweeku	elastic	adjective			buum buy taweeku	elastic string
taxawalukaay	brake	noun			taxawalukaayu oto	brake of a car
tayal	lazy	adjective			goor gu tayal	lazy man
tëb	jump	verb			tëb miir bi	to jump a wall
tëdd	lay	verb			mala yi fëlé lañuy tëdd	animals will lay there
teel	early	adjective			fajàr teel	early morning
teel	early	adverb			teelal ñëw	come early
teen	well	noun			ndoxu teen	well water
teen	pit	noun			gàs teen	dig a pit
téere	book	noun			téere bii	this book
teeru	staff	noun			teeru buur bi	the king's staff
teewal askan	parliament	noun			fàl ko ngir mu teewal askan wi	elect her to go to parliament
téeyé	hold	verb			téeyé sa loxo	hold your hand
tefes	beach	noun			sùfu tefes	beach sand
tegtal	argument	noun			ay tegtal yu bare	many arguments
tëj	close	verb			tëj bunt bi	to close the door
tekki	mean	verb			kasahorow "lakk yu bare" lay tekki	kasahorow means "many languages"
tele	television	noun			taalal tele bi	switch on the television
telefon	phone	noun			telefonam	her phone
telefon	telephone	noun			telefonu kër	house telephone
tembte	independence	noun			bësu tembte	independence day
témeer	hundred	adjective		the number 100	témeeri biteel	hundred bottles
tene	cheetah	noun			tene ab mala la	a cheetah is an animal
tëstën	heel	noun			baaraamu tank ak tëstën	toe and heel
tey	today	adverb			tey lay ñëw	she arrives today
tiké	ticket	noun			xoolal sama tiké	look at my ticket
tilim	filthy	adjective			barab bi dafa tilim	the place is filthy
timis	nightfall	noun			fàjar ak timis	daybreak and nightfall
tiset	t-shirt	noun			tiset bu weex	white t-shirt
toftalin	shape	noun			toftalinou kër gui	the shape of the house
tógg	make	verb			tógg ñàm	make food
tógg	cook	verb			tógg tuuti ceeb	cook a little rice
toggkat	chef	noun			toggkat bu aay	a good chef
Togo	Togo	noun		A country in Africa	dem Togo	go to Togo
tolluwaay	quantity	noun			tolluwaayu ñam bi	quantity of the food
tolof-tolof	hardship	noun			tolof-tolof yu rëy	great hardship
tolof-tolof	issue	noun			tolof-tolof bu bees	new issue
tomb	point	noun			1 tomb 5 (1.5) mooy benn ak genwàll	1 point 5 (1.5) is one and a half.
tontu	answer	noun			tontu ma	give me an answer
toog	sit	verb			toogal fii	to sit here
tool	farm	noun			toolu kakawo	cocoa farm
tooñ	diss	noun			lii do tooñ	it is not a diss
tóor-tóor	flower	noun			tóor-tóor bu rafet	pretty flower
tooy	wet	adjective			darap bu tooy	wet blanket
tooy	fresh	adjective			xób yu tooy	fresh leaves
topp	follow	verb			topp ma	follow me
toqq	drop	noun			ab ganaar mongi naan ndox par toqq	drop by drop a chicken drinks water
tukki	travel	verb			ñùn danuy tukki Afrig	we are travelling to Africa
tuñ	lip	noun			tuñ yu xonk	red lips
tund	hill	noun			kaw tund	hill top
tur	appellation	noun			woo ay turam	proclaim her appellations
tur	title	noun			"Mighty One" aw tur la	"Mighty One" is a title
tur	name	noun			sama tur	my name
tur	heading	noun			turu téere	book headings
tuutange	humility	noun			wone ab tuutange	you show humility
tuuti	little	noun			tuuti moo gën neen	a little is better than nothing
tuuti	some	determiner			tuuti lekk	some food
ubbi	open	verb			ubbi na bunt bi	I open the door
ubbite	preface	noun			ubbiteb téere	book preface
Ururimi	Ururimi	noun		the modern written form of the Kinyarwanda and Kirundi language. Ururimi means "language" in Kinyarwanda and Kirundi	damay bind Ururimi	I write Ururimi
Ut	August	noun			Ut amna 31 fan	August has 31 days
waajur	parents	noun			ay waajuram	his parents
waalis	silver	noun			waalis ak wurus	silver and gold
waañ	kitchen	noun			mangi ci biir waañ wi	I am in the kitchen
waañi	subtraction	noun			2-1 = 1; lii waañi la	2-1 = 1; this is subtraction
waat	again	adverb			gis aat ko	see her again
waaw	yes	exclamation			neena waaw	I say yes
waaye	but	conjunction			bëgg naa ko, waaye	I like it, but
wacc	land	verb		to touch down	roppëelaan gi wacc na	the aeroplane has landed
waccù	vomit	noun			waccù xàj	dog's vomit
wall	share	noun			ani sama wall?	where is my share?
wanag	toilet	noun			demal ci wanag wi	go to the toilet
wànak	bathroom	noun			dem ci wànak bi	go to the bathroom
wañi	reduce	verb			wañi ko ba juróom	reduce it by five
wañi	count	verb			wañi xaalis	count money
waral	reason	noun			lépp amna luko waral	everything has a reason
warugar	responsibility	noun			sa warugar la	it is your responsibility
wax	talk	verb			wax lu bari	to talk too much
wax	speak	verb			wax dëgg bi	to speak the truth
wax	say	verb			wax na waaw	I say yes
waxtu	hour	noun			fukki waxtu	ten hours
waxtu	moment	noun			waxtu wi jeex na	the moment is up
waxtu	time	noun			waxtu wi jeex na	the time is up
wày	song	noun			woy ab way	play a song
wè	nail	noun			wèwu tànk ak wèwu loxo	plank and nail
weccoo	trade	verb		to exchange products and services	weccoo bu gaaw	to trade quickly
ween	breast	noun			sowu ween	breast milk
weer	month	noun			benn weer	one month
weer	lens	noun			weeru nataalukaay	lens of a camera
weex	white	adjective			kër gu weex	white house
weñ	housefly	noun			aw weñ mën na indi feebar	a housefly can carry disease
weñ	blowfly	noun			weñ yi danuy merlo wàte	blowflies are annoying
weñ	fly	noun			weñ dafay naaw	a fly flies
weñ	iron	science			weñ (Fe) amna 26 feppsaal	iron (Fe) has 26 protons
wëñ	string	noun			wëñ ak pusó	string and needle
weñ	metal	noun			mbaxana weñ	hat of metal
wér	moon	noun			wér ak bidiw	moon and stars
wërngal	circle	noun		a circle has an infinite number of angles	ñetti wërngal	three circles
wërsëg	blessing	noun			wërsëgu yàlla	God's blessing
wersioŋ	version	noun			bàn wersioŋ la?	which version?
wert	green	adjective			xób bu wert	green leaf
werug-yaram	health	noun			lékk dafay joxe werug-yaram	food gives health
west	coat	noun			dafay sol west	she is putting on a coat
wèx	bitter	adjective			gàrab gu wèx	bitter medicine
wëyal	keep	verb			wëyal sppeeku bi	keep the change
weyal	keep	verb			weyal coppite bi	keep the change
wideo	video	noun			seetan wideo bi	watch the video
Wolof	Wolof	noun			làkk Wolof	Wolof language
woo	call	verb			woo xale bu goor bi	to call the boy
woote	vote	verb			wootel ma	vote for me
wów	dry	adjective			suuf su wów	dry land
wowal	dry	verb			wowal ay yere	to dry clothes
woy	sing	verb			woy ab woy	to sing a sweet song
woy	music	noun			teg woy	play music
woykat	musician	noun			woykat yi	the musicians
wujju	rival	noun			sama wujju la	she is my rival
wurus	gold	noun			tocàmikaay ak wurus	fragrance and gold
wurus	gold	science			wurus (Au) amna 79 feppsaal	gold (Au) has 79 protons
wuté	different	adjective			ay yëf yu wuté	different things
xaaj	part	noun			téere bi ñett xaaj la	the book has three parts
xaaj	split	verb			xaajale ñaar	split in two
xaaj	divide	verb		separate into parts	xaaj mburu mi	divide the bread
xaaj	half	noun		one out of two equal divisions	benn ak xaaj	one and half
xaajale	division	noun			2/1 = 2; lii moy xaajale	2/1 = 2; this is division
xaalis	money	noun			xaalis dafay dimbali	money helps
xaalis	silver	science			xaalis (Ag) amna 47 feppsaal	silver (Ag) has 47 protons
xaalis	cash	noun			amnaa xaalis	I have cash
xaalis	insect	noun			xaalis ak wurus	a cockroach is an insect
xaar	wait	verb			xaar tuuti	to wait a bit
xaj	dog	noun			xaj mu ngi mbëw	a dog barks
xalaat	thought	noun			say xalaat	your thoughts
xalaat	wonder	noun			xalaat ak mbëgeel	wonder and love
xalàt	bother	noun			xalàt bu bare	too much bother
xalé	toddler	noun			xalé, foo jëm?	toddler, where are you going?
xale bu goor	boy	noun			xale bu goor ba ngi fii	the boy is here
xale bu jigeen	girl	noun			xale bu jigeen bi njool	tall girl
xalima	pen	noun			encar ci biir xalima	ink in a pen
xàm	know	verb			xàm nako	I know her
xam-xam	science	noun		the systematic study of the world using observation and experiment	danuy jangga xam-xam	we are learning science
xam-xam	knowledge	noun			xam-xam yu ci aduna bi yépp	all knowledge in the world
xam-xam bu ñuul	witchcraft	noun			jëfandikoo xam-xam bu ñuul	practise witchcraft
xam-xamu wàññi	mathematics	noun			dafay jàngale xam-xamu wàññi	she teaches mathematics
xar	lamb	noun			Jesus, xaru Yalla	Jesus, lamb of God
xàr	sheep	noun			yàppu xàr	sheep meat (i.e. mutton)
xarañ	skill	noun			dafa xarañ lool	she has good skills
xare	war	noun			ñu nga jëm ca xare	we are going to war
xarit	friend	noun			sama xarit	my friend
xëcc	pull	verb			xëcc buum bi	to pull the rope
xeej	spear	noun			jam nañu ko ak xeej	they pierced him with a spear
xeeñcu	smell	verb			xeeñcu toor-toor yi	to smell the flowers
xeer	stone	noun			xeer ak simaŋ	stones and cement
xeet	race	noun			daw xeet	run a race
xeex	battle	noun			danùy dem xeexi	we are going to battle
xeex	fight	verb			Ali ak Frazier xeex nañu	Ali and Frazier fought
xel	spirit	noun			amna xel mu sell	he has a strong spirit
xel	mind	noun			xel am	her mind
xet	fragrance	noun			xetu karité	the fragrance of sheabutter
xet	smell	noun			amna xet gu may xeeñ	I sense a smell
xet	smoke	noun			xetu doxot	belch smoke
xët	page	noun			ubbil xët ñaar fukk ak ñaar	open page twenty-two
xew	happen	verb			bayi ko mu xew	let it happen
xew-xew	event	noun			xew-xew bi tambalina	the event has started
xibaar	news	noun			xibaaru dëkk bi	news of the realm
xibaar	report	noun			doxe xibaar	make a report
xiif	hunger	noun			xiif ak marr	hunger and thirst
xób	leaf	noun			xób bu wert	green leaf
xol	heart	noun			xol bu rafet	good heart
xonk	red	adjective			tuñ yu xonk	red lips
xool	look	verb			xoolal xale bu goor bi	look at the boy
xoox	nucleus	science			ab xoox dafay am ay feppsaal ak ay nëtron	a nucleus contains protons and neutrons
xor	shell	noun			xoru junkob	shell of a crab
xulóo	squabbles	noun			xulóo ak saaga	squabbles and insults
xulóo	argue	verb			xulóo ak moom	argue with him
xulóo	quarrel	noun			xulóo bu rëy	a big quarrel
yaakaar	hope	noun			amnaa yaakaar	I have hope
yaakar	think	verb			yaakar na ni...	I think that ...
yaar	metre	noun		length metric; meter (American English)	fukki yaar	ten metres
yaatuwaay	width	noun			gudaay ak yaatuwaay	height and width
yaay	mother	noun			sama doomu yaay sama ràkk la	my mother's child is my sibling
yakk	sabotage	noun			lii yakk la	this is sabotage
yalla	god	noun			yalla mi wóór	dependable god
yamb	bee	noun			ay yamb yu bare	many bees
yapp	flesh	noun			yapp ak deret	flesh and blood
yàpp	meat	noun			yàppu bèy	goat meat
yàq	destroy	verb			yàq lépp	destroy everything
yàq biir	abortion	noun			doktor bi dafay yàq biir	the doctor performs abortion
yàqu	chaotic	adjective			barab bi dafa yàqu	the place is chaotic
yar	discipline	verb			yaral sa doom	discipline your child
yaram	body	noun			nit moy yaram, rùx ak xel	a person is body, soul and spirit
yàx	bone	noun			sama loxo am na yàx	my hand has bones
yax	joint	noun			talal say yax	stretch your joints
yay	desert	noun			yay bi bëréwul ndox	water is scarce in the desert
yéeg	climb	verb			yéeg ay tangor	to climb mountains
yeeg	rise	verb			su ab sègg yeegee	if a tiger rises
yéel	eyebrow	noun			bët ak yéel	eye and eyebrow
yéené	will	noun			yéené Borom bi	God's will
yéet	snail	noun			damay lekk yéet	I eat snails
yeex	slowly	adverb			mbonaat doxiinam dafa yeex	a tortoise walks slowly
yëf	thing	noun		a reference to an unnamed object	yëf bi; yëf yi	the thing; the things
yëg	feel	verb			mangi yëg jamm	I am feeling good
yeggali	continue	verb			yeggali ligëy bi	continue the work
yëgle	announcement	noun			jàng yëgle bi	read the announcement
yéglé	warning	noun			déglul yéglé bi	listen to the warning
yëgle	announce	verb			yëgle lii	announce that
yegsi	arrive	verb			bo yegsee, nga woo ma	when you arrive, call me
yëkëti	raise	verb			yëkëtil sa loxo	raise your hand
yelleef	rights	noun			yelleefu doomu aadama	rights of humankind
yen	burden	noun			yen wu diis lool	very heavy burden
yëngu	shake	verb			yëngu mba sàwar	to shake the tiredness off
yépp	entire	adjective			kër gi yépp	the entire house
yere	clothes	noun			jënd ay yere	buy clothes
yëre	dress	noun			yëre bu bulo	blue dress
yere	attire	noun			sa yere bi rafetna	your attire is beautiful
yéré	cloth	noun			sol yéré	wear cloth
yërmande	leniency	noun			wan ko yërmande	show him leniency
yobbu	lead	verb			yobbu ñu	lead us
yokk	increase	verb			sacc dafay yokk	burglary is increasing
yokk	addition	noun			1+1=2; lii moy ab yokk	1 + 1 = 2; this is addition
yokkuté	development	noun			yokkuté bu baax	good development
yokkuté	progress	noun			mangi guiss yokkuté	I see progress
yolaakon	liquor	noun			këpp tuuti yolaakon	pour a little liquor
yolet	violet	adjective			tortoor yu yolet	violet flowers
yoloxté	weakness	noun			ci yoloxtéem	in her weakness
yomb	cheap	adjective			yomb	be cheap
yomb	easy	adjective			eksame dafa yomb	the exam is easy
yonent	messenger	noun			yonent yi dikk nañ	the messengers arrived
yónne	send	verb		assign a task to	yónne ma	send me
yonnént	prophet	noun			yonnént bu am doole	powerful prophet
yoo	mosquito	noun			ab yoo màtt nama	a mosquito has bitten me
yoon	justice	noun			moom sa bopp ak yoon	freedom and justice
yoon	law	noun		rules by the government	yoon neena	the law says
yoon	link	noun			yoonu internet	Internet link
yoon	way	noun			yoon wi	the way
yoor-yoor	afternoon	noun			Dina ñëw yoor-yoor	I will come in the afternoon
Yoruba	Yoruba	noun			Kalama Yoruba	Yoruba language
yuqóol	hiccups	noun			dafay yuqóol	he has got the hiccups
yuuxu	shout	verb			yuuxu ndimbël	to shout for help
