ሀሙስ	Thursday	noun			የሀሙስ ልጆች	Thursday children
ሀምሳ	fifty	adjective		the number 50	ሀምሳ ጠርሙሶች	fifty bottles
ሀዉሳ	Hausa	noun			ሀዉሳ ቋንቋ	Hausa language
ሀያ	twenty	adjective		The number 20	ሀያ ጠርሙሶች	twenty bottles
ሀይቅ	lake	noun			ሀይቁ ከመጠን በላይ ፈሰሰ	the lake has overflowed
ሀይድሮጅን	hydrogen	science			ሀይድሮጅን(ኤች) 1 ፕሮቶን አለዉ	hydrogen (H) has 1 proton
ሁለት	two	adjective			ግድግዳዉ ላይ ሁለት ብርጭቆዋች አሉ	There are two bottles on the wall
ሂሳብ	mathematics	noun			እሷ ሂሳብ ታስተምራለች	she teaches mathematics
ህግ	rule	noun			እሷ ህግ ትከተላለች	she follows the rules
ሆስፒታል	hospital	noun			ወደ ሆስፒታል ሂድ	go to a hospital
ሆቴል	hotel	noun			ሆቴል ነዉ የምታድረዉ	she sleeps at a hotel
ሆድ	stomach	noun			ትልቅ ሆድ	big stomach
ለማራገፍ	shake	verb			ድካሙን ለማራገፍ	to shake the tiredness off
ለማስቀየም	diss	noun			ለማስቀየም አይደለም	it is not a diss
ለምን	why	adverb			ለምን ሆነ?	why so?
ለስላሳ	soft	adjective			ለስላሳ ዳቦ	soft bread
ለእርሱ	him	pronoun			ለእርሱ አሳየዉ	show him
ለእርሷ	her	pronoun			ለእርሷ አሳያት	show her
ለእኛ	us	pronoun			ለእኛ አሳየን	show us
ለካ	measure	verb			ሁለት የሻይ ማንኪያ ለካ	measure two spoonfuls
ሉዎ	Luwo	noun		modern written form of the Acholi and Dholuo language	እኔ ሉዎ ማንበብ እችላለሁ	I can read Luwo
ሉጋንዳ	Luganda	noun			ሉጋንዳ ቋንቋ	Luganda language
ሊድ	lead	science			ሊድ (ፒቢ) 82 ፕሮቶኖች አሉት	lead (Pb) has 82 protons
ላባ	feather	noun			የወፍ ላባ	bird's feathers
ላክልኝ	send	verb			ለእኔ ላክልኝ	send me
ልብ	heart	noun			ጥሩ ልብ	good heart
ልብስ	fabric	noun			ለእኔ ልብስ ግዛልኝ	buy fabric for me
ልብስ	dress	noun			ሰማያዊ ልብስ	blue dress
ልብስ	cloth	noun			ልብስ ልበስ	wear cloth
ልብስ	attire	noun			ያንተ ልብስ በጣም ያምራል	your attire is beautiful
ልብሶች	clothes	noun			ልብሶች መግዛት	buy clothes
ልደቴ	birthday	noun			ዛሬ ልደቴ ነዉ	today is my birthday
ልጁ	boy	noun			ልጁ እዚህ ይገኛል	the boy is here
ልጅ	baby	noun			እኔ ልጅ አለኝ	I have a baby
ልጅ	child	noun			የእናቴ ልጅ የእኔ ዘመድ ነዉ	my mother's child is my sibling
መሄድ	go	verb			ወደ ትምህርት ቤት ለመሄድ	to go to school
መሄድ	go	verb			ወደ ትምህርት ቤት መሄድ	to go to school
መመልከት	watch	verb			እግርኳስ መመልከት	to watch football
መመገብ	eat	verb			ሁሉንም ምግብ መመገብ	to eat everything
መምጣት	come	verb			እዚህ መምጣት	to come here
መረዳት	understand	verb			አንድን ነገር በደንብ መረዳት	to understand something very well
መራመድ	walk	verb			በዝግታ መራመድ	to walk slowly
መራራ	bitter	adjective			መራራ መድሀኒት	bitter medicine
መሬቱ	floor	noun			መሬቱ ላይ	on the floor
መሬት	land	noun			መሬት ግዛ	buy land
መርፌ	needle	noun			መርፌ እና ክር	string and needle
መሮጥ	run	verb			እንደ ጥንቸል መሮጥ	to run like a hare
መሰረት	foundation	noun			የቤቱ መሰረት	foundation of the house
መሰናበት	die	verb			ከጨዋታዉ በጊዜ መሰናበት	to die young in the play
መስመር	line	noun			ኳሱ መስመሩን አልፋል	the ball has crossed the line
መስማት	hear	verb			ፉጨቱን መስማት ችላለች	she heard the whistle
መስረቅ	steal	verb			መስረቅ እና ማበላሽት	steal and destroy
መስራት	work	verb			ጠንክሮ መስራት	to work hard
መስታወት	mirror	noun			ትልቅ መስታወት	big mirror
መስኮት	window	noun			መስኮት መክፈት	open the windows
መቀመጥ	sit	verb			እዚህ ጋር መቀመጥ	to sit here
መቀቀል	boil	noun			መቀቀል በጣም ያማል	a boil is painful
መቁረጥ	cut	verb			ኬኩን ለሁለት መቁረጥ	to cut the cake in two
መቅመስ	taste	verb			ምግቡን መቅመስ	taste the food
መቆም	stand	verb			በዝግታ መቆም	to stand slowly
መብረር	fly	verb			ወደ ሰማይ መብረር	to fly into the sky
መተኛት	sleep	verb			ምሽት ላይ መተኛት	to sleep at night
መነሳት	disposition	noun			የሰዉ ከአንድ ቦታ መነሳት	a person's disposition
መነኩሴ	bishop	noun			እሷ መነኩሴ ናት	she is a bishop
መናገር	speak	verb			እዉነቱን መናገር	to speak the truth
መንካት	touch	verb			የእርሷን ፀጉር መንካት	to touch her hair
መኝታ	bedroom	noun			ቤቱ ሁለት መኝታ አለዉቤቱ ሁለት መኝታ አለዉ	the house has two bedrooms
መኪና	car	noun			መኪና መንዳት	drive a car
መዉጣት	climb	verb			ተራሮችን መዉጣት	to climb mountains
መዘንጋት	forgetfulness	noun			የእሷ መዘንጋት	her forgetfulness
መዝለል	jump	verb			አጥር መዝለል	to jump a wall
መዝገበቃላት	dictionary	noun			የምስል መዝገበቃላት	picture dictionary
መዝጋት	close	verb			በሩን መዝጋት	to close the door
መዝፈን	sing	verb			በጣም ደስ የሚል ዘፈን መዝፈን	to sing a sweet song
መድሀኒት	take	verb			መድሀኒት መዉሰድ	to take medicine
መጀመር	start	verb			በጠዋቱ መጀመር	to start early
መግለጫ	announcement	noun			መግለጫዉን አንብብ	read the announcement
መግዛት	buy	verb			አንድ ነገር መግዛት	to buy something
መግደል	kill	verb			ፍየልን መግደል	to kill a goat
መግፋት	push	verb			ጋሪዉን መግፋት	to push the lorry
መጎተት	pull	verb			ገመዱን መጎተት	to pull the rope
መጠበቅ	wait	verb			ለጥቂት ጊዜ መጠበቅ	to wait a bit
መጠን	volume	math		a quantity that represents the size of a container	መጠን(ኩብ) =ርዝመት xየጐን ርዝመት  x ቁመት	volume(cube) = length x width x height
መጠየቅ	ask	verb			ኮፊን መጠየቅ	to ask Kofi
መጠጣት	drink	verb			ዉሀ መጠጣት	to drink water
መጥላት	hate	verb			ላዚኖችን መጥላት	to hate laziness
መጥረጊያ	broom	noun			መጥረጊያ እና የቆሻሻ ማንሻ	broom and dustpan
መጥራት	call	verb			ልጁን መጥራት	to call the boy
መጥፎ	bad	adjective			መጥፎ ዉሻ	bad dog
መጨረሻዉ	end	noun			መጨረሻዉ ጊዜ ቀርቡዋል	the end has come
መጨፈር	dance	verb			በደስታ መጨፈር	to dance with joy
መጮህ	shout	verb			ለእርዳታ መጮህ	to shout for help
መጸዳጃ ቤት	bathroom	noun			ወደ መጸዳጃ ቤት ሂድ	go to the bathroom
መጽሀፋን ያዘዉ	carry	verb			መጽሀፋን ያዘዉ	carry the book
መፀለይ	pray	verb			ለጠላቶቼ መፀለይ	to pray for my enemies
መፃፍ	write	verb			ደብዳቤ መፃፍ	to write a letter
መፅሀፍ	book	noun			ይህ መፅሀፍ	this book
መፈለግ	need	verb			ቤተሰብ መፈለግ	to need family
ሙሉ	even	mathadj			2 ሙሉ ቁጥር ነዉ	2 is an even number
ሙሉ	full	adjective			ሙሉ ጣሳ	full bucket
ሙሽሪት	bride	noun			የሙሽሪት ባል ;ሙሽራ	bride's husband; groom
ሙዚቀኛ	musician	noun			ሙዚቀኛ ዉ	the musicians
ሙዝ	banana	noun			ጦጣ ሙዝ ይወዳል	a monkey likes bananas
ሙገሳ	praise	noun			ሙገሳ ይገባታል	she deserves praise
ሚስት	wife	noun			የእኔ ሚስት እና ልጆች	my wife and my children
ማህበር	association	noun			ወደ ወንዶች ማህበር ስብሰባ እንድትመጣ	come to the men's association meeting
ማላጋሲ	Malagasy	noun		a language of Madagascar	ማላጋሲ ቋንቋ	Malagasy language
ማልቀስ	cry	verb			ሁልጊዜ ማልቀስ	to cry each time
ማመልከቻ	application	noun			የስራ ማመልከቻ	job application
ማመስገን	thank	verb			አባትህን ማመስገን	to thank your Father
ማመንጫ	enmity	noun			ታላቅ ማመንጫ	great enmity
ማርች	March	noun			ማርች 31 ቀናቶች አሉት	March has 31 days
ማስተማር	teach	verb			ሂሳብን ማስተማር	to teach mathematics
ማስነጠስ	sneeze	verb			ጮክ ብሎ ማስነጠስ	to sneeze loudly
ማሽተት	smell	verb			አበቦቹን ማሽተት	to smell the flowers
ማበረታታት	encouragement	noun			ማበረታታት እና ደስታ	encouragement and joy
ማበጠሪያ	comb	noun			ፀጉርህን ለማበጠር ማበጠሪያ ተጠቀም	use a comb to comb your hair
ማታለል	deception	noun			ማታለል እና ማጭበርበር	deception and discord
ማንበብ	read	verb			መፅሀፍ ማንበብ	to read a book
ማንኪያ	spoon	noun			አስራ ስድስት ማንኪያዎች	sixteen spoons
ማንጎዉ	mango	noun			ማንጎዉ በስሉዋል	the mango has ripened
ማንጐ	mango	noun			ማንጐዉ በሰለ	the mango has ripened
ማከም	heal	verb			ህመምን ከም	heal disease
ማካፈል	division	noun			2/1 = 2; ይህ ማካፈል ነዉ	2/1 = 2; this is division
ማክሰኞ	Tuesday	noun			የማክሰኞ ልጆች	Tuesday children
ማክበቢያ	collander	noun			ክብ ለመስራት ማክበቢያዉን ተጠቀም	use the collander to drain the rice
ማዉራት	talk	verb			ብዙ ማዉራት	to talk too much
ማየት	see	verb			መንፈሶችን ማየት	to see ghosts
ማድረቅ	dry	verb			ልብስ ማድረቅ	to dry clothes
ማጠብ	wash	verb			ልብሶችን ማጠብ	wash clothes
ማጠፍ	fold	verb			የእናትን ልብስ ማጠፍ	to fold mother's cloth
ማጭበርበር	discord	noun			ዉሸት እና ማጭበርበር	lies and discord
ምራን	lead	verb			እኛን ምራን	lead us
ምስል	picture	noun			የሚያምር ምስል	beautiful picture
ምቾት	comfort	noun			ምቾት ስጠኝ	give me comfort
ምንድን	what	pronoun			የሄ ምንድን ነዉ?	what is that?
ምንጣፍ	carpet	noun			አዲስ ምንጣፍ	new carpet
ምክር	advice	noun			ቄሱ ምክር አለዉ	a priest has advice
ምክንያቱም	because	conjunction			ምክንያቱም ስለምወድህ	because I like you
ምድር	earth	noun			የምድር ሰዋች	people of the earth
ምግብ	food	noun			ምግብ መመገብ	eat food
ሞቃት	hot	adjective			ሞቃት ዉሀ	hot water
ሞኝ	fool	noun			ሞኝ ! ቂል !	Fool! Dimwit!
ሞኝነት	folly	noun			ሞኝነት ነዉ	it is just folly
ሬሳዉ	corpse	noun			ሬሳዉ እየበሰበሰ ነዉ	the corpse is rotting
ሬክታንግል	rectangle	noun			ሬክታንግል አራት አንግሎች አሉት	a rectangle has four angles
ርካሽ	cheap	adjective			ርካሽ ይሁን	be cheap
ርዝመት	length	noun			ቁመት , የጐን ስፋት እና ርዝመት	height, width and length
ሰላም	peace	noun			ሰላም እፈልጋለሁ	I want peace
ሰላም በሉ	greet	verb			አማን ሰላም በሉ	greet Ama
ሰላሳ	thirty	adjective		the number 30	ሰላሳ ጠርሙሶች	thirty bottles
ሰማንያ	eighty	adjective		the number 80	ሰማንያ ጠርሙሶች	80 bottles
ሰማያዊ	blue	adjective			ሰማያዊ ልብስ	blue dress
ሰርተፊኬት	certificate	noun			ትምህርት ስትጨርስ ሰርተፊኬት ታገኛለህ	when you complete school you get a certificate
ሰርዝ	cancel	verb			ስብሰባዉን ሰርዝ	cancel the meeting
ሰባ	seventy	adjective		the number 70	ሰባ ጠርሙሶች	seventy bottles
ሰባት	seven	adjective		The number 7	ሰባት ብርጭቆዋች	seven bottles
ሰብዓዊነት	humility	noun			ሰብዓዊነትህን አሳይ	you show humility
ሰንሰለቴን	chain	noun			እሷ ሰንሰለቴን በጠሰችዉ	she has broken my chains
ሰኞ	Monday	noun			የሰኞ ልጆች	Monday children
ሰዓት	hour	noun			አስር ሰዓት	ten hours
ሲልቨር	silver	science			ሲልቨር (ኤጂ) 47 ፕሮቶኖች አሉት	silver (Ag) has 47 protons
ሲሚንቶ	cement	noun			ድንጋይ እና ሲሚንቶ	stones and cement
ሲይምባል	cymbal	noun			ሲይምባል ተጫወተዉ	play the cymbals
ሲጋራ	cigarette	noun			ሲጋራ አጭስ	smoke a cigarette
ሳህን	bowl	noun			ቀይ ሳህን	a red bowl
ሳህን	plate	noun			ሳህንህን እጠብ	wash your plate
ሳሙና	soap	noun			ባልዲ እና ሳሙና	pail and soap
ሳንቲሞች	coin	noun			አራት ሳንቲሞች	four coins
ሳይክል	bicycle	noun			አዲስ ሳይክል	new bicycle
ሳጥን	box	noun			ሳጥን ሀ ከ ሳጥን ለ ይበልጣል፡፡	box A is bigger than box B
ሴብቴምበር	September	noun			ሴብቴምበር 30 ቀናቶች አሉት	September has 30 days
ሴት	girl	noun			ረጅም ሴት ልጅ	tall girl
ሴት	woman	noun			ቆንጆ  ሴት	a pretty woman
ሴት	girl	noun			ረጅም ሴት	tall girl
ሴት አያት	grandmother	noun			የእኔ ሴት አያት	my grandmother
ስሌት	computing	noun			ኮምፒዉተር ስሌት ይሰራል	a computer does computing
ስልሳ	sixty	adjective		the number 60	ስልሳ ጠርሙሶች	sixty bottles
ስልክ	phone	noun			የእርሷ ስልክ	her phone
ስልክ	telephone	noun			የቤት ስልክ	house telephone
ስም	name	noun			የእኔ ስም	my name
ስምንት	eight	adjective		The number 8	ስምንት ብርጭቆዋች	Eight bottles
ስራ	build	verb			ቤት ስራ	build a house
ስራ	make	verb			ምግብ ስራ	make food
ስርቆት	burglary	noun			ስርቆት እየተበራከተ ነዉ	burglary is increasing
ስብሰባ	crowd	noun			ጩሀታማ ስብሰባ	noisy crowd
ስዋህሊ	Swahili	noun			ስዋህሊ ቋንቋ	Swahili language
ስድስት	six	adjective		The number 6	ስድስት ብርጭቆዋች	six bottles
ስጋ	meat	noun			የፍየል ስጋ	goat meat
ስጋ	flesh	noun			ስጋ እና ደም	flesh and blood
ስጋ	body	noun			ሰዉ ስጋ ነፍስ እና መንፈስ ነዉ	a person is body, soul and spirit
ስጡት	give	verb			ዉሀዉን ለሱ ስጡት	give the water to him
ስጦታ	gift	noun			ጥሩ ስጦታ	a good gift
ስጦታ	good	adjective			ጥሩ ስጦታ	a good gift
ሶስት	three	adjective		The number 3	ሶስት ብርጭቆዋች	three bottles
ሸረሪት	spider	noun			የሸረሪት ድር	spider's web
ሸክላ	clay	noun			የሸክላ አበባ ማስቀመጫ	clay vase
ሹካ	fork	noun			ሹካ እና ማኪያ	fork and knife
ሹፌሩ	driver	noun			ሹፌሩ ፍሬን ያዘ	the driver has braked
ሼፍ	chef	noun			ጥሩ ሼፍ	a good chef
ሽልማት	award	noun			ሽልማት ስጥዋት	give her an award
ሽታ	fragrance	noun			የሺ ዛፍ ቅቤ ሽታ	the fragrance of sheabutter
ሽንፈት	defeat	noun			ድል እና ሽንፈት	victory and defeat
ሽኮኮ	squirrel	noun			ሽኮኮ የቴምብር ፍሬ ትወዳለች	a squirrel likes palm nuts
ሾና	Shona	noun			እኔ ሾና እናገራለሁ	I speak Shona
ቀላል	easy	adjective			ፈተናዉ በጣም ቀላል ነዉ	the exam is easy
ቀላልክብደት	lightweight	adjective			ቀላልክብደት ያለዉ መጽሀፍ ነዉ	the book is lightweight
ቀቅል	cook	verb			ትንሽ ሩዝ ቀቅል	cook a little rice
ቀበቶ	belt	noun			ጥቁር ቀበቶ	black belt
ቀብር	funeral	noun			ወደ ቀብር እየሄድኩ ነዉ	I am going to a funeral
ቀኑ	date	noun			ዛሬ ቀኑ ምንድን ነዉ	which date is today?
ቀኑ	day	noun			ቀኑ ደርሱዋል	the day has arrived
ቀዝቃዛ	cold	adjective			ቀዝቃዛ ዉሀ	cold water
ቀይ	red	adjective			ቀይ ከንፈሮች	red lips
ቀጭኔ	giraffe	noun			ቀጭኔ እንስሳ ነዉ	a giraffe is an animal
ቁመት	height	noun			ቁመት እና የጐን ስፋት	height and width
ቁርስ	breakfast	noun			እሱ ቁርስ ይበላል	he will eat breakfast
ቁጠር	count	verb			ብር ቁጠር	count money
ቁጥቋጦ	bush	noun			ወደ ቁጥቋጦዉ ሂዱ	go into the bush
ቃል	promise	noun			ቃል ግባልኝ	give me a promise
ቅማል	louse	noun			የዶሮ ቅማል	chicken lice
ቅምጥ	concubine	noun			ያ የኔ ቅምጥ ናት	Yaa is my concubine
ቅርጫት	basket	noun			ቅርጫት ያዝ	carry a basket
ቅርፅ	shape	noun			የቤቱ ቅርፅ	the shape of the house
ቅንድብ	eyebrow	noun			አይን እና ቅንድብ	eye and eyebrow
ቅዳ	pour	verb			ዉሀ ቅዳ	pour water
ቅዳሜ	Saturday	noun		day of the week	የቅዳሜ ልጆች	Saturday children
ቅድመአያቶች	ancestor	noun			የእኔ ቅድመአያቶች	my ancestors
ቅጠል	leaf	noun			አረንጓዴ ቅጠል	green leaf
ቆይታ	duration	noun			የአርባ ሰዓታት ቆይታ	forty-hour duration
በሙሉልብ	determination	noun			እኛ በሙሉልብ እናደርገዋለን	we will do it with determination
በረሮ	cockroach	noun		also known as a roach (American English)	በረሮ ይታየኛል	I see a cockroach
በረከት	blessing	noun			የእግዚአብሄር በረከት	God's blessing
በር	door	noun			በር መዝጋት	close the door
በርሀ	desert	noun			ዉሀ በበርሀ አይገኝም	water is scarce in the desert
በሽታ	disease	noun			በሽታ ማዳን	heal disease
በቆሎ	corn	noun			በቆሎ እና ለዉዝ	corn and groundnuts
በትንሹ	smile	verb			በትንሹ ፈገግ ማለት	to smile a bit
በትክክል	well	adverb			በትክክል ስራዉ	do it well
በወደፊት	future	noun			በወደፊት ህይወትህ ቅንጦት ይታየኛል	I see luxury in your future
በዝግታ	slowly	adverb			በዝግታ ተራመድ	walk slowly
በጊዜ	early	adverb			በጊዜ እንድትመጣ	come early
በግ	sheep	noun			የበግ ስጋ( ይህም ማለት የበግስጋ)	sheep meat (i.e. mutton)
በፍጥነት	quickly	adverb			በፍጥነት ነዉ የምትራመደዉ	you walk quickly
ቡርኪና ፋሶ	Burkina Faso	noun			ወደ ቡርኪና ፋሶ ሂድ	go to Burkina Faso
ቡኒ	brown	adjective			ቡኒ ወፍ	brown bird
ቡና	coffee	noun			እሷ ቡና ትጠጣለች	she drinks coffee
ቢለዋ	knife	noun			ስል ቢለዋ	sharpen a knife
ቢራ	beer	noun			እኛ ቢራ እየጠጣን ነዉ	we are drinking beer
ቢራቢሮ	butterfly	noun			ቢራቢሮ ያምራል፡፡	a butterfly is beautiful
ቢሮ	office	noun			የእናቴ ቢሮ	the office of my mother
ቢዝነስ	business	noun			ቢዝነስ እና ፓለቲካ	business and politics
ቢጫ	yellow	adjective			ቢጫ ባንዲራ	yellow flag
ባል	husband	noun			የእኔን ባል እወደዋለሁ	I love my husband
ባሬላ	barrel	noun			ባሬላዉን ሙላዉ	fill up the barrel
ባቄላ	bean	noun			ሩዝ እና ባቄላ	rice and beans
ባቡር	train	noun			አዲስ ባቡር	new train
ባትሪ	battery	noun			አዲስ ባትሪ	a new battery
ባንክ	bank	noun			ብሬ ባንክ ዉስጥ ነዉ	my money is at the bank
ባንዲራ	flag	noun			ቢጫ ባንዲራ	yellow flag
ባዶ	empty	adjective			ባዶ ጣሳ	empty bucket
ቤሪሊየም	beryllium	science			ቤሪሊየም (ቢኢ) 4 ፕሮቶኖች አሉት	beryllium (Be) has 4 protons
ቤተሰብ	family	noun			አዲስ ቤተሰብ	new family
ቤተክርስቲያን	church	noun			ወደ ቤተክርስቲያን ሂድ	go to church
ቤት	house	noun			ይሀ ቤት	the house
ቤት	house	noun			የ ቤት	the house
ቤቶችን	sell	verb			ቤቶችን መሸጥ	to sell houses
ቤኒን	Benin	noun		A country in Africa	ወደ ቤኒን ሂድ	go to Benin
ብልጽግና	prosperity	noun			ሰላም እና ብልጽግና	peace and prosperity
ብሎዉ	blow	noun			ለእርሱ ብሎዉ ስጡት	give him a blow
ብረት	iron	science			ብረት (ኤፍኢ) 26 ፕሮቶኖቸ አለዉ	iron (Fe) has 26 protons
ብር	silver	noun			ብር እና ወርቅ	silver and gold
ብርቱካናማ	orange	adjective			ብርቱካናማዉን ኮፍያ አድርግ	wear the orange cap
ብርት	orange	noun			ሶስት ብርትኳን	three oranges
ብርድ ልብስ	blanket	noun			እርትብ ብርድ ልብስ	wet blanket
ብብት	armpit	noun			የሚሸት ብብት	smelly armpit
ብድር	debt	noun			እሱ ብዙ ብድር አለበት	he has many debts
ቦርሳዉን	bag	noun			ቦርሳዉን ተመልከተዉ	look at the bag
ቦሮን	boron	science			ቦሮን (ቢ) 5 ፕሮቶኖች አሉት	boron (B) has 5 protons
ቦታ	place	noun			የትኛዉ ቦታ?	which place?
ቦዲ	bodice	noun			እሷ ቦዲ ታደርጋለች	she wears a bodice
ቫዮሌት	violet	adjective			ቫዮሌት አበባዋች	violet flowers
ተመልከተዉ	look	verb			ልጁን ተመልከተዉ	look at the boy
ተማሩ	learn	verb			እነሱ ቋንቋ ተማሩ	they learn a language
ተረቶችን	fable	noun			ተረቶችን ማንም አያምንም	one does not believe fables
ተራራ	mountain	noun			የተራራ ጫፍ	mountain peak
ተቀበለዉ	keep	verb			ለዉጡን ተቀበለዉ	keep the change
ተቀበሏት	accept	verb			እሷን ተቀበሏት	accept her
ተበደር	borrow	verb			ብር ተበደር	borrow money
ቲማቲም	tomato	noun			ሁለት ቲማቲሞች	two tomatoes
ታሪክ	story	noun			ታሪክ ንገረኝ	tell me a story
ታስታዉሰኛለህ	remember	verb			እኔን ታስታዉሰኛለህ?	you remember me?
ታዋቂ	famous	adjective			ታዋቂ ሰዉ	famous person
ቴሌቭዝን	television	noun			ቴሌቭዝኑን አብራዉ	switch on the television
ትላንትና	yesterday	adverb			እሷትላንትና ገብታለች	she arrived yesterday
ትልቅ	big	adjective			ትልቅ አዳ	Big Adae
ትምህርት	education	noun			ጤና እና ትምህርት	health and education
ትምህርት ቤት	school	noun		a place where learning happens	ማንበብ የተማርኩት ትምህርት ቤት ዉስጥ ነዉ	I learn to read at school
ትሪያንግል	triangle	noun			ትሪያንግል ሶስት አንግሎች አሉት	a triangle has three angles
ትራስ	pillow	noun			ትራስ እና አልጋ	pillow and bed
ትርፍ	profit	noun			ትርፍ አግኝ	make profit
ትንሽ	small	adjective			ትንሽ ነገር	a small thing
ትንኞች	blowfly	noun			አየር ላይ ያሉ በራሪ ትንኞች ያናድዳሉ	blowflies are annoying
ትንፋሽ	breath	noun			ትንፋሽን ሰብስብ ;እረፍት	collect your breath; rest
ትእግስት	patience	noun			ፍቅር እና ትእግስት	love and patience
ቶጐ	Togo	noun		A country in Africa	ወደ ቶጐ ሂድ	go to Togo
ቸኮሌቱ	chocolate	noun			ቸኮሌቱ ርካሽ ሆነ	the chocolate has become cheap
ቻርጆች	charge	science			ኤሌክትሪክ ፓዘቲቭ እና ኔጋቲቭ ቻርጆች አሉት	electricity has positive charge and negative charge
ቻክ	chalk	noun			ነጭ ቻክ	white chalk
ቼክ	cheque	noun			ቼክ ጻፍ	write a cheque
ነርስ	nurse	noun			እርሷነርስ ናት	she is a nurse
ነገ	tomorrow	adverb			እሷ ነገ ትገባለች	she will arrive tomorrow
ነገር	it	pronoun		subject pronoun used to indicate one thing previously mentioned	ነገር ወደቀ	it falls
ነገርግን	but	conjunction			ወድጄዋለሁ ነገርግን	I like it, but
ነጠላ ጫማ	slippers	noun			ነጠላ ጫማ እለበስክ/ሽ ነው፡፡	you are wearing slippers
ነጥብ	point	noun			አንድ ነጥብ 5 (1.5) አንድ ከግማሽ ማለት ነዉ	1 point 5 (1.5) is one and a half.
ነጭ	white	adjective			ነጭ ቤት	white house
ነጻነት	freedom	noun			ነጻነት እና ፍትህ	freedom and justice
ናይጄሪያ	Nigeria	noun		A country in Africa	ወደ ናይጄሪያ ሂድ	go to Nigeria
ንቦች	bee	noun			ብዙ ንቦች	many bees
ንዴትክን	anger	noun			ንዴትክን አብርድ	calm your anger
ንፋስ	wind	noun			ንፋሱ እየነፈሰ ነዉ	the wind is blowing
ኖቬምበር	November	noun			ኖቬምበር 31 ቀናቶች አሉት	November has 30 days
አህጉር	continent	noun			የአፍሪካ አህጉር	African continent
አለመግባባት	friction	noun			በሁለታችን መካከል አለመግባባት ተፈጠረ	friction came between us
አለመግባባቶች	argument	noun			ብዙ አለመግባባቶች	many arguments
አላት	have	verb			እሷ ገንዘብ አላት	she has money
አልሙኒየም	aluminium	science			አልሙኒየም(ኤኤል) 13 ፕሮቶኖች አሉዋቸዉ	aluminium (Al) has 13 protons
አልኩኝ	say	verb			እኔ እሺ አልኩኝ	I say yes
አልጋ	bed	noun			አልጋ ላይ መተኛት	sleep on the bed
አመሰግናለሁ	thank you	exclamation			በጣም አመሰግናለሁ	thank you very much
አመሻሽ	dawn	noun			አመሻሽ ላይ ከዚህ እኔዳለን	we will leave here at dawn
አመድ	ash	noun			ከሰል እና አመድ	charcoal and ashes
አምስት	five	adjective		The number 5	አምስት ብርጭቆዋች	Five bottles
አሞራ	eagle	noun			ሁለት ንስር አሞራዋች	two eagles
አሞራ	owl	noun			አሞራ የወፍ ዝርያ ነዉ	an owl is a bird
አረንጓዴ	green	adjective			አረንጓዴ ቅጠል	green leaf
አራት	four	adjective		The number 4	ግድግዳዉ ላይ አራት ብርጭቆዋች አሉ	There are four bottles on the wall
አርባ	forty	adjective		the number 40	አርባ ጠርሙሶች	forty bottles
አርብ	Friday	noun			የአርብ ልጆች	Friday children
አርገን	argon	science			አርገን (ኤአር) 18 ፕሮቶኖች አሉት	argon (Ar) has 18 protons
አሮጌ	old	adjective			አሮጌ መጥበሻ	old pan
አሰልጣኝ	coach	noun			የእግር ኳስ ቡድን አሰልጣኝ	a football team coach
አሳ	fish	noun			የተጠበሰ አሳ	fried fish
አሳአጥማጅ	fisherman	noun			እሱ አሳአጥማጅ ነዉ	he is a fisherman
አሳያቸዉ	them	pronoun			ለእነሱ አሳያቸዉ	show them
አስራ ሁለት	twelve	adjective		the number 12	አስራ ሁለት ብርጭቆዋች	twelve bottles
አስራ ሶስት	thirteen	adjective		the number 13	አስራ ሶስት ብርጭቆዋች	thirteen bottles
አስራ አንድ	eleven	adjective			አስራ አንድ ብርጭቆዋች	eleven bottles
አስራሰባት	seventeen	adjective		the number 17	አስራሰባት ጠርሙሶች	seventeen bottles
አስራስምንት	eighteen	adjective		the number 18	አስራስምንት ጠርሙሶች	eighteen bottles
አስራስድስት	sixteen	adjective		the number 16	አስራስድስት ጠርሙሶች	sixteen bottles
አስራአምስት	fifteen	adjective		the number 15	አስራአምስት ጠርሙሶች	fifteen bottles
አስራአራት	fourteen	adjective		the number 14	አስራአራት ጠርሙስ	fourteen bottles
አስራዘጠኝ	nineteen	adjective		the number 19	አስራዘጠኝ ጠርሙሶች	nineteen bottles
አስር	ten	adjective		the number 10	አስር ብርጭቆዋች	ten bottles
አስቀያሚ	ugly	adjective			አስቀያሚ ነዉ	it is ugly
አስባለሁ	think	verb			ያንን አስባለሁ	I think that ...
አስተማሪ	teacher	noun			እኔ አስተማሪ ነኝ	I am a teacher
አስቸጋሪ	difficult	adjective			ፈተናዉ በጣም አስቸጋሪ ነዉ	the exam is difficult
አስቸጋር	hard	adjective			በጣም አስቸጋር ነዉ	it is hard
አሸዋ	beach	noun			የባህር ዳርቻ አሸዋ	beach sand
አሻንጉሊት	doll	noun			የእኔ አሻንጉሊት	my doll
አቁም	stop	verb			ድምፅ ማዉጣት አቁም	stop making noise
አበረታታት	encourage	verb			እሷን አበረታታት	encourage her
አበባ	flower	noun			የሚያምር አበባ	pretty flower
አባቴ	father	noun			የአባቴ ልጅ የእኔ ዘመድ ነዉ	my father's child is my sibling
አቤት	hello	exclamation			አቤት አለቃዬ	hello sir
አቦሸማኔ	cheetah	noun			አቦሸማኔ እንስሳ ነዉ	a cheetah is an animal
አተም	atom	science			አተም ኒኩለስ እና ኤሌክትሮን አሉት	an atom has a nucleus and electrons
አናጺ	carpenter	noun			እሱ አናጺ ነዉ	he is a carpenter
አንተ	you	pronoun		second person singular subject pronoun. Used to indicate one person being addressed	አንተ ብላ	you eat
አንድ	one	adjective			ከቤቱ አናት ላይ የቆመ አንድ ብርጭቆ አለ	There is one bottle standing on top of the house
አንድመቶ	hundred	adjective		the number 100	አንድመቶ ጠርሙሶች	hundred bottles
አንድሺ	thousand	adjective		the number 1000	አንድሺ ጠርሙሶች	thousand bottles
አንገት	neck	noun			ከረባቱ አንገት ላይ ተንጠልጥሏል	the tie hangs on his neck
አእምሮ	mind	noun			የእርስዋ አእምሮ	her mind
አካን	Akan	noun		a language group originating from West Africa	እኔ አካን እናገራለሁ	I speak Akan
አካፍል	share	verb			ምግቡን አካፍል	share the food
አዉራዶሮ	cockerel	noun			አዉራዶሮ እየጮሀ ነዉ	a cockerel is crowing
አዉራጣት	thumb	noun			ለመምረጥ አዉራጣት ይጠቀሙ	use your thumb to vote
አዉሮፕላኖች	aeroplane	noun			ሁለት አዉሮፕላኖች	two aeroplanes
አዉቃለሁ	know	verb			እኔ እሱዋን አዉቃለሁ	I know her
አዉቶቢስ	bus	noun			የአዉቶቢስ ማቆሚያ	bus stop
አዉድም	destroy	verb			ሁሉንም ነገር አዉድም	destroy everything
አዞ	alligator	noun			አዞ ሁለት ጭራ አለዉ	an alligator has a tail
አዞ	crocodile	noun			አዞ ዉሀ ይወዳል	a crocodile likes water
አያት	grandfather	noun			የእኔ አያት	my grandfather
አይን	eye	noun			አይን እና ሽፋሽፍት	eye and eyebrow
አይጥ	mouse	noun			ትልቅ አይጥ	a big mouse
አደገ	grow	verb			ህጻኑ አደገ	the child has grown
አዲስ	new	adjective			አዲስ ቤተሰብ	new family
አድራሻ	address	noun			የአንተ አድራሻ	your address
አድናቆት	wonder	noun			አድናቆት እና ፍቅር	wonder and love
አገጭ	chin	noun			አገጭህን ከፍ አድርግ	hold your chin
አግባኝ	marry	verb			እኔን አግባኝ	marry me
አግኘ	get	verb			መጽሀፋን አግኘ	get the book
አግኘዉ	find	verb			ቃሉን አግኘዉ	find the word
አጎት	uncle	noun			አጎት ኮፊ	uncle Kofi
አጥር	fence	noun			ከአጥር ጀርባ	behind a fence
አጭር	short	adjective			አጭር ሰዉ	short man
አፍ	mouth	noun			የእኔ አፍ	my mouth
አፍሪካን	Africa	noun			አፍሪካን ጐብኝ	visit Africa
አፍሪካዊ	African	noun			እኔ አፍሪካዊ ነኝ	I am an African
አፍንጫ	nose	noun			ጆሮ እና አፍንጫ	ear and nose
አፕሪል	April	noun			አፕሪል 30 ቀናቶች አሉት	April has 30 days
ኢሜይሉን	email	noun			ኢሜይሉን ፕሪንት አድርግ	print the email
ኢቦላ	ebola	noun			ኢቦላ በሽታ ነዉ	ebola is a disease
ኢነርጂ	energy	science			ማስን ወደ ኢነርጂ መቀየር ትችላለህ	you can change mass into energy
ኢንዲጎ	indigo	adjective			ኢንዲጎ ልብስ	indigo cloth
ኢንጂነር	engineer	noun			ኢንጂነር መሳሪያዋችን ይፈጥራል	an engineer makes tools
ኢኮኖሚ	economy	noun			የአፍሪካ ኢኮኖሚ	the economy of Africa
ኢግቦ	Igbo	noun			ኢግቦ ቋንቋ	Igbo language
ኤሌክትሪክ	electricity	science			ኤሌክትሪክ ማለት ቻርጆች ከአንድ ቦታ ወደሌላ ሲንቀሳቀሱ ነዉ	electricity is when charges go from one place to a new place
ኤሌክትሮን	electron	science			ኤሌክትሮን -1 ቻርጅ አለዉ	an electron has a charge of -1
ኤርፓርት	airport	noun			እኔ ወደ ኤርፓርት እየሄድኩ ነዉ	I'm going to the airport
እሁድ	Sunday	noun			ክዋሲ እና አኮሱዋ የእሁድ ልጆች ናቸዉ	Kwasi and Akosua are Sunday children
እህት	sister	noun			የእኔ ብቸኛ እህት	my only sister
እመን	believe	verb			ኮፊን እመን	believe Kofi
እምነት	faith	noun			እምነት እና ሰላም	faith and peace
እራስንመካብ	covetuousness	noun			እራስንመካብ ጥሩ አይደለም	covetuousness is not good
እርሳስ	pencil	noun			እርሳስ እና እስክሪፕቶ	pencil and pen
እርሻ	farm	noun			የኮካዋ እርሻ	cocoa farm
እርዳታ	help	verb			ለሁሉም ሰዉ እርዳታ እያደረክ ነዉ	you are helping everyone
እርግብ	dove	noun			ነጭ እርግብ	white dove
እርጥብ	wet	adjective			እርጥብ ብርድልብስ	wet blanket
እሱ	he	pronoun		used to indicate one male person previously mentioned	እሱ ይበላል	he eats
እሳቱን	fire	noun			እሳቱን አቀጣጥለዉ	light the fire
እስልምና	Islam	noun			ክርስትና እና እስልምና	Christianity and Islam
እስከዚያ	to	preposition			ከዚህ እስከዚያ ድረስ	from here to there
እስኪ	let	verb			እስኪ ቡድን እናግኝ	let us found a group
እሷ	she	pronoun		used to indicate one female person previously mentioned	እሷ ትበላለች	she eats
እሺ	yes	exclamation			እሺ አልኩኝ	I say yes
እባብ	snake	noun			እባብ ምንም እግር የለዉም	a snake has no legs
እችላለሁ	can	verb			እኔ ማንበብ እችላለሁ	I can read
እነሱ	they	pronoun		used to indicate people, or things, previously mentioned	እነሱ ይበላሉ	they eat
እና	and	conjunction			ኮፊ እና አማ	Kofi and Ama
እኔ	I	pronoun		used to indicate oneself	እኔ እበላለሁ	I eat
እኔ	open	verb			እኔ በሩን ከፈትኩት	I open the door
እኔ	me	pronoun			እኔ እና አንተ	me and you
እንቁላል	egg	noun			የዶሮ እንቁላል	chicken egg
እንቁራሪት	frog	noun			እንቁራሪት ውሀ ትወዳለች፡፡	a frog likes water
እንቢ	no	exclamation			እንቢ አልኩ	I say no
እንኖራለን	live	verb			እኛ እዚህ እንኖራለን	we live here
እንኩዋን ደህና መጣህ	welcome	exclamation			እንኩዋን ደህና መጣህ	welcome welcome!
እንኩዋንደስያለህ	congratulations	noun			ጥሩ ስራ እና እንኩዋንደስያለህ	congratulations and well done
እንዴት	how	adverb			እንዴት መመገብ ይቻላል	how to eat
እንግሊዘኛ	English	noun			እኔ እንግሊዘኛ እናገራለሁ	I speak English
እንጨት	firewood	noun			ለእሳት የሚሆን እንጨት ሰብስብ	pickup firewood
እኛ	we	pronoun		used to indicate oneself and others	እኛ እንበላለን	we eat
እኩለ ቀን	daybreak	noun			እኩለ ቀን እና እኩለ ሌሊት	daybreak and nightfall
እወድሀለሁ	love	verb			እኔ እወድሀለሁ	I love you
እዉቀት	knowledge	noun			የአለም ሁሉ እዉቀት	all knowledge in the world
እዚህ	here	adverb			እዚህ ጋር ክሊክ አድርግ	click here
እየሳቀ	laugh	verb			እሱ እየሳቀ ነዉ	he is laughing
እየተጫወትን	play	verb			እኛ እየተጫወትን ነዉ	we are playing
እየዳሀ	crawl	verb			ህጻኑ እየዳሀ ነዉ	the child is crawling
እድሜ	age	noun			የአንተ እድሜ	your age
እድገት	development	noun			ጥሩ እድገት	good development
እጅ	bone	noun			የእኔ እጅ አጥንጦች አሉት	my hand has bones
እጅ	hand	noun			እጅ ወደ ላይ ማንሳት	lift up your hand
እጅህን	arm	noun			እጅህን አንሳ	lift up your arm
እግር	leg	noun			ያበጠ እግር	swollen leg
እግር	foot	noun			የእኔ እግር	my foot
እፈልጋለሁ	want	verb			አራት መፅሀፎችን እፈልጋለሁ	I want four books
ኦክስጅን	oxygen	science			ኦክስጅን (ኦ) 8 ፕሮቶኖች አሉት	oxygen (O) has 8 protons
ኦክቶበር	October	noun			ኦክቶበር 31 ቀናቶች አሉት	October has 31 days
ኦገስት	August	noun			ኦገስት 31 ቀናቶች አሉት	August has 31 days
ከ	with	conjunction			ኮፊ ከ አማ ጋር	Kofi with Ama
ከሆነ ከዛም	if ... then	conjunction			ኤ ከሆነ ከዛም ቢ	if A then B
ከረሜላ	toffee	noun			ከረሜላዉን መምጠጥ	lick a toffee
ከሰል	charcoal	noun			የከሰል ክምር	sack of charcoal
ከሰዓት	afternoon	noun			ከሰዓት በሁዋላ እመጣለሁ	I will come in the afternoon
ከበሮዎቹ	drum	noun			ከበሮዎቹ ይሰሙኛል	I hear the drums
ከባድ	heavy	adjective			በጣም ከባድ ነዉ	it is heavy
ከተማ	city	noun			ትልቅ ከተማ	a large city
ከተነሳ	rise	verb			ነብር ከተነሳ	if a tiger rises
ከዚህ	from	preposition			ከዚህ ሂድ	go from here
ኩስ	coop	noun			የዶሮ ኩስ	hen coop
ኩባያ	cup	noun			ሻይ በ ኩባያ	tea cup
ካላንደር	calendar	noun			አዲስ ካላንደር	a new calendar
ካልሺየም	calcium	science			ካልሺየም (ሲኤ) 20 ፕሮቶኖች አሉት	calcium (Ca) has 20 protons
ካሜራ	camera	noun			የካሜራ ሌንስ	lens of a camera
ካርቦን	carbon	science			ካርቦን (ሲ) 6 ፕሮቶኖች አሉት	carbon (C) has 6 protons
ካሮቶች	carrot	noun			አራት ካሮቶች	four carrots
ካሳቫ	cassava	noun			ፕላንቴን እና ካሳቫ	plantain and cassava
ካሽ	cash	noun			እኔ ካሽ አለኝ	I have cash
ካንኦን	canoe	noun			ካንኦን እና ፓድል	canoe and paddle
ኬሚስትሪ	chemistry	noun			እኛ ኬሚስትሪ ተማርን	we learned chemistry
ኬንያ	Kenya	noun		A country in Africa	ወደ ኬንያ ሂድ	go to Kenya
ኬክ	cake	noun			እኛ ኬክ እንበላለን	we will eat the cake
ክሎሪን	chlorine	science			ክሎሪን (ሲኤል) 17 ፕሮቶኖች አሉት	chlorine (Cl) has 17 protons
ክራብ	crab	noun			የክራብ ሾርባ	crab soup
ክር	string	noun			መርፌ እና ክር	string and needle
ክብር	glory	noun			የሰዉ ልጆች ክብር	glory of humankind
ክብርየጎደለዉ	disgrace	noun			ሀፍረት እና ክብርየጎደለዉ	shame and disgrace
ክፋ	evil	noun			የትኛዉ ክፋ ነዉ ይሄ?	which evil is this?
ክፍል	room	noun			ክፍሉ ዉስጥ ተኝታለች	she is sleeping in the room
ክፍያ	compensation	noun			ክፍያህን ተቀበልክ?	have you received your compensation?
ክፍያ	fees	noun			የትምህርት ቤት ክፍያ	school fees
ኮምፒዉተር	computer	noun			የኮምፒዉተር ኪይባርድ	computer keyboard
ኮት	coat	noun			እሷ ኮት እያደረገች ነዉ	she is putting on a coat
ኮት ዲቩዋር	Cote d'Ivoire	noun			ወደ ኮት ዲቩዋር ሂድ	go to Cote d'Ivoire
ኮንጐ	Congo	noun			ወደ ኮንጐ ሂድ	go to Congo
ኮኮቦች	star	noun			በርካታ ኮኮቦች	plenty of stars
ኮኮዎ	cocoa	noun			ኮኮዎ ዛፍ	cocoa tree
ኳስ	ball	noun			ኳስ መጫወት	play ball
ኳስ	ball	noun			ኳስ ተጫወት	play ball
ወርቅ	gold	noun			ሽቶ እና ወርቅ	fragrance and gold
ወርቅ	gold	science			ወርቅ 79 ፕሮቶኖች አሉት	gold (Au) has 79 protons
ወቅት	when	conjunction		at the time	አንተ በሄድክበት ወቅት እሱ መጣ	he came when you went
ወባ	fever	noun			እሷ ወባ አለባት	she has a fever
ወተት	breast	noun			የጡት ወተት	breast milk
ወታደሮቹ	soldier	noun			ወታደሮቹ እየዘመቱ ነዉ	the soldiers are marching
ወንበር	chair	noun			ወንበሮቹን አስተካክላቸዉ	arrange the chairs
ወንድ	man	noun			ረጅም ወንድ	a tall man
ወንድሜ	brother	noun			ብቸኛ ወንድሜ	my only brother
ወንድም	sibling	noun			የእናቴ ልጅ የእኔ ወንድም እህት ነዉ	my mother's child is my sibling
ወንድሞች	bother	noun			ብዙ ወንድሞች	too much bother
ወይም	or	conjunction			ኮፊ ወይም አማ	Kofi or Ama
ወይኔ	ouch	exclamation			ወይኔ!ያማል	Ouch! It hurts
ወይኔ	oh	exclamation			ወይኔ እህቴ!	oh my sister!
ወደላይ	up	adverb			ወደላይ መቆለፍ	look up
ወደታች	down	adverb			ወደታች ዉረድ	go down
ወፍ	bird	noun			ወፍ ይበራል	a bird flies
ወፍራም	fat	adjective			ወፍራም ጉንጭ	fat cheeks
ዉሀ	water	noun			አንተ ዉሀ ጠጣ	you drink water
ዉልደት	birth	verb			ሁለት ዉልደት መንትዬች	to birth twins
ዉበት	beauty	noun			ዉበት እና ፍቅር	beauty and love
ዉድ	expensive	adjective			በጣም ዉድ ነዉ	it is expensive
ዉድድር	competition	noun			የእግር ኳስ ዉድድር	football competition
ዉጊያ	battle	noun			ወደ ዉጊያ እየሄድን ነዉ	we are going to battle
ዉጤቶች	consequence	noun			የነገሩ ዉጤቶች	its consequences
ዉጪ	abroad	noun			እሷ ወደ ዉጪ ሄደች	she goes abroad
ውሻ	dog	noun			ውሻ ይጮሃል	a dog barks
ዎልፋ	Wolof	noun			ዎልፋ ቋንቋ	Wolof language
ዓመት	year	noun			አዲስ ዓመት መጥቱዋል	a new year has come
ዓረፍተነገር	sentence	noun			ቃላቶች ሲጣመሩ ዓረፍተነገር ይመሰርታሉ	words join to make sentences
ዕሮብ	Wednesday	noun			የዕሮብ ልጆች	Wednesday children
ዘጠና	ninety	adjective		the number 90	ዘጠና ጠርሙሶች	ninety bottles
ዘጠኝ	nine	adjective		The number 9	ዘጠኝ ብርጭቆዋች	Nine bottles
ዛሬ	today	adverb			እሷ ዛሬ ትገባለች	she arrives today
ዛፍ	tree	noun			ዛፍ መትከል	plant a tree
ዜሮ	zero	adjective		A number that indicates nothingness; 0	ከ ዜሮ እስከ ዘጠኝ	From zero to nine
ዝሆን	elephant	noun			ዝሆን በጣም ትልቅ ነዉ	an elephant is very big
ዝርዝር	change	noun			ዝርዝር አለክ?	do you have change?
ዝንብ	fly	noun			ዝንብ ይበራል	a fly flies
የሆነሰዉ	someone	pronoun			የሆነሰዉ እየመጣ ነዉ	someone is coming
የሆነነገር	something	pronoun			የሆነነገር አሳየኝ	show me something
የመሬትመንቀጥቀጥ	earthquake	noun			ትልቅ የመሬትመንቀጥቀጥ	big earthquake
የመጥረጊያእንጨቶች	broomstick	noun			አስር የመጥረጊያእንጨቶች	ten broomsticks
የሚነፍስ	blow	verb			የሚነፍስ አየር	blow air
የሚያስተጋባ	loud	adjective			የሚያስተጋባ አምቡላንስ	loud siren
የሜዳአህዬች	zebra	noun			ሰባት የሜዳአህዬች	seven zebras
የምሽት	evening	noun			የምሽት ምግብ ;እራት	evening meal; dinner
የት	where	adverb			የት ነዉ የምትኖረዉ?	where do you live?
የትልቅደስታ	exultation	noun			የትልቅደስታ ዘፈኖች	songs of exultation
የአንተ	your	possessive		2nd person singular possessive pronoun	የአንተ ቤት	your house
የአዋራማንሻ	dustpan	noun			መጥረጊያ እና የአዋራማንሻ	broom and dustpan
የእርሱ	his	possessive			የእሱር ቤት	his house
የእሱ	its	pronoun			የእሱ ቤት	its house
የእሷ	her	possessive			የእሷ ቤት	her house
የእነሱ	their	possessive			የእነሱ ቤት	their house
የእነሱ	their	possessive			የእነሱ ቤቶች	their house
የእናቴ	mother	noun			የእናቴ ልጅ የእኔ ቤተሰብ ነዉ	my mother's child is my sibling
የእኔ	my	possessive			የእኔ ቤት	my house
የእንቁላል	eggplant	noun			የእንቁላል ሾርባ	eggplant stew
የእኛ	our	possessive			የእኛ ቤት	our house
የእኛ	our	possessive			የእኛ ቤት	our house
የእይንክብ	eyeball	noun			አይን እና የእይንክብ	eye and eyeball
የእግርጣት	toe	noun			የእግርጣት እና ተረከዝ	toe and heel
የወባ ትንኝ	mosquito	noun			የወባ ትንኝ ነከሰችኝ	a mosquito has bitten me
የዉጪሀገር	foreigner	noun			የዉጪሀገር ሰዋቹ ደርሰዋል	the foreigners have arrived
የጆሮጌጥ	earpiece	noun			አዲስ የጆሮጌጥ	new earpiece
የጐንርዝመት	width	noun			ቁመት እና የጐንርዝመት	height and width
የጥርስ ሳሙና	toothpaste	noun			የጥርስ ብሩሰሽ እና የጥርስ ሳሙና	toothbrush and toothpaste
የጥርስቡርሽ	toothbrush	noun			የጥርስቡርሽ እና የጥርስ ሳሙና	toothbrush and toothpaste
የፈጠራወሬዋች	falsification	noun			ዉሸቶች እና የፈጠራወሬዋች	lies and falsifications
ዩርባ	Yoruba	noun			ዩርባ ቋንቋ	Yoruba language
ያመጣል	bring	verb			እሱ መጽሀፍ ያመጣል	he will bring a book
ያምራል	beautiful	adjective			በጣም ያምራል	it is beautiful
ያዘዉ	catch	verb			ኳሱን ያዘዉ	catch the ball
ይቅርባይነት	forgiveness	noun			ፍቅር፣ተቀባይነት እና ይቅርባይነት	love, acceptance and forgiveness
ይናከሳል	bite	verb			ዉሻዉ ይናከሳል	the dog can bite
ይገርማል	wow	exclamation			ይገርማል አመሰግናለሁ	wow! thank you!
ይጨርሱታል	finish	verb			ምግቡን ይጨርሱታል	they will finish the food
ይጫኑ	click	verb			እዚህ ጋር ይጫኑ	click here
ደህና ሁኑ	goodbye	exclamation			ደህና ሁኑ በል/በይ	say goodbye
ደመና	cloud	noun			ነጭ ደመና	a white cloud
ደም	blood	noun			ዉሀ እና ደም	water and blood
ደረቃማዉ ወቅት	dry season	noun			ደረቃማዉ ወቅት መጥቱዋል	the dry season has arrived
ደረቅ	dry	adjective			ደረቅ መሬት	dry land
ደረት	chest	noun			የደረት ጸጉር	chest hair
ደቂቃ	minute	noun			አምስት ደቂቃ	five minutes
ደካማ	weak	adjective			እኔ ደካማ ነኝ	I am weak
ደዉል	bell	noun			የትምህርት ቤት ደዉል	school bell
ዱቄት	flour	noun			የበቆሎ ዱቄት	corn flour
ዲሴምበር	December	noun			ዲሴምበር 31 ቀናቶች አሉት	December has 31 days
ዳሌ	buttocks	noun			ትልቅ ዳሌ	big buttocks
ዳርቻ	corners	noun			ከሁሉም የአለም ዳርቻ	all corners of the world
ዳቦ	bread	noun			ለስላሳ ዳቦ	soft bread
ዳኛ	judge	noun			ሰባት ዳኛ	seven judges
ዳክዬ	duck	noun			ነጭ ዳክዬ	white duck
ዴካጐን	decagon	noun			ዴካጐን አስር አንግሎች አሉት	a decagon has ten angles
ድመት	cat	noun			ድመት ጭራ አላት	a cat has a tail
ድምር	addition	noun			1+ 1 = 2 ;ይህ ድምር ይባላል	1 + 1 = 2; this is addition
ድምፅ	sound	noun			ከፍ ያለ ድምፅ	loud sound
ድኩላ	deer	noun			አንበሳ የድኩላ ስጋ ይወዳል	a lion likes deer meat
ዶሮ	chicken	noun			የዶሮ ስጋ	chicken meat
ዶክተር	doctor	noun			እሷ ዶክተር ናት	she is a doctor
ጀልባ	boat	noun			ቀይ ጀልባ	red boat
ጀግና	brave	adjective			ጀግና ወንድ	brave man
ጁላይ	July	noun			ጁላይ 31 ቀናቶች አሉት	July has 31 days
ጁን	June	noun			ጁን 30 ቀናቶች አሉት	June has 30 days
ጃንዋሪ	January	noun			ጃንዋሪ 31 ቀናቶች አሉት	January has 31 days
ጆሮ	ear	noun			ጆሮ እና አፍንጫ	ear and nose
ገላንመታጠብ	bath	verb			በየእለቱ ጠዋት ላይ ገላንመታጠብ	to bath each morning
ገበሬ	farmer	noun			እሷ ገበሬ ናት	she is a farmer
ገበያ	market	noun			ወደ ገበያ ሂድ	go to market
ጉማሬ	hippopotamus	noun		also called a hippo	ጉማሬ ትልቅ ሆድ አለዉ	a hippopotamus has a big stomach
ጉንዳን	ant	noun			አንድ ሺህ ጉንዳኖች	thousands of ants
ጋሎን	gallon	noun			አንድ ጋሎን ዉሀ	a gallon of water
ጋና	Ghana	noun		a country in Africa	ጋና ሀገር የሚኖሩ ሰዋች ጋናዊያን ይባላሉ	people from Ghana are called Ghanaians
ጋዳንጋሜ	GaDangme	noun		Ga. A West African people; their language	እኔ ጋዳንጋሜ እናገራለሁ	I speak GaDangme
ጋግር	bake	verb			ዳቦ ጋግር	bake bread
ግመሎች	camel	noun			ስድስት ግመሎች	six camels
ግማሽ	half	noun		one out of two equal divisions	አንድ ከ ግማሽ	one and half
ግቤ	Gbe	noun			ግቤ ቋንቋ	Gbe language
ግቦ	bribe	noun			እሱ ግቦ ፈልጓል	he wants a bribe
ግን	so	conjunction			ለምን ግን	why so?
ግንባሩዋ	forehead	noun			ግንባሩዋን ተመልከተዉ	look at her forehead
ግንቦት	May	noun			ግንቦት 31 ቀናቶች አሉት	May has 31 days
ጐልማሳ	adult	noun			እሱ ጐልማሳ ነዉ	he is an adult
ጐራዴ	cutlass	noun			ጐራዴዉን ስጠኝ	give me the cutlass
ጐባጣ	bum	noun			ትልቅ ጐባጣ	large bum
ጐዶሎ	odd	mathadj			1 ጐዶሎ ቁጥር ነዉ	1 is an odd number
ጓሮዉ	backyard	noun			ጓሮዉ ከመጠን በላይ አደገ	the backyard is overgrown
ጓደኛ	friend	noun			የእኔ ጓደኛ	my friend
ጠላቶች	enemy	noun			ጠላቶች ይደክማሉ	enemies will tire
ጠረፔዛ	table	noun			ወንበር እና ጠረፔዛ	chair and table
ጠርሙስ	bottle	noun			ዐምስት ጠርሙስ	five bottles
ጠበቃ	lawyer	noun			አራት ጠበቃ	four lawyers
ጠብቀኝ	meet	verb			ቤት ጠብቀኝ	meet me at home
ጠብታ	drop	noun			ጠብታ በጠብታ ዶሮ ዉሀ ትጠጣለች	drop by drop a chicken drinks water
ጠንካራ	strong	adjective			ጠንካራ ሴት	a strong woman
ጠዋት	morning	noun			በ ጠዋት	early morning
ጣሳ	bucket	noun			ጣሳዉ ያፈሳል	the bucket leaks
ጣት	finger	noun			ጣትህን አሳየኝ	show me your finger
ጣፋጭ	sweet	adjective			ሻይዉ ጣፋጭ ነዉ	the tea is sweet
ጤና	health	noun			ምግብ ጤናን ይሰጣል	food gives health
ጥረት	effort	noun			ጥሩ ጥረት	a good effort
ጥሩ ስራ	well done	exclamation			ጥሩ ስራ	job well done!
ጥርስ	tooth	noun			ነጭ ጥርስ	white tooth
ጥርጥር	doubt	noun			እሷ ጥርጥር አላት	she has doubts
ጥቁር	black	adjective			ጥቁር ልብስ	black cloth
ጥንቸል	rabbit	noun			ነጭ ጥንቸል	a white rabbit
ጥንካሬ	strength	noun			ጥንካሬ እና ሀይል	strength and power
ጥዬዋለሁ	throw	verb			ምግቡ ተበላሽቷል ስለዚህ አዉጥቼ ጥዬዋለሁ	the food is spoilt so I have thrown it away
ጥጃ	cow	noun			የጥጃ ስጋ ; ቢፍ	cow meat; beef
ጥፍሮች	nail	noun		a horny covering of the ends of animal fingers and toes	የእጅ እና የእግር ጥፍሮች	finger and toe nails
ጦማር	blog	noun			የምግብ ጦማር	food blog
ጦጣ	monkey	noun			ጦጣ ሙዝ ይወዳል	a monkey likes bananas
ጨለማ	darkness	noun			ምሽት ጨለማን ያመጣል	night brings darkness
ጨለማ	dark	adjective			ጨለማ ምሽት	dark night
ጨረቃ	moon	noun			ጨረቃ እና ከዋክብት	moon and stars
ጨዋታ	game	noun			ጨዋታ ተጫወት	play a game
ጫማ	shoe	noun		footwear that covers all of the foot	ጫማህን/ሽን ልበስ/ሽ	wear your shoes
ጫካ	forest	noun			ጫካ ዉስጥ ያሉ እንስሶች	animals in the forest
ጭራ	tail	noun			ድመት ጭራ አለዉ	a cat has a tail
ጺም	beard	noun			ረጅም ጺም	long beard
ጽናት	courage	noun			እሷ ጽናት አላት	she has courage
ፀሀይ	sun	noun			ፀሀይዋ እያበራች ነው፡፡	the sun is shining
ፀሀፊ	writer	noun			እኔ ፀሀፊ ነኝ	I am a writer
ፀሎት	prayer	noun			ፀሎት መልካም ነዉ	prayer is good
ፀባይ	character	noun			የእርሷ ፀባይ	her character
ፈረስ	horse	noun			ነጭ ፈረስ	white horse
ፈሷ	fart	noun			ፈሷ በጣም ይሸታል	her fart smells badly
ፈተናዉ	exam	noun			ፈተናዉ ቀላል ነዉ	the exam is easy
ፈጣሪ	creator	noun			ፈጣሪ እግዚአብሄር	creator god
ፊልም	film	noun			የፊልም ተካፋዬች	cast of a film
ፊልም ቤት	cinema	noun			ወደ ፊልም ቤት እየሄድኩኝ ነዉ	I am going to a cinema
ፊቴን	face	noun			ፊቴን ተመልከተዉ	look at my face
ፊኛ	balloon	noun			ሁለት ፊኛዎች	two balloons
ፌቡራሪ	February	noun			ፌቡራሪ 28 ወይም 29 ቀናቶች አሉት	February has 28 or 29 days
ፍሉት	flute	noun			ፍሉት ተጫወት	play the flute
ፍሎሪን	fluorine	science			ፍሎሪን (ኤፍ) 9 ፕሮቶኖች አሉት	fluorine (F) has 9 protons
ፍራፍሬ	fruit	noun			የፕላክ ፍራፍሬ	pluck fruit
ፍሬን	brake	noun			የመኪና ፍሬን	brake of a car
ፍርሀት	fear	noun			ፍርሀት ልቡዋን ሞልቶታል	fear has filled her heart
ፍርድ ቤት	court	noun			ወደ ፍርድ ቤት እየሄድኩኝ ነዉ	I am going to court
ፍቅር	love	noun			ፍቅር እና ሰላም	love and peace
ፍትህ	justice	noun			ነጻነት እና ፍትህ	freedom and justice
ፍየል	goat	noun			ፍየል እና በግ	a goat and a sheep
ፍጥረቶች	creation	noun			ሁሉም ፍጥረቶች	all creation
ፎጣ	towel	noun			እርጥብ ፎጣ	wet towel
ፓርላማ	parliament	noun			ፓርላማ ዉስጥ እንድትገባ ምረጡዋት	elect her to go to parliament
ፓስታ ቤት	post office	noun			ወደ ፓስታ ቤት እየሄድኩኝ ነዉ	I am going to the post office
ፔንታጐን	pentagon	noun			ፔንታጐን አምስት ጐኖች አሉት	a pentagon has five angles
ፕሮግራሙ	event	noun			ፕሮግራሙ ተጀመረ	the event has started
